INFO:root:Started
INFO:neo4j_middleware.neo4jConnector:[neo4j_connector] Running query: MATCH(n:ts20201130T174446) RETURN COUNT(n)...
INFO:neo4j_middleware.neo4jConnector:[neo4j_connector] Query delta: <neo4j._sync.work.result.Result object at 0x0000022839028A30>
INFO:neo4j_middleware.neo4jConnector:[neo4j_connector] Received response. 
INFO:neo4j_middleware.neo4jConnector:[neo4j_connector] Running query: MATCH(n:ts20201130T174446) DETACH DELETE n...
INFO:neo4j_middleware.neo4jConnector:[neo4j_connector] Query delta: <neo4j._sync.work.result.Result object at 0x000002283903FE20>
INFO:neo4j_middleware.neo4jConnector:[neo4j_connector] Received response. 
INFO:neo4j_middleware.neo4jConnector:[neo4j_connector] Running query: MERGE(n25131:ts20201130T174446:SecondaryNode:IfcPresentationLayerAssignment {Nam...
INFO:neo4j_middleware.neo4jConnector:[neo4j_connector] Query delta: <neo4j._sync.work.result.Result object at 0x00000228395BED60>
INFO:neo4j_middleware.neo4jConnector:[neo4j_connector] Received response. 
INFO:neo4j_middleware.neo4jConnector:[neo4j_connector] Running query: MERGE(n25129:ts20201130T174446:SecondaryNode:IfcPresentationLayerAssignment {Nam...
INFO:neo4j_middleware.neo4jConnector:[neo4j_connector] Query delta: <neo4j._sync.work.result.Result object at 0x00000228395C1D30>
INFO:neo4j_middleware.neo4jConnector:[neo4j_connector] Received response. 
INFO:neo4j_middleware.neo4jConnector:[neo4j_connector] Running query: MERGE(n25123:ts20201130T174446:SecondaryNode:IfcPresentationLayerAssignment {Nam...
INFO:neo4j_middleware.neo4jConnector:[neo4j_connector] Query delta: <neo4j._sync.work.result.Result object at 0x00000228395C5130>
INFO:neo4j_middleware.neo4jConnector:[neo4j_connector] Received response. 
INFO:neo4j_middleware.neo4jConnector:[neo4j_connector] Running query: MERGE(n25121:ts20201130T174446:SecondaryNode:IfcPresentationLayerAssignment {Nam...
INFO:neo4j_middleware.neo4jConnector:[neo4j_connector] Query delta: <neo4j._sync.work.result.Result object at 0x00000228395BE820>
INFO:neo4j_middleware.neo4jConnector:[neo4j_connector] Received response. 
INFO:neo4j_middleware.neo4jConnector:[neo4j_connector] Running query: MERGE(n24993:ts20201130T174446:SecondaryNode:IfcShapeRepresentation {Representat...
INFO:neo4j_middleware.neo4jConnector:[neo4j_connector] Query delta: <neo4j._sync.work.result.Result object at 0x00000228395CF940>
INFO:neo4j_middleware.neo4jConnector:[neo4j_connector] Received response. 
INFO:neo4j_middleware.neo4jConnector:[neo4j_connector] Running query: MERGE(n24991:ts20201130T174446:SecondaryNode:IfcAxis2Placement3D {p21_id:24991, ...
INFO:neo4j_middleware.neo4jConnector:[neo4j_connector] Query delta: <neo4j._sync.work.result.Result object at 0x00000228395C5100>
INFO:neo4j_middleware.neo4jConnector:[neo4j_connector] Received response. 
INFO:neo4j_middleware.neo4jConnector:[neo4j_connector] Running query: MERGE(n24989:ts20201130T174446:SecondaryNode:IfcAxis2Placement2D {p21_id:24989, ...
INFO:neo4j_middleware.neo4jConnector:[neo4j_connector] Query delta: <neo4j._sync.work.result.Result object at 0x00000228395C1CD0>
INFO:neo4j_middleware.neo4jConnector:[neo4j_connector] Received response. 
INFO:neo4j_middleware.neo4jConnector:[neo4j_connector] Running query: MERGE(n24974:ts20201130T174446:SecondaryNode:IfcLocalPlacement {p21_id:24974, En...
INFO:neo4j_middleware.neo4jConnector:[neo4j_connector] Query delta: <neo4j._sync.work.result.Result object at 0x000002283904B640>
INFO:neo4j_middleware.neo4jConnector:[neo4j_connector] Received response. 
INFO:neo4j_middleware.neo4jConnector:[neo4j_connector] Running query: MERGE(n24971:ts20201130T174446:SecondaryNode:IfcCartesianPoint {Coordinates:"(10...
INFO:neo4j_middleware.neo4jConnector:[neo4j_connector] Query delta: <neo4j._sync.work.result.Result object at 0x00000228395BEFD0>
INFO:neo4j_middleware.neo4jConnector:[neo4j_connector] Received response. 
INFO:neo4j_middleware.neo4jConnector:[neo4j_connector] Running query: MERGE(n24969:ts20201130T174446:SecondaryNode:IfcProductDefinitionShape {Name:"No...
INFO:neo4j_middleware.neo4jConnector:[neo4j_connector] Query delta: <neo4j._sync.work.result.Result object at 0x00000228395C5820>
INFO:neo4j_middleware.neo4jConnector:[neo4j_connector] Received response. 
INFO:neo4j_middleware.neo4jConnector:[neo4j_connector] Running query: MERGE(n24966:ts20201130T174446:SecondaryNode:IfcExtrudedAreaSolid {Depth:0.1, p2...
INFO:neo4j_middleware.neo4jConnector:[neo4j_connector] Query delta: <neo4j._sync.work.result.Result object at 0x00000228395C5A60>
INFO:neo4j_middleware.neo4jConnector:[neo4j_connector] Received response. 
INFO:neo4j_middleware.neo4jConnector:[neo4j_connector] Running query: MERGE(n24964:ts20201130T174446:SecondaryNode:IfcRectangleProfileDef {ProfileType...
INFO:neo4j_middleware.neo4jConnector:[neo4j_connector] Query delta: <neo4j._sync.work.result.Result object at 0x00000228395C1940>
INFO:neo4j_middleware.neo4jConnector:[neo4j_connector] Received response. 
INFO:neo4j_middleware.neo4jConnector:[neo4j_connector] Running query: MERGE(n24963:ts20201130T174446:SecondaryNode:IfcAxis2Placement2D {p21_id:24963, ...
INFO:neo4j_middleware.neo4jConnector:[neo4j_connector] Query delta: <neo4j._sync.work.result.Result object at 0x00000228395BEB80>
INFO:neo4j_middleware.neo4jConnector:[neo4j_connector] Received response. 
INFO:neo4j_middleware.neo4jConnector:[neo4j_connector] Running query: MERGE(n24961:ts20201130T174446:SecondaryNode:IfcCartesianPoint {Coordinates:"(1....
INFO:neo4j_middleware.neo4jConnector:[neo4j_connector] Query delta: <neo4j._sync.work.result.Result object at 0x00000228395CF0A0>
INFO:neo4j_middleware.neo4jConnector:[neo4j_connector] Received response. 
INFO:neo4j_middleware.neo4jConnector:[neo4j_connector] Running query: MERGE(n24949:ts20201130T174446:PrimaryNode:IfcOpeningElement {GlobalId:"2idC0G3e...
INFO:neo4j_middleware.neo4jConnector:[neo4j_connector] Query delta: <neo4j._sync.work.result.Result object at 0x00000228395CFDC0>
INFO:neo4j_middleware.neo4jConnector:[neo4j_connector] Received response. 
INFO:neo4j_middleware.neo4jConnector:[neo4j_connector] Running query: MERGE(n24948:ts20201130T174446:SecondaryNode:IfcLocalPlacement {p21_id:24948, En...
INFO:neo4j_middleware.neo4jConnector:[neo4j_connector] Query delta: <neo4j._sync.work.result.Result object at 0x00000228395C19D0>
INFO:neo4j_middleware.neo4jConnector:[neo4j_connector] Received response. 
INFO:neo4j_middleware.neo4jConnector:[neo4j_connector] Running query: MERGE(n24947:ts20201130T174446:SecondaryNode:IfcAxis2Placement3D {p21_id:24947, ...
INFO:neo4j_middleware.neo4jConnector:[neo4j_connector] Query delta: <neo4j._sync.work.result.Result object at 0x00000228395C5EB0>
INFO:neo4j_middleware.neo4jConnector:[neo4j_connector] Received response. 
INFO:neo4j_middleware.neo4jConnector:[neo4j_connector] Running query: MERGE(n24941:ts20201130T174446:SecondaryNode:IfcShapeRepresentation {Representat...
INFO:neo4j_middleware.neo4jConnector:[neo4j_connector] Query delta: <neo4j._sync.work.result.Result object at 0x00000228395C5550>
INFO:neo4j_middleware.neo4jConnector:[neo4j_connector] Received response. 
INFO:neo4j_middleware.neo4jConnector:[neo4j_connector] Running query: MERGE(n24940:ts20201130T174446:SecondaryNode:IfcExtrudedAreaSolid {Depth:0.1, p2...
INFO:neo4j_middleware.neo4jConnector:[neo4j_connector] Query delta: <neo4j._sync.work.result.Result object at 0x00000228395C16A0>
INFO:neo4j_middleware.neo4jConnector:[neo4j_connector] Received response. 
INFO:neo4j_middleware.neo4jConnector:[neo4j_connector] Running query: MERGE(n24939:ts20201130T174446:SecondaryNode:IfcAxis2Placement3D {p21_id:24939, ...
INFO:neo4j_middleware.neo4jConnector:[neo4j_connector] Query delta: <neo4j._sync.work.result.Result object at 0x00000228395BE460>
INFO:neo4j_middleware.neo4jConnector:[neo4j_connector] Received response. 
INFO:neo4j_middleware.neo4jConnector:[neo4j_connector] Running query: MERGE(n24931:ts20201130T174446:SecondaryNode:IfcAxis2Placement3D {p21_id:24931, ...
INFO:neo4j_middleware.neo4jConnector:[neo4j_connector] Query delta: <neo4j._sync.work.result.Result object at 0x00000228395CF400>
INFO:neo4j_middleware.neo4jConnector:[neo4j_connector] Received response. 
INFO:neo4j_middleware.neo4jConnector:[neo4j_connector] Running query: MERGE(n24923:ts20201130T174446:PrimaryNode:IfcOpeningElement {GlobalId:"2idC0G3e...
INFO:neo4j_middleware.neo4jConnector:[neo4j_connector] Query delta: <neo4j._sync.work.result.Result object at 0x00000228395CF790>
INFO:neo4j_middleware.neo4jConnector:[neo4j_connector] Received response. 
INFO:neo4j_middleware.neo4jConnector:[neo4j_connector] Running query: MERGE(n24922:ts20201130T174446:SecondaryNode:IfcLocalPlacement {p21_id:24922, En...
INFO:neo4j_middleware.neo4jConnector:[neo4j_connector] Query delta: <neo4j._sync.work.result.Result object at 0x00000228395C1910>
INFO:neo4j_middleware.neo4jConnector:[neo4j_connector] Received response. 
INFO:neo4j_middleware.neo4jConnector:[neo4j_connector] Running query: MERGE(n24919:ts20201130T174446:SecondaryNode:IfcCartesianPoint {Coordinates:"(13...
INFO:neo4j_middleware.neo4jConnector:[neo4j_connector] Query delta: <neo4j._sync.work.result.Result object at 0x00000228395C5FD0>
INFO:neo4j_middleware.neo4jConnector:[neo4j_connector] Received response. 
INFO:neo4j_middleware.neo4jConnector:[neo4j_connector] Running query: MERGE(n24917:ts20201130T174446:SecondaryNode:IfcProductDefinitionShape {Name:"No...
INFO:neo4j_middleware.neo4jConnector:[neo4j_connector] Query delta: <neo4j._sync.work.result.Result object at 0x00000228395C57C0>
INFO:neo4j_middleware.neo4jConnector:[neo4j_connector] Received response. 
INFO:neo4j_middleware.neo4jConnector:[neo4j_connector] Running query: MERGE(n24915:ts20201130T174446:SecondaryNode:IfcShapeRepresentation {Representat...
INFO:neo4j_middleware.neo4jConnector:[neo4j_connector] Query delta: <neo4j._sync.work.result.Result object at 0x00000228395BEEE0>
INFO:neo4j_middleware.neo4jConnector:[neo4j_connector] Received response. 
INFO:neo4j_middleware.neo4jConnector:[neo4j_connector] Running query: MERGE(n24914:ts20201130T174446:SecondaryNode:IfcExtrudedAreaSolid {Depth:0.1, p2...
INFO:neo4j_middleware.neo4jConnector:[neo4j_connector] Query delta: <neo4j._sync.work.result.Result object at 0x00000228390929A0>
INFO:neo4j_middleware.neo4jConnector:[neo4j_connector] Received response. 
INFO:neo4j_middleware.neo4jConnector:[neo4j_connector] Running query: MERGE(n24912:ts20201130T174446:SecondaryNode:IfcRectangleProfileDef {ProfileType...
INFO:neo4j_middleware.neo4jConnector:[neo4j_connector] Query delta: <neo4j._sync.work.result.Result object at 0x00000228395CF280>
INFO:neo4j_middleware.neo4jConnector:[neo4j_connector] Received response. 
INFO:neo4j_middleware.neo4jConnector:[neo4j_connector] Running query: MERGE(n24909:ts20201130T174446:SecondaryNode:IfcCartesianPoint {Coordinates:"(1....
INFO:neo4j_middleware.neo4jConnector:[neo4j_connector] Query delta: <neo4j._sync.work.result.Result object at 0x00000228395BECA0>
INFO:neo4j_middleware.neo4jConnector:[neo4j_connector] Received response. 
INFO:neo4j_middleware.neo4jConnector:[neo4j_connector] Running query: MERGE(n24905:ts20201130T174446:SecondaryNode:IfcAxis2Placement3D {p21_id:24905, ...
INFO:neo4j_middleware.neo4jConnector:[neo4j_connector] Query delta: <neo4j._sync.work.result.Result object at 0x0000022839092550>
INFO:neo4j_middleware.neo4jConnector:[neo4j_connector] Received response. 
INFO:neo4j_middleware.neo4jConnector:[neo4j_connector] Running query: MERGE(n24902:ts20201130T174446:ConnectionNode:IfcRelFillsElement {GlobalId:"12ii...
INFO:neo4j_middleware.neo4jConnector:[neo4j_connector] Query delta: <neo4j._sync.work.result.Result object at 0x00000228395C59D0>
INFO:neo4j_middleware.neo4jConnector:[neo4j_connector] Received response. 
INFO:neo4j_middleware.neo4jConnector:[neo4j_connector] Running query: MERGE(n24897:ts20201130T174446:PrimaryNode:IfcOpeningElement {GlobalId:"2idC0G3e...
INFO:neo4j_middleware.neo4jConnector:[neo4j_connector] Query delta: <neo4j._sync.work.result.Result object at 0x00000228395C57F0>
INFO:neo4j_middleware.neo4jConnector:[neo4j_connector] Received response. 
INFO:neo4j_middleware.neo4jConnector:[neo4j_connector] Running query: MERGE(n24895:ts20201130T174446:SecondaryNode:IfcAxis2Placement3D {p21_id:24895, ...
INFO:neo4j_middleware.neo4jConnector:[neo4j_connector] Query delta: <neo4j._sync.work.result.Result object at 0x00000228390921F0>
INFO:neo4j_middleware.neo4jConnector:[neo4j_connector] Received response. 
INFO:neo4j_middleware.neo4jConnector:[neo4j_connector] Running query: MERGE(n24893:ts20201130T174446:SecondaryNode:IfcCartesianPoint {Coordinates:"(14...
INFO:neo4j_middleware.neo4jConnector:[neo4j_connector] Query delta: <neo4j._sync.work.result.Result object at 0x00000228395BE8E0>
INFO:neo4j_middleware.neo4jConnector:[neo4j_connector] Received response. 
INFO:neo4j_middleware.neo4jConnector:[neo4j_connector] Running query: MERGE(n24887:ts20201130T174446:SecondaryNode:IfcAxis2Placement3D {p21_id:24887, ...
INFO:neo4j_middleware.neo4jConnector:[neo4j_connector] Query delta: <neo4j._sync.work.result.Result object at 0x00000228395CF2E0>
INFO:neo4j_middleware.neo4jConnector:[neo4j_connector] Received response. 
INFO:neo4j_middleware.neo4jConnector:[neo4j_connector] Running query: MERGE(n24886:ts20201130T174446:SecondaryNode:IfcRectangleProfileDef {ProfileType...
INFO:neo4j_middleware.neo4jConnector:[neo4j_connector] Query delta: <neo4j._sync.work.result.Result object at 0x00000228395BE580>
INFO:neo4j_middleware.neo4jConnector:[neo4j_connector] Received response. 
INFO:neo4j_middleware.neo4jConnector:[neo4j_connector] Running query: MERGE(n24883:ts20201130T174446:SecondaryNode:IfcCartesianPoint {Coordinates:"(1....
INFO:neo4j_middleware.neo4jConnector:[neo4j_connector] Query delta: <neo4j._sync.work.result.Result object at 0x0000022839092070>
INFO:neo4j_middleware.neo4jConnector:[neo4j_connector] Received response. 
INFO:neo4j_middleware.neo4jConnector:[neo4j_connector] Running query: MERGE(n24879:ts20201130T174446:SecondaryNode:IfcAxis2Placement3D {p21_id:24879, ...
INFO:neo4j_middleware.neo4jConnector:[neo4j_connector] Query delta: <neo4j._sync.work.result.Result object at 0x00000228395C5940>
INFO:neo4j_middleware.neo4jConnector:[neo4j_connector] Received response. 
INFO:neo4j_middleware.neo4jConnector:[neo4j_connector] Running query: MERGE(n24873:ts20201130T174446:ConnectionNode:IfcRelVoidsElement {GlobalId:"2idC...
INFO:neo4j_middleware.neo4jConnector:[neo4j_connector] Query delta: <neo4j._sync.work.result.Result object at 0x0000022839097C40>
INFO:neo4j_middleware.neo4jConnector:[neo4j_connector] Received response. 
INFO:neo4j_middleware.neo4jConnector:[neo4j_connector] Running query: MERGE(n24868:ts20201130T174446:PrimaryNode:IfcOpeningElement {GlobalId:"2idC0G3e...
INFO:neo4j_middleware.neo4jConnector:[neo4j_connector] Query delta: <neo4j._sync.work.result.Result object at 0x00000228395C5B80>
INFO:neo4j_middleware.neo4jConnector:[neo4j_connector] Received response. 
INFO:neo4j_middleware.neo4jConnector:[neo4j_connector] Running query: MERGE(n24865:ts20201130T174446:SecondaryNode:IfcAxis2Placement3D {p21_id:24865, ...
INFO:neo4j_middleware.neo4jConnector:[neo4j_connector] Query delta: <neo4j._sync.work.result.Result object at 0x0000022839092DF0>
INFO:neo4j_middleware.neo4jConnector:[neo4j_connector] Received response. 
INFO:neo4j_middleware.neo4jConnector:[neo4j_connector] Running query: MERGE(n24863:ts20201130T174446:SecondaryNode:IfcCartesianPoint {Coordinates:"(15...
INFO:neo4j_middleware.neo4jConnector:[neo4j_connector] Query delta: <neo4j._sync.work.result.Result object at 0x00000228395CF580>
INFO:neo4j_middleware.neo4jConnector:[neo4j_connector] Received response. 
INFO:neo4j_middleware.neo4jConnector:[neo4j_connector] Running query: MERGE(n24858:ts20201130T174446:SecondaryNode:IfcExtrudedAreaSolid {Depth:0.1, p2...
INFO:neo4j_middleware.neo4jConnector:[neo4j_connector] Query delta: <neo4j._sync.work.result.Result object at 0x00000228395BE940>
INFO:neo4j_middleware.neo4jConnector:[neo4j_connector] Received response. 
INFO:neo4j_middleware.neo4jConnector:[neo4j_connector] Running query: MERGE(n24856:ts20201130T174446:SecondaryNode:IfcRectangleProfileDef {ProfileType...
INFO:neo4j_middleware.neo4jConnector:[neo4j_connector] Query delta: <neo4j._sync.work.result.Result object at 0x0000022839092C10>
INFO:neo4j_middleware.neo4jConnector:[neo4j_connector] Received response. 
INFO:neo4j_middleware.neo4jConnector:[neo4j_connector] Running query: MERGE(n24853:ts20201130T174446:SecondaryNode:IfcCartesianPoint {Coordinates:"(1....
INFO:neo4j_middleware.neo4jConnector:[neo4j_connector] Query delta: <neo4j._sync.work.result.Result object at 0x00000228395C5E20>
INFO:neo4j_middleware.neo4jConnector:[neo4j_connector] Received response. 
INFO:neo4j_middleware.neo4jConnector:[neo4j_connector] Running query: MERGE(n24850:ts20201130T174446:ConnectionNode:IfcRelConnectsPathElements {Global...
INFO:neo4j_middleware.neo4jConnector:[neo4j_connector] Query delta: <neo4j._sync.work.result.Result object at 0x0000022839097E20>
INFO:neo4j_middleware.neo4jConnector:[neo4j_connector] Received response. 
INFO:neo4j_middleware.neo4jConnector:[neo4j_connector] Running query: MERGE(n24845:ts20201130T174446:ConnectionNode:IfcRelConnectsPathElements {Global...
INFO:neo4j_middleware.neo4jConnector:[neo4j_connector] Query delta: <neo4j._sync.work.result.Result object at 0x00000228395C5550>
INFO:neo4j_middleware.neo4jConnector:[neo4j_connector] Received response. 
INFO:neo4j_middleware.neo4jConnector:[neo4j_connector] Running query: MERGE(n24835:ts20201130T174446:ConnectionNode:IfcRelConnectsPathElements {Global...
INFO:neo4j_middleware.neo4jConnector:[neo4j_connector] Query delta: <neo4j._sync.work.result.Result object at 0x00000228390927F0>
INFO:neo4j_middleware.neo4jConnector:[neo4j_connector] Received response. 
INFO:neo4j_middleware.neo4jConnector:[neo4j_connector] Running query: MERGE(n24826:ts20201130T174446:ConnectionNode:IfcRelDefinesByType {GlobalId:"0w1...
INFO:neo4j_middleware.neo4jConnector:[neo4j_connector] Query delta: <neo4j._sync.work.result.Result object at 0x00000228395BEC10>
INFO:neo4j_middleware.neo4jConnector:[neo4j_connector] Received response. 
INFO:neo4j_middleware.neo4jConnector:[neo4j_connector] Running query: MERGE(n24823:ts20201130T174446:ConnectionNode:IfcRelDefinesByType {GlobalId:"3OH...
INFO:neo4j_middleware.neo4jConnector:[neo4j_connector] Query delta: <neo4j._sync.work.result.Result object at 0x00000228395BEBE0>
INFO:neo4j_middleware.neo4jConnector:[neo4j_connector] Received response. 
INFO:neo4j_middleware.neo4jConnector:[neo4j_connector] Running query: MERGE(n24820:ts20201130T174446:ConnectionNode:IfcRelDefinesByType {GlobalId:"3RR...
INFO:neo4j_middleware.neo4jConnector:[neo4j_connector] Query delta: <neo4j._sync.work.result.Result object at 0x0000022839092D90>
INFO:neo4j_middleware.neo4jConnector:[neo4j_connector] Received response. 
INFO:neo4j_middleware.neo4jConnector:[neo4j_connector] Running query: MERGE(n24808:ts20201130T174446:ConnectionNode:IfcRelDefinesByType {GlobalId:"3$w...
INFO:neo4j_middleware.neo4jConnector:[neo4j_connector] Query delta: <neo4j._sync.work.result.Result object at 0x0000022839097F10>
INFO:neo4j_middleware.neo4jConnector:[neo4j_connector] Received response. 
INFO:neo4j_middleware.neo4jConnector:[neo4j_connector] Running query: MERGE(n24805:ts20201130T174446:ConnectionNode:IfcRelDefinesByType {GlobalId:"35g...
INFO:neo4j_middleware.neo4jConnector:[neo4j_connector] Query delta: <neo4j._sync.work.result.Result object at 0x00000228390995E0>
INFO:neo4j_middleware.neo4jConnector:[neo4j_connector] Received response. 
INFO:neo4j_middleware.neo4jConnector:[neo4j_connector] Running query: MERGE(n24796:ts20201130T174446:ConnectionNode:IfcRelDefinesByType {GlobalId:"1NQ...
INFO:neo4j_middleware.neo4jConnector:[neo4j_connector] Query delta: <neo4j._sync.work.result.Result object at 0x00000228395C53A0>
INFO:neo4j_middleware.neo4jConnector:[neo4j_connector] Received response. 
INFO:neo4j_middleware.neo4jConnector:[neo4j_connector] Running query: MERGE(n24793:ts20201130T174446:ConnectionNode:IfcRelDefinesByType {GlobalId:"36Z...
INFO:neo4j_middleware.neo4jConnector:[neo4j_connector] Query delta: <neo4j._sync.work.result.Result object at 0x0000022839092FD0>
INFO:neo4j_middleware.neo4jConnector:[neo4j_connector] Received response. 
INFO:neo4j_middleware.neo4jConnector:[neo4j_connector] Running query: MERGE(n24778:ts20201130T174446:ConnectionNode:IfcRelDefinesByType {GlobalId:"2F$...
INFO:neo4j_middleware.neo4jConnector:[neo4j_connector] Query delta: <neo4j._sync.work.result.Result object at 0x00000228395BEB80>
INFO:neo4j_middleware.neo4jConnector:[neo4j_connector] Received response. 
INFO:neo4j_middleware.neo4jConnector:[neo4j_connector] Running query: MERGE(n24775:ts20201130T174446:ConnectionNode:IfcRelDefinesByType {GlobalId:"0bP...
INFO:neo4j_middleware.neo4jConnector:[neo4j_connector] Query delta: <neo4j._sync.work.result.Result object at 0x0000022839092F10>
INFO:neo4j_middleware.neo4jConnector:[neo4j_connector] Received response. 
INFO:neo4j_middleware.neo4jConnector:[neo4j_connector] Running query: MERGE(n24763:ts20201130T174446:ConnectionNode:IfcRelDefinesByType {GlobalId:"27Y...
INFO:neo4j_middleware.neo4jConnector:[neo4j_connector] Query delta: <neo4j._sync.work.result.Result object at 0x0000022839097700>
INFO:neo4j_middleware.neo4jConnector:[neo4j_connector] Received response. 
INFO:neo4j_middleware.neo4jConnector:[neo4j_connector] Running query: MERGE(n24757:ts20201130T174446:ConnectionNode:IfcRelDefinesByType {GlobalId:"1KM...
INFO:neo4j_middleware.neo4jConnector:[neo4j_connector] Query delta: <neo4j._sync.work.result.Result object at 0x00000228390A19A0>
INFO:neo4j_middleware.neo4jConnector:[neo4j_connector] Received response. 
INFO:neo4j_middleware.neo4jConnector:[neo4j_connector] Running query: MERGE(n24754:ts20201130T174446:ConnectionNode:IfcRelDefinesByType {GlobalId:"16J...
INFO:neo4j_middleware.neo4jConnector:[neo4j_connector] Query delta: <neo4j._sync.work.result.Result object at 0x00000228390A19A0>
INFO:neo4j_middleware.neo4jConnector:[neo4j_connector] Received response. 
INFO:neo4j_middleware.neo4jConnector:[neo4j_connector] Running query: MERGE(n24719:ts20201130T174446:ConnectionNode:IfcRelAssociatesMaterial {GlobalId...
INFO:neo4j_middleware.neo4jConnector:[neo4j_connector] Query delta: <neo4j._sync.work.result.Result object at 0x00000228395BEDF0>
INFO:neo4j_middleware.neo4jConnector:[neo4j_connector] Received response. 
INFO:neo4j_middleware.neo4jConnector:[neo4j_connector] Running query: MERGE(n24715:ts20201130T174446:ConnectionNode:IfcRelAssociatesMaterial {GlobalId...
INFO:neo4j_middleware.neo4jConnector:[neo4j_connector] Query delta: <neo4j._sync.work.result.Result object at 0x00000228395C56A0>
INFO:neo4j_middleware.neo4jConnector:[neo4j_connector] Received response. 
INFO:neo4j_middleware.neo4jConnector:[neo4j_connector] Running query: MERGE(n24712:ts20201130T174446:ConnectionNode:IfcRelAssociatesMaterial {GlobalId...
INFO:neo4j_middleware.neo4jConnector:[neo4j_connector] Query delta: <neo4j._sync.work.result.Result object at 0x00000228390928B0>
INFO:neo4j_middleware.neo4jConnector:[neo4j_connector] Received response. 
INFO:neo4j_middleware.neo4jConnector:[neo4j_connector] Running query: MERGE(n24706:ts20201130T174446:ConnectionNode:IfcRelAssociatesMaterial {GlobalId...
INFO:neo4j_middleware.neo4jConnector:[neo4j_connector] Query delta: <neo4j._sync.work.result.Result object at 0x00000228395C5EB0>
INFO:neo4j_middleware.neo4jConnector:[neo4j_connector] Received response. 
INFO:neo4j_middleware.neo4jConnector:[neo4j_connector] Running query: MERGE(n24703:ts20201130T174446:ConnectionNode:IfcRelAssociatesMaterial {GlobalId...
INFO:neo4j_middleware.neo4jConnector:[neo4j_connector] Query delta: <neo4j._sync.work.result.Result object at 0x0000022839097D30>
INFO:neo4j_middleware.neo4jConnector:[neo4j_connector] Received response. 
INFO:neo4j_middleware.neo4jConnector:[neo4j_connector] Running query: MERGE(n24700:ts20201130T174446:ConnectionNode:IfcRelAssociatesMaterial {GlobalId...
INFO:neo4j_middleware.neo4jConnector:[neo4j_connector] Query delta: <neo4j._sync.work.result.Result object at 0x00000228390A1FA0>
INFO:neo4j_middleware.neo4jConnector:[neo4j_connector] Received response. 
INFO:neo4j_middleware.neo4jConnector:[neo4j_connector] Running query: MERGE(n24688:ts20201130T174446:ConnectionNode:IfcRelAssociatesMaterial {GlobalId...
INFO:neo4j_middleware.neo4jConnector:[neo4j_connector] Query delta: <neo4j._sync.work.result.Result object at 0x0000022839092100>
INFO:neo4j_middleware.neo4jConnector:[neo4j_connector] Received response. 
INFO:neo4j_middleware.neo4jConnector:[neo4j_connector] Running query: MERGE(n24682:ts20201130T174446:ConnectionNode:IfcRelAssociatesMaterial {GlobalId...
INFO:neo4j_middleware.neo4jConnector:[neo4j_connector] Query delta: <neo4j._sync.work.result.Result object at 0x00000228395C51C0>
INFO:neo4j_middleware.neo4jConnector:[neo4j_connector] Received response. 
INFO:neo4j_middleware.neo4jConnector:[neo4j_connector] Running query: MERGE(n24676:ts20201130T174446:ConnectionNode:IfcRelAssociatesMaterial {GlobalId...
INFO:neo4j_middleware.neo4jConnector:[neo4j_connector] Query delta: <neo4j._sync.work.result.Result object at 0x00000228390A1F10>
INFO:neo4j_middleware.neo4jConnector:[neo4j_connector] Received response. 
INFO:neo4j_middleware.neo4jConnector:[neo4j_connector] Running query: MERGE(n24673:ts20201130T174446:ConnectionNode:IfcRelAssociatesMaterial {GlobalId...
INFO:neo4j_middleware.neo4jConnector:[neo4j_connector] Query delta: <neo4j._sync.work.result.Result object at 0x00000228395BE970>
INFO:neo4j_middleware.neo4jConnector:[neo4j_connector] Received response. 
INFO:neo4j_middleware.neo4jConnector:[neo4j_connector] Running query: MERGE(n24658:ts20201130T174446:ConnectionNode:IfcRelAssociatesMaterial {GlobalId...
INFO:neo4j_middleware.neo4jConnector:[neo4j_connector] Query delta: <neo4j._sync.work.result.Result object at 0x00000228390A14F0>
INFO:neo4j_middleware.neo4jConnector:[neo4j_connector] Received response. 
INFO:neo4j_middleware.neo4jConnector:[neo4j_connector] Running query: MERGE(n24652:ts20201130T174446:ConnectionNode:IfcRelAssociatesMaterial {GlobalId...
INFO:neo4j_middleware.neo4jConnector:[neo4j_connector] Query delta: <neo4j._sync.work.result.Result object at 0x00000228395C5460>
INFO:neo4j_middleware.neo4jConnector:[neo4j_connector] Received response. 
INFO:neo4j_middleware.neo4jConnector:[neo4j_connector] Running query: MERGE(n24646:ts20201130T174446:ConnectionNode:IfcRelAssociatesMaterial {GlobalId...
INFO:neo4j_middleware.neo4jConnector:[neo4j_connector] Query delta: <neo4j._sync.work.result.Result object at 0x0000022839092550>
INFO:neo4j_middleware.neo4jConnector:[neo4j_connector] Received response. 
INFO:neo4j_middleware.neo4jConnector:[neo4j_connector] Running query: MERGE(n24643:ts20201130T174446:ConnectionNode:IfcRelAssociatesMaterial {GlobalId...
INFO:neo4j_middleware.neo4jConnector:[neo4j_connector] Query delta: <neo4j._sync.work.result.Result object at 0x0000022839092EB0>
INFO:neo4j_middleware.neo4jConnector:[neo4j_connector] Received response. 
INFO:neo4j_middleware.neo4jConnector:[neo4j_connector] Running query: MERGE(n24637:ts20201130T174446:ConnectionNode:IfcRelAssociatesMaterial {GlobalId...
INFO:neo4j_middleware.neo4jConnector:[neo4j_connector] Query delta: <neo4j._sync.work.result.Result object at 0x00000228395C5A90>
INFO:neo4j_middleware.neo4jConnector:[neo4j_connector] Received response. 
INFO:neo4j_middleware.neo4jConnector:[neo4j_connector] Running query: MERGE(n24628:ts20201130T174446:ConnectionNode:IfcRelAssociatesMaterial {GlobalId...
INFO:neo4j_middleware.neo4jConnector:[neo4j_connector] Query delta: <neo4j._sync.work.result.Result object at 0x00000228390A1A90>
INFO:neo4j_middleware.neo4jConnector:[neo4j_connector] Received response. 
INFO:neo4j_middleware.neo4jConnector:[neo4j_connector] Running query: MERGE(n24616:ts20201130T174446:ConnectionNode:IfcRelAssociatesMaterial {GlobalId...
INFO:neo4j_middleware.neo4jConnector:[neo4j_connector] Query delta: <neo4j._sync.work.result.Result object at 0x00000228390972B0>
INFO:neo4j_middleware.neo4jConnector:[neo4j_connector] Received response. 
INFO:neo4j_middleware.neo4jConnector:[neo4j_connector] Running query: MERGE(n24598:ts20201130T174446:ConnectionNode:IfcRelAssociatesMaterial {GlobalId...
INFO:neo4j_middleware.neo4jConnector:[neo4j_connector] Query delta: <neo4j._sync.work.result.Result object at 0x00000228390A1280>
INFO:neo4j_middleware.neo4jConnector:[neo4j_connector] Received response. 
INFO:neo4j_middleware.neo4jConnector:[neo4j_connector] Running query: MERGE(n24592:ts20201130T174446:ConnectionNode:IfcRelAssociatesMaterial {GlobalId...
INFO:neo4j_middleware.neo4jConnector:[neo4j_connector] Query delta: <neo4j._sync.work.result.Result object at 0x00000228395C5A30>
INFO:neo4j_middleware.neo4jConnector:[neo4j_connector] Received response. 
INFO:neo4j_middleware.neo4jConnector:[neo4j_connector] Running query: MERGE(n24586:ts20201130T174446:ConnectionNode:IfcRelAssociatesMaterial {GlobalId...
INFO:neo4j_middleware.neo4jConnector:[neo4j_connector] Query delta: <neo4j._sync.work.result.Result object at 0x0000022839092370>
INFO:neo4j_middleware.neo4jConnector:[neo4j_connector] Received response. 
INFO:neo4j_middleware.neo4jConnector:[neo4j_connector] Running query: MERGE(n24577:ts20201130T174446:ConnectionNode:IfcRelAssociatesMaterial {GlobalId...
INFO:neo4j_middleware.neo4jConnector:[neo4j_connector] Query delta: <neo4j._sync.work.result.Result object at 0x0000022839092730>
INFO:neo4j_middleware.neo4jConnector:[neo4j_connector] Received response. 
INFO:neo4j_middleware.neo4jConnector:[neo4j_connector] Running query: MERGE(n24574:ts20201130T174446:ConnectionNode:IfcRelAssociatesMaterial {GlobalId...
INFO:neo4j_middleware.neo4jConnector:[neo4j_connector] Query delta: <neo4j._sync.work.result.Result object at 0x00000228395C57F0>
INFO:neo4j_middleware.neo4jConnector:[neo4j_connector] Received response. 
INFO:neo4j_middleware.neo4jConnector:[neo4j_connector] Running query: MERGE(n24568:ts20201130T174446:ConnectionNode:IfcRelAssociatesMaterial {GlobalId...
INFO:neo4j_middleware.neo4jConnector:[neo4j_connector] Query delta: <neo4j._sync.work.result.Result object at 0x00000228390A1550>
INFO:neo4j_middleware.neo4jConnector:[neo4j_connector] Received response. 
INFO:neo4j_middleware.neo4jConnector:[neo4j_connector] Running query: MERGE(n24562:ts20201130T174446:ConnectionNode:IfcRelAssociatesMaterial {GlobalId...
INFO:neo4j_middleware.neo4jConnector:[neo4j_connector] Query delta: <neo4j._sync.work.result.Result object at 0x00000228395CF5B0>
INFO:neo4j_middleware.neo4jConnector:[neo4j_connector] Received response. 
INFO:neo4j_middleware.neo4jConnector:[neo4j_connector] Running query: MERGE(n24559:ts20201130T174446:ConnectionNode:IfcRelAssociatesMaterial {GlobalId...
INFO:neo4j_middleware.neo4jConnector:[neo4j_connector] Query delta: <neo4j._sync.work.result.Result object at 0x00000228390A1D90>
INFO:neo4j_middleware.neo4jConnector:[neo4j_connector] Received response. 
INFO:neo4j_middleware.neo4jConnector:[neo4j_connector] Running query: MERGE(n24556:ts20201130T174446:ConnectionNode:IfcRelAssociatesMaterial {GlobalId...
INFO:neo4j_middleware.neo4jConnector:[neo4j_connector] Query delta: <neo4j._sync.work.result.Result object at 0x00000228395C5B50>
INFO:neo4j_middleware.neo4jConnector:[neo4j_connector] Received response. 
INFO:neo4j_middleware.neo4jConnector:[neo4j_connector] Running query: MERGE(n24544:ts20201130T174446:SecondaryNode:IfcPropertySet {GlobalId:"29TFpHBYX...
INFO:neo4j_middleware.neo4jConnector:[neo4j_connector] Query delta: <neo4j._sync.work.result.Result object at 0x0000022839092FA0>
INFO:neo4j_middleware.neo4jConnector:[neo4j_connector] Received response. 
INFO:neo4j_middleware.neo4jConnector:[neo4j_connector] Running query: MERGE(n24543:ts20201130T174446:SecondaryNode:IfcPropertySingleValue {Name:"IsLan...
INFO:neo4j_middleware.neo4jConnector:[neo4j_connector] Query delta: <neo4j._sync.work.result.Result object at 0x00000228395CFC40>
INFO:neo4j_middleware.neo4jConnector:[neo4j_connector] Received response. 
INFO:neo4j_middleware.neo4jConnector:[neo4j_connector] Running query: MERGE(n24537:ts20201130T174446:ConnectionNode:IfcRelAggregates {GlobalId:"29TFpH...
INFO:neo4j_middleware.neo4jConnector:[neo4j_connector] Query delta: <neo4j._sync.work.result.Result object at 0x0000022839092850>
INFO:neo4j_middleware.neo4jConnector:[neo4j_connector] Received response. 
INFO:neo4j_middleware.neo4jConnector:[neo4j_connector] Running query: MERGE(n24521:ts20201130T174446:ConnectionNode:IfcRelDefinesByProperties {GlobalI...
INFO:neo4j_middleware.neo4jConnector:[neo4j_connector] Query delta: <neo4j._sync.work.result.Result object at 0x00000228395C5D00>
INFO:neo4j_middleware.neo4jConnector:[neo4j_connector] Received response. 
INFO:neo4j_middleware.neo4jConnector:[neo4j_connector] Running query: MERGE(n24466:ts20201130T174446:ConnectionNode:IfcRelContainedInSpatialStructure ...
INFO:neo4j_middleware.neo4jConnector:[neo4j_connector] Query delta: <neo4j._sync.work.result.Result object at 0x00000228390A61F0>
INFO:neo4j_middleware.neo4jConnector:[neo4j_connector] Received response. 
INFO:neo4j_middleware.neo4jConnector:[neo4j_connector] Running query: MERGE(n24460:ts20201130T174446:SecondaryNode:IfcPropertySet {GlobalId:"29TFpHBYX...
INFO:neo4j_middleware.neo4jConnector:[neo4j_connector] Query delta: <neo4j._sync.work.result.Result object at 0x00000228395CF850>
INFO:neo4j_middleware.neo4jConnector:[neo4j_connector] Received response. 
INFO:neo4j_middleware.neo4jConnector:[neo4j_connector] Running query: MERGE(n24453:ts20201130T174446:SecondaryNode:IfcPropertySet {GlobalId:"2Hot_6d71...
INFO:neo4j_middleware.neo4jConnector:[neo4j_connector] Query delta: <neo4j._sync.work.result.Result object at 0x0000022839092E20>
INFO:neo4j_middleware.neo4jConnector:[neo4j_connector] Received response. 
INFO:neo4j_middleware.neo4jConnector:[neo4j_connector] Running query: MERGE(n24451:ts20201130T174446:SecondaryNode:IfcPropertySet {GlobalId:"0wQknZQiX...
INFO:neo4j_middleware.neo4jConnector:[neo4j_connector] Query delta: <neo4j._sync.work.result.Result object at 0x00000228395C5490>
INFO:neo4j_middleware.neo4jConnector:[neo4j_connector] Received response. 
INFO:neo4j_middleware.neo4jConnector:[neo4j_connector] Running query: MERGE(n24448:ts20201130T174446:ConnectionNode:IfcRelDefinesByProperties {GlobalI...
INFO:neo4j_middleware.neo4jConnector:[neo4j_connector] Query delta: <neo4j._sync.work.result.Result object at 0x00000228390926A0>
INFO:neo4j_middleware.neo4jConnector:[neo4j_connector] Received response. 
INFO:neo4j_middleware.neo4jConnector:[neo4j_connector] Running query: MERGE(n24441:ts20201130T174446:ConnectionNode:IfcRelDefinesByProperties {GlobalI...
INFO:neo4j_middleware.neo4jConnector:[neo4j_connector] Query delta: <neo4j._sync.work.result.Result object at 0x0000022839092D30>
INFO:neo4j_middleware.neo4jConnector:[neo4j_connector] Received response. 
INFO:neo4j_middleware.neo4jConnector:[neo4j_connector] Running query: MERGE(n24437:ts20201130T174446:ConnectionNode:IfcRelDefinesByProperties {GlobalI...
INFO:neo4j_middleware.neo4jConnector:[neo4j_connector] Query delta: <neo4j._sync.work.result.Result object at 0x00000228390A6580>
INFO:neo4j_middleware.neo4jConnector:[neo4j_connector] Received response. 
INFO:neo4j_middleware.neo4jConnector:[neo4j_connector] Running query: MERGE(n24423:ts20201130T174446:ConnectionNode:IfcRelDefinesByProperties {GlobalI...
INFO:neo4j_middleware.neo4jConnector:[neo4j_connector] Query delta: <neo4j._sync.work.result.Result object at 0x00000228390A6850>
INFO:neo4j_middleware.neo4jConnector:[neo4j_connector] Received response. 
INFO:neo4j_middleware.neo4jConnector:[neo4j_connector] Running query: MERGE(n24416:ts20201130T174446:ConnectionNode:IfcRelDefinesByProperties {GlobalI...
INFO:neo4j_middleware.neo4jConnector:[neo4j_connector] Query delta: <neo4j._sync.work.result.Result object at 0x0000022839092F10>
INFO:neo4j_middleware.neo4jConnector:[neo4j_connector] Received response. 
INFO:neo4j_middleware.neo4jConnector:[neo4j_connector] Running query: MERGE(n24413:ts20201130T174446:ConnectionNode:IfcRelDefinesByProperties {GlobalI...
INFO:neo4j_middleware.neo4jConnector:[neo4j_connector] Query delta: <neo4j._sync.work.result.Result object at 0x00000228395C59A0>
INFO:neo4j_middleware.neo4jConnector:[neo4j_connector] Received response. 
INFO:neo4j_middleware.neo4jConnector:[neo4j_connector] Running query: MERGE(n24409:ts20201130T174446:ConnectionNode:IfcRelDefinesByProperties {GlobalI...
INFO:neo4j_middleware.neo4jConnector:[neo4j_connector] Query delta: <neo4j._sync.work.result.Result object at 0x00000228390A13D0>
INFO:neo4j_middleware.neo4jConnector:[neo4j_connector] Received response. 
INFO:neo4j_middleware.neo4jConnector:[neo4j_connector] Running query: MERGE(n24406:ts20201130T174446:ConnectionNode:IfcRelDefinesByProperties {GlobalI...
INFO:neo4j_middleware.neo4jConnector:[neo4j_connector] Query delta: <neo4j._sync.work.result.Result object at 0x00000228395C5460>
INFO:neo4j_middleware.neo4jConnector:[neo4j_connector] Received response. 
INFO:neo4j_middleware.neo4jConnector:[neo4j_connector] Running query: MERGE(n24399:ts20201130T174446:ConnectionNode:IfcRelDefinesByProperties {GlobalI...
INFO:neo4j_middleware.neo4jConnector:[neo4j_connector] Query delta: <neo4j._sync.work.result.Result object at 0x00000228395CF430>
INFO:neo4j_middleware.neo4jConnector:[neo4j_connector] Received response. 
INFO:neo4j_middleware.neo4jConnector:[neo4j_connector] Running query: MERGE(n24395:ts20201130T174446:ConnectionNode:IfcRelDefinesByProperties {GlobalI...
INFO:neo4j_middleware.neo4jConnector:[neo4j_connector] Query delta: <neo4j._sync.work.result.Result object at 0x00000228390A6BB0>
INFO:neo4j_middleware.neo4jConnector:[neo4j_connector] Received response. 
INFO:neo4j_middleware.neo4jConnector:[neo4j_connector] Running query: MERGE(n24392:ts20201130T174446:ConnectionNode:IfcRelDefinesByProperties {GlobalI...
INFO:neo4j_middleware.neo4jConnector:[neo4j_connector] Query delta: <neo4j._sync.work.result.Result object at 0x00000228390A6D00>
INFO:neo4j_middleware.neo4jConnector:[neo4j_connector] Received response. 
INFO:neo4j_middleware.neo4jConnector:[neo4j_connector] Running query: MERGE(n24388:ts20201130T174446:ConnectionNode:IfcRelDefinesByProperties {GlobalI...
INFO:neo4j_middleware.neo4jConnector:[neo4j_connector] Query delta: <neo4j._sync.work.result.Result object at 0x0000022839092730>
INFO:neo4j_middleware.neo4jConnector:[neo4j_connector] Received response. 
INFO:neo4j_middleware.neo4jConnector:[neo4j_connector] Running query: MERGE(n24385:ts20201130T174446:ConnectionNode:IfcRelDefinesByProperties {GlobalI...
INFO:neo4j_middleware.neo4jConnector:[neo4j_connector] Query delta: <neo4j._sync.work.result.Result object at 0x00000228395C5DC0>
INFO:neo4j_middleware.neo4jConnector:[neo4j_connector] Received response. 
INFO:neo4j_middleware.neo4jConnector:[neo4j_connector] Running query: MERGE(n24381:ts20201130T174446:ConnectionNode:IfcRelDefinesByProperties {GlobalI...
INFO:neo4j_middleware.neo4jConnector:[neo4j_connector] Query delta: <neo4j._sync.work.result.Result object at 0x0000022839092BB0>
INFO:neo4j_middleware.neo4jConnector:[neo4j_connector] Received response. 
INFO:neo4j_middleware.neo4jConnector:[neo4j_connector] Running query: MERGE(n24371:ts20201130T174446:ConnectionNode:IfcRelDefinesByProperties {GlobalI...
INFO:neo4j_middleware.neo4jConnector:[neo4j_connector] Query delta: <neo4j._sync.work.result.Result object at 0x00000228390ABFD0>
INFO:neo4j_middleware.neo4jConnector:[neo4j_connector] Received response. 
INFO:neo4j_middleware.neo4jConnector:[neo4j_connector] Running query: MERGE(n24367:ts20201130T174446:ConnectionNode:IfcRelDefinesByProperties {GlobalI...
INFO:neo4j_middleware.neo4jConnector:[neo4j_connector] Query delta: <neo4j._sync.work.result.Result object at 0x00000228390A18B0>
INFO:neo4j_middleware.neo4jConnector:[neo4j_connector] Received response. 
INFO:neo4j_middleware.neo4jConnector:[neo4j_connector] Running query: MERGE(n24357:ts20201130T174446:ConnectionNode:IfcRelDefinesByProperties {GlobalI...
INFO:neo4j_middleware.neo4jConnector:[neo4j_connector] Query delta: <neo4j._sync.work.result.Result object at 0x00000228390A6AC0>
INFO:neo4j_middleware.neo4jConnector:[neo4j_connector] Received response. 
INFO:neo4j_middleware.neo4jConnector:[neo4j_connector] Running query: MERGE(n24353:ts20201130T174446:ConnectionNode:IfcRelDefinesByProperties {GlobalI...
INFO:neo4j_middleware.neo4jConnector:[neo4j_connector] Query delta: <neo4j._sync.work.result.Result object at 0x00000228395C5310>
INFO:neo4j_middleware.neo4jConnector:[neo4j_connector] Received response. 
INFO:neo4j_middleware.neo4jConnector:[neo4j_connector] Running query: MERGE(n24350:ts20201130T174446:ConnectionNode:IfcRelDefinesByProperties {GlobalI...
INFO:neo4j_middleware.neo4jConnector:[neo4j_connector] Query delta: <neo4j._sync.work.result.Result object at 0x00000228390A11C0>
INFO:neo4j_middleware.neo4jConnector:[neo4j_connector] Received response. 
INFO:neo4j_middleware.neo4jConnector:[neo4j_connector] Running query: MERGE(n24343:ts20201130T174446:ConnectionNode:IfcRelDefinesByProperties {GlobalI...
INFO:neo4j_middleware.neo4jConnector:[neo4j_connector] Query delta: <neo4j._sync.work.result.Result object at 0x00000228390A67C0>
INFO:neo4j_middleware.neo4jConnector:[neo4j_connector] Received response. 
INFO:neo4j_middleware.neo4jConnector:[neo4j_connector] Running query: MERGE(n24339:ts20201130T174446:ConnectionNode:IfcRelDefinesByProperties {GlobalI...
INFO:neo4j_middleware.neo4jConnector:[neo4j_connector] Query delta: <neo4j._sync.work.result.Result object at 0x00000228390A1130>
INFO:neo4j_middleware.neo4jConnector:[neo4j_connector] Received response. 
INFO:neo4j_middleware.neo4jConnector:[neo4j_connector] Running query: MERGE(n24329:ts20201130T174446:ConnectionNode:IfcRelDefinesByProperties {GlobalI...
INFO:neo4j_middleware.neo4jConnector:[neo4j_connector] Query delta: <neo4j._sync.work.result.Result object at 0x00000228395C5E20>
INFO:neo4j_middleware.neo4jConnector:[neo4j_connector] Received response. 
INFO:neo4j_middleware.neo4jConnector:[neo4j_connector] Running query: MERGE(n24325:ts20201130T174446:ConnectionNode:IfcRelDefinesByProperties {GlobalI...
INFO:neo4j_middleware.neo4jConnector:[neo4j_connector] Query delta: <neo4j._sync.work.result.Result object at 0x00000228395BEE80>
INFO:neo4j_middleware.neo4jConnector:[neo4j_connector] Received response. 
INFO:neo4j_middleware.neo4jConnector:[neo4j_connector] Running query: MERGE(n24318:ts20201130T174446:ConnectionNode:IfcRelDefinesByProperties {GlobalI...
INFO:neo4j_middleware.neo4jConnector:[neo4j_connector] Query delta: <neo4j._sync.work.result.Result object at 0x00000228395BEEB0>
INFO:neo4j_middleware.neo4jConnector:[neo4j_connector] Received response. 
INFO:neo4j_middleware.neo4jConnector:[neo4j_connector] Running query: MERGE(n24315:ts20201130T174446:ConnectionNode:IfcRelDefinesByProperties {GlobalI...
INFO:neo4j_middleware.neo4jConnector:[neo4j_connector] Query delta: <neo4j._sync.work.result.Result object at 0x00000228395C5070>
INFO:neo4j_middleware.neo4jConnector:[neo4j_connector] Received response. 
INFO:neo4j_middleware.neo4jConnector:[neo4j_connector] Running query: MERGE(n24308:ts20201130T174446:ConnectionNode:IfcRelDefinesByProperties {GlobalI...
INFO:neo4j_middleware.neo4jConnector:[neo4j_connector] Query delta: <neo4j._sync.work.result.Result object at 0x00000228390A1910>
INFO:neo4j_middleware.neo4jConnector:[neo4j_connector] Received response. 
INFO:neo4j_middleware.neo4jConnector:[neo4j_connector] Running query: MERGE(n24301:ts20201130T174446:ConnectionNode:IfcRelDefinesByProperties {GlobalI...
INFO:neo4j_middleware.neo4jConnector:[neo4j_connector] Query delta: <neo4j._sync.work.result.Result object at 0x00000228395CE610>
INFO:neo4j_middleware.neo4jConnector:[neo4j_connector] Received response. 
INFO:neo4j_middleware.neo4jConnector:[neo4j_connector] Running query: MERGE(n24297:ts20201130T174446:ConnectionNode:IfcRelDefinesByProperties {GlobalI...
INFO:neo4j_middleware.neo4jConnector:[neo4j_connector] Query delta: <neo4j._sync.work.result.Result object at 0x00000228390A1DC0>
INFO:neo4j_middleware.neo4jConnector:[neo4j_connector] Received response. 
INFO:neo4j_middleware.neo4jConnector:[neo4j_connector] Running query: MERGE(n24283:ts20201130T174446:ConnectionNode:IfcRelDefinesByProperties {GlobalI...
INFO:neo4j_middleware.neo4jConnector:[neo4j_connector] Query delta: <neo4j._sync.work.result.Result object at 0x00000228395C5B80>
INFO:neo4j_middleware.neo4jConnector:[neo4j_connector] Received response. 
INFO:neo4j_middleware.neo4jConnector:[neo4j_connector] Running query: MERGE(n24273:ts20201130T174446:ConnectionNode:IfcRelDefinesByProperties {GlobalI...
INFO:neo4j_middleware.neo4jConnector:[neo4j_connector] Query delta: <neo4j._sync.work.result.Result object at 0x00000228395BED00>
INFO:neo4j_middleware.neo4jConnector:[neo4j_connector] Received response. 
INFO:neo4j_middleware.neo4jConnector:[neo4j_connector] Running query: MERGE(n24269:ts20201130T174446:ConnectionNode:IfcRelDefinesByProperties {GlobalI...
INFO:neo4j_middleware.neo4jConnector:[neo4j_connector] Query delta: <neo4j._sync.work.result.Result object at 0x00000228395CE2B0>
INFO:neo4j_middleware.neo4jConnector:[neo4j_connector] Received response. 
INFO:neo4j_middleware.neo4jConnector:[neo4j_connector] Running query: MERGE(n24262:ts20201130T174446:ConnectionNode:IfcRelDefinesByProperties {GlobalI...
INFO:neo4j_middleware.neo4jConnector:[neo4j_connector] Query delta: <neo4j._sync.work.result.Result object at 0x00000228395C5820>
INFO:neo4j_middleware.neo4jConnector:[neo4j_connector] Received response. 
INFO:neo4j_middleware.neo4jConnector:[neo4j_connector] Running query: MERGE(n24259:ts20201130T174446:ConnectionNode:IfcRelDefinesByProperties {GlobalI...
INFO:neo4j_middleware.neo4jConnector:[neo4j_connector] Query delta: <neo4j._sync.work.result.Result object at 0x00000228390A1F70>
INFO:neo4j_middleware.neo4jConnector:[neo4j_connector] Received response. 
INFO:neo4j_middleware.neo4jConnector:[neo4j_connector] Running query: MERGE(n24255:ts20201130T174446:ConnectionNode:IfcRelDefinesByProperties {GlobalI...
INFO:neo4j_middleware.neo4jConnector:[neo4j_connector] Query delta: <neo4j._sync.work.result.Result object at 0x00000228390A65E0>
INFO:neo4j_middleware.neo4jConnector:[neo4j_connector] Received response. 
INFO:neo4j_middleware.neo4jConnector:[neo4j_connector] Running query: MERGE(n24248:ts20201130T174446:ConnectionNode:IfcRelDefinesByProperties {GlobalI...
INFO:neo4j_middleware.neo4jConnector:[neo4j_connector] Query delta: <neo4j._sync.work.result.Result object at 0x00000228390A1DF0>
INFO:neo4j_middleware.neo4jConnector:[neo4j_connector] Received response. 
INFO:neo4j_middleware.neo4jConnector:[neo4j_connector] Running query: MERGE(n24245:ts20201130T174446:ConnectionNode:IfcRelDefinesByProperties {GlobalI...
INFO:neo4j_middleware.neo4jConnector:[neo4j_connector] Query delta: <neo4j._sync.work.result.Result object at 0x00000228395C5FD0>
INFO:neo4j_middleware.neo4jConnector:[neo4j_connector] Received response. 
INFO:neo4j_middleware.neo4jConnector:[neo4j_connector] Running query: MERGE(n24231:ts20201130T174446:ConnectionNode:IfcRelDefinesByProperties {GlobalI...
INFO:neo4j_middleware.neo4jConnector:[neo4j_connector] Query delta: <neo4j._sync.work.result.Result object at 0x00000228395CE700>
INFO:neo4j_middleware.neo4jConnector:[neo4j_connector] Received response. 
INFO:neo4j_middleware.neo4jConnector:[neo4j_connector] Running query: MERGE(n24224:ts20201130T174446:ConnectionNode:IfcRelDefinesByProperties {GlobalI...
INFO:neo4j_middleware.neo4jConnector:[neo4j_connector] Query delta: <neo4j._sync.work.result.Result object at 0x00000228395CF550>
INFO:neo4j_middleware.neo4jConnector:[neo4j_connector] Received response. 
INFO:neo4j_middleware.neo4jConnector:[neo4j_connector] Running query: MERGE(n24220:ts20201130T174446:ConnectionNode:IfcRelDefinesByProperties {GlobalI...
INFO:neo4j_middleware.neo4jConnector:[neo4j_connector] Query delta: <neo4j._sync.work.result.Result object at 0x00000228395BE490>
INFO:neo4j_middleware.neo4jConnector:[neo4j_connector] Received response. 
INFO:neo4j_middleware.neo4jConnector:[neo4j_connector] Running query: MERGE(n24217:ts20201130T174446:ConnectionNode:IfcRelDefinesByProperties {GlobalI...
INFO:neo4j_middleware.neo4jConnector:[neo4j_connector] Query delta: <neo4j._sync.work.result.Result object at 0x00000228395C5460>
INFO:neo4j_middleware.neo4jConnector:[neo4j_connector] Received response. 
INFO:neo4j_middleware.neo4jConnector:[neo4j_connector] Running query: MERGE(n24213:ts20201130T174446:ConnectionNode:IfcRelDefinesByProperties {GlobalI...
INFO:neo4j_middleware.neo4jConnector:[neo4j_connector] Query delta: <neo4j._sync.work.result.Result object at 0x00000228390A1A00>
INFO:neo4j_middleware.neo4jConnector:[neo4j_connector] Received response. 
INFO:neo4j_middleware.neo4jConnector:[neo4j_connector] Running query: MERGE(n24210:ts20201130T174446:ConnectionNode:IfcRelDefinesByProperties {GlobalI...
INFO:neo4j_middleware.neo4jConnector:[neo4j_connector] Query delta: <neo4j._sync.work.result.Result object at 0x00000228390A16D0>
INFO:neo4j_middleware.neo4jConnector:[neo4j_connector] Received response. 
INFO:neo4j_middleware.neo4jConnector:[neo4j_connector] Running query: MERGE(n24185:ts20201130T174446:ConnectionNode:IfcRelDefinesByProperties {GlobalI...
INFO:neo4j_middleware.neo4jConnector:[neo4j_connector] Query delta: <neo4j._sync.work.result.Result object at 0x00000228395C5BB0>
INFO:neo4j_middleware.neo4jConnector:[neo4j_connector] Received response. 
INFO:neo4j_middleware.neo4jConnector:[neo4j_connector] Running query: MERGE(n24175:ts20201130T174446:ConnectionNode:IfcRelDefinesByProperties {GlobalI...
INFO:neo4j_middleware.neo4jConnector:[neo4j_connector] Query delta: <neo4j._sync.work.result.Result object at 0x00000228395CE370>
INFO:neo4j_middleware.neo4jConnector:[neo4j_connector] Received response. 
INFO:neo4j_middleware.neo4jConnector:[neo4j_connector] Running query: MERGE(n24168:ts20201130T174446:ConnectionNode:IfcRelDefinesByProperties {GlobalI...
INFO:neo4j_middleware.neo4jConnector:[neo4j_connector] Query delta: <neo4j._sync.work.result.Result object at 0x00000228395CF430>
INFO:neo4j_middleware.neo4jConnector:[neo4j_connector] Received response. 
INFO:neo4j_middleware.neo4jConnector:[neo4j_connector] Running query: MERGE(n24157:ts20201130T174446:ConnectionNode:IfcRelDefinesByProperties {GlobalI...
INFO:neo4j_middleware.neo4jConnector:[neo4j_connector] Query delta: <neo4j._sync.work.result.Result object at 0x00000228395BE610>
INFO:neo4j_middleware.neo4jConnector:[neo4j_connector] Received response. 
INFO:neo4j_middleware.neo4jConnector:[neo4j_connector] Running query: MERGE(n24147:ts20201130T174446:ConnectionNode:IfcRelDefinesByProperties {GlobalI...
INFO:neo4j_middleware.neo4jConnector:[neo4j_connector] Query delta: <neo4j._sync.work.result.Result object at 0x00000228395C5460>
INFO:neo4j_middleware.neo4jConnector:[neo4j_connector] Received response. 
INFO:neo4j_middleware.neo4jConnector:[neo4j_connector] Running query: MERGE(n24138:ts20201130T174446:SecondaryNode:IfcPropertySingleValue {Name:"Span"...
INFO:neo4j_middleware.neo4jConnector:[neo4j_connector] Query delta: <neo4j._sync.work.result.Result object at 0x00000228390A2640>
INFO:neo4j_middleware.neo4jConnector:[neo4j_connector] Received response. 
INFO:neo4j_middleware.neo4jConnector:[neo4j_connector] Running query: MERGE(n24133:ts20201130T174446:SecondaryNode:IfcPropertySingleValue {Name:"Span"...
INFO:neo4j_middleware.neo4jConnector:[neo4j_connector] Query delta: <neo4j._sync.work.result.Result object at 0x0000022838034250>
INFO:neo4j_middleware.neo4jConnector:[neo4j_connector] Received response. 
INFO:neo4j_middleware.neo4jConnector:[neo4j_connector] Running query: MERGE(n24128:ts20201130T174446:SecondaryNode:IfcPropertySingleValue {Name:"Span"...
INFO:neo4j_middleware.neo4jConnector:[neo4j_connector] Query delta: <neo4j._sync.work.result.Result object at 0x00000228395BE7C0>
INFO:neo4j_middleware.neo4jConnector:[neo4j_connector] Received response. 
INFO:neo4j_middleware.neo4jConnector:[neo4j_connector] Running query: MERGE(n24124:ts20201130T174446:SecondaryNode:IfcPropertySet {GlobalId:"1s5utE$rD...
INFO:neo4j_middleware.neo4jConnector:[neo4j_connector] Query delta: <neo4j._sync.work.result.Result object at 0x00000228395CFA30>
INFO:neo4j_middleware.neo4jConnector:[neo4j_connector] Received response. 
INFO:neo4j_middleware.neo4jConnector:[neo4j_connector] Running query: MERGE(n24123:ts20201130T174446:SecondaryNode:IfcPropertySingleValue {Name:"Span"...
INFO:neo4j_middleware.neo4jConnector:[neo4j_connector] Query delta: <neo4j._sync.work.result.Result object at 0x00000228390A2460>
INFO:neo4j_middleware.neo4jConnector:[neo4j_connector] Received response. 
INFO:neo4j_middleware.neo4jConnector:[neo4j_connector] Running query: MERGE(n24118:ts20201130T174446:SecondaryNode:IfcPropertySingleValue {Name:"Span"...
INFO:neo4j_middleware.neo4jConnector:[neo4j_connector] Query delta: <neo4j._sync.work.result.Result object at 0x00000228395CED00>
INFO:neo4j_middleware.neo4jConnector:[neo4j_connector] Received response. 
INFO:neo4j_middleware.neo4jConnector:[neo4j_connector] Running query: MERGE(n24113:ts20201130T174446:SecondaryNode:IfcPropertySingleValue {Name:"Span"...
INFO:neo4j_middleware.neo4jConnector:[neo4j_connector] Query delta: <neo4j._sync.work.result.Result object at 0x00000228395C5AF0>
INFO:neo4j_middleware.neo4jConnector:[neo4j_connector] Received response. 
INFO:neo4j_middleware.neo4jConnector:[neo4j_connector] Running query: MERGE(n24109:ts20201130T174446:SecondaryNode:IfcPropertySet {GlobalId:"1s5utE$rD...
INFO:neo4j_middleware.neo4jConnector:[neo4j_connector] Query delta: <neo4j._sync.work.result.Result object at 0x00000228390A1310>
INFO:neo4j_middleware.neo4jConnector:[neo4j_connector] Received response. 
INFO:neo4j_middleware.neo4jConnector:[neo4j_connector] Running query: MERGE(n24108:ts20201130T174446:SecondaryNode:IfcPropertySingleValue {Name:"Span"...
INFO:neo4j_middleware.neo4jConnector:[neo4j_connector] Query delta: <neo4j._sync.work.result.Result object at 0x00000228390A17F0>
INFO:neo4j_middleware.neo4jConnector:[neo4j_connector] Received response. 
INFO:neo4j_middleware.neo4jConnector:[neo4j_connector] Running query: MERGE(n24106:ts20201130T174446:SecondaryNode:IfcPropertySet {GlobalId:"1HlwzEHjX...
INFO:neo4j_middleware.neo4jConnector:[neo4j_connector] Query delta: <neo4j._sync.work.result.Result object at 0x00000228395BE370>
INFO:neo4j_middleware.neo4jConnector:[neo4j_connector] Received response. 
INFO:neo4j_middleware.neo4jConnector:[neo4j_connector] Running query: MERGE(n24104:ts20201130T174446:SecondaryNode:IfcPropertySet {GlobalId:"1s5utE$rD...
INFO:neo4j_middleware.neo4jConnector:[neo4j_connector] Query delta: <neo4j._sync.work.result.Result object at 0x00000228395CF490>
INFO:neo4j_middleware.neo4jConnector:[neo4j_connector] Received response. 
INFO:neo4j_middleware.neo4jConnector:[neo4j_connector] Running query: MERGE(n24094:ts20201130T174446:SecondaryNode:IfcPropertySet {GlobalId:"1s5utE$rD...
INFO:neo4j_middleware.neo4jConnector:[neo4j_connector] Query delta: <neo4j._sync.work.result.Result object at 0x00000228395C5880>
INFO:neo4j_middleware.neo4jConnector:[neo4j_connector] Received response. 
INFO:neo4j_middleware.neo4jConnector:[neo4j_connector] Running query: MERGE(n24093:ts20201130T174446:SecondaryNode:IfcPropertySingleValue {Name:"Span"...
INFO:neo4j_middleware.neo4jConnector:[neo4j_connector] Query delta: <neo4j._sync.work.result.Result object at 0x00000228390A1310>
INFO:neo4j_middleware.neo4jConnector:[neo4j_connector] Received response. 
INFO:neo4j_middleware.neo4jConnector:[neo4j_connector] Running query: MERGE(n24089:ts20201130T174446:SecondaryNode:IfcPropertySet {GlobalId:"1s5utE$rD...
INFO:neo4j_middleware.neo4jConnector:[neo4j_connector] Query delta: <neo4j._sync.work.result.Result object at 0x00000228390A2160>
INFO:neo4j_middleware.neo4jConnector:[neo4j_connector] Received response. 
INFO:neo4j_middleware.neo4jConnector:[neo4j_connector] Running query: MERGE(n24086:ts20201130T174446:SecondaryNode:IfcPropertySet {GlobalId:"2BDbOTe79...
INFO:neo4j_middleware.neo4jConnector:[neo4j_connector] Query delta: <neo4j._sync.work.result.Result object at 0x00000228395CF940>
INFO:neo4j_middleware.neo4jConnector:[neo4j_connector] Received response. 
INFO:neo4j_middleware.neo4jConnector:[neo4j_connector] Running query: MERGE(n24079:ts20201130T174446:SecondaryNode:IfcPropertySet {GlobalId:"1s5utE$rD...
INFO:neo4j_middleware.neo4jConnector:[neo4j_connector] Query delta: <neo4j._sync.work.result.Result object at 0x00000228395CFD30>
INFO:neo4j_middleware.neo4jConnector:[neo4j_connector] Received response. 
INFO:neo4j_middleware.neo4jConnector:[neo4j_connector] Running query: MERGE(n24078:ts20201130T174446:SecondaryNode:IfcPropertySingleValue {Name:"Span"...
INFO:neo4j_middleware.neo4jConnector:[neo4j_connector] Query delta: <neo4j._sync.work.result.Result object at 0x00000228390A20A0>
INFO:neo4j_middleware.neo4jConnector:[neo4j_connector] Received response. 
INFO:neo4j_middleware.neo4jConnector:[neo4j_connector] Running query: MERGE(n24074:ts20201130T174446:SecondaryNode:IfcPropertySet {GlobalId:"1s5utE$rD...
INFO:neo4j_middleware.neo4jConnector:[neo4j_connector] Query delta: <neo4j._sync.work.result.Result object at 0x00000228395C5640>
INFO:neo4j_middleware.neo4jConnector:[neo4j_connector] Received response. 
INFO:neo4j_middleware.neo4jConnector:[neo4j_connector] Running query: MERGE(n24071:ts20201130T174446:SecondaryNode:IfcPropertySet {GlobalId:"3O3Vo_MoD...
INFO:neo4j_middleware.neo4jConnector:[neo4j_connector] Query delta: <neo4j._sync.work.result.Result object at 0x00000228395C53A0>
INFO:neo4j_middleware.neo4jConnector:[neo4j_connector] Received response. 
INFO:neo4j_middleware.neo4jConnector:[neo4j_connector] Running query: MERGE(n24064:ts20201130T174446:SecondaryNode:IfcPropertySet {GlobalId:"1s5utE$rD...
INFO:neo4j_middleware.neo4jConnector:[neo4j_connector] Query delta: <neo4j._sync.work.result.Result object at 0x00000228390A1790>
INFO:neo4j_middleware.neo4jConnector:[neo4j_connector] Received response. 
INFO:neo4j_middleware.neo4jConnector:[neo4j_connector] Running query: MERGE(n24063:ts20201130T174446:SecondaryNode:IfcPropertySingleValue {Name:"Span"...
INFO:neo4j_middleware.neo4jConnector:[neo4j_connector] Query delta: <neo4j._sync.work.result.Result object at 0x00000228390A2550>
INFO:neo4j_middleware.neo4jConnector:[neo4j_connector] Received response. 
INFO:neo4j_middleware.neo4jConnector:[neo4j_connector] Running query: MERGE(n24059:ts20201130T174446:SecondaryNode:IfcPropertySet {GlobalId:"1s5utE$rD...
INFO:neo4j_middleware.neo4jConnector:[neo4j_connector] Query delta: <neo4j._sync.work.result.Result object at 0x00000228395CF970>
INFO:neo4j_middleware.neo4jConnector:[neo4j_connector] Received response. 
INFO:neo4j_middleware.neo4jConnector:[neo4j_connector] Running query: MERGE(n24053:ts20201130T174446:SecondaryNode:IfcPropertySingleValue {Name:"Span"...
INFO:neo4j_middleware.neo4jConnector:[neo4j_connector] Query delta: <neo4j._sync.work.result.Result object at 0x00000228390A2C10>
INFO:neo4j_middleware.neo4jConnector:[neo4j_connector] Received response. 
INFO:neo4j_middleware.neo4jConnector:[neo4j_connector] Running query: MERGE(n24049:ts20201130T174446:SecondaryNode:IfcPropertySet {GlobalId:"1s5utE$rD...
INFO:neo4j_middleware.neo4jConnector:[neo4j_connector] Query delta: <neo4j._sync.work.result.Result object at 0x00000228390A1FD0>
INFO:neo4j_middleware.neo4jConnector:[neo4j_connector] Received response. 
INFO:neo4j_middleware.neo4jConnector:[neo4j_connector] Running query: MERGE(n24048:ts20201130T174446:SecondaryNode:IfcPropertySingleValue {Name:"Span"...
INFO:neo4j_middleware.neo4jConnector:[neo4j_connector] Query delta: <neo4j._sync.work.result.Result object at 0x00000228395C5A00>
INFO:neo4j_middleware.neo4jConnector:[neo4j_connector] Received response. 
INFO:neo4j_middleware.neo4jConnector:[neo4j_connector] Running query: MERGE(n24044:ts20201130T174446:SecondaryNode:IfcPropertySet {GlobalId:"1s5utE$rD...
INFO:neo4j_middleware.neo4jConnector:[neo4j_connector] Query delta: <neo4j._sync.work.result.Result object at 0x000002283800A940>
INFO:neo4j_middleware.neo4jConnector:[neo4j_connector] Received response. 
INFO:neo4j_middleware.neo4jConnector:[neo4j_connector] Running query: MERGE(n24038:ts20201130T174446:SecondaryNode:IfcPropertySingleValue {Name:"Span"...
INFO:neo4j_middleware.neo4jConnector:[neo4j_connector] Query delta: <neo4j._sync.work.result.Result object at 0x00000228390A1A60>
INFO:neo4j_middleware.neo4jConnector:[neo4j_connector] Received response. 
INFO:neo4j_middleware.neo4jConnector:[neo4j_connector] Running query: MERGE(n24034:ts20201130T174446:SecondaryNode:IfcPropertySet {GlobalId:"1s5utE$rD...
INFO:neo4j_middleware.neo4jConnector:[neo4j_connector] Query delta: <neo4j._sync.work.result.Result object at 0x00000228390A2700>
INFO:neo4j_middleware.neo4jConnector:[neo4j_connector] Received response. 
INFO:neo4j_middleware.neo4jConnector:[neo4j_connector] Running query: MERGE(n24033:ts20201130T174446:SecondaryNode:IfcPropertySingleValue {Name:"Span"...
INFO:neo4j_middleware.neo4jConnector:[neo4j_connector] Query delta: <neo4j._sync.work.result.Result object at 0x00000228395CFB80>
INFO:neo4j_middleware.neo4jConnector:[neo4j_connector] Received response. 
INFO:neo4j_middleware.neo4jConnector:[neo4j_connector] Running query: MERGE(n24029:ts20201130T174446:SecondaryNode:IfcPropertySet {GlobalId:"1s5utE$rD...
INFO:neo4j_middleware.neo4jConnector:[neo4j_connector] Query delta: <neo4j._sync.work.result.Result object at 0x00000228390A2610>
INFO:neo4j_middleware.neo4jConnector:[neo4j_connector] Received response. 
INFO:neo4j_middleware.neo4jConnector:[neo4j_connector] Running query: MERGE(n24023:ts20201130T174446:SecondaryNode:IfcPropertySingleValue {Name:"Span"...
INFO:neo4j_middleware.neo4jConnector:[neo4j_connector] Query delta: <neo4j._sync.work.result.Result object at 0x00000228390A1970>
INFO:neo4j_middleware.neo4jConnector:[neo4j_connector] Received response. 
INFO:neo4j_middleware.neo4jConnector:[neo4j_connector] Running query: MERGE(n24019:ts20201130T174446:SecondaryNode:IfcPropertySet {GlobalId:"1s5utE$rD...
INFO:neo4j_middleware.neo4jConnector:[neo4j_connector] Query delta: <neo4j._sync.work.result.Result object at 0x00000228395C5D90>
INFO:neo4j_middleware.neo4jConnector:[neo4j_connector] Received response. 
INFO:neo4j_middleware.neo4jConnector:[neo4j_connector] Running query: MERGE(n24014:ts20201130T174446:SecondaryNode:IfcPropertySet {GlobalId:"1s5utE$rD...
INFO:neo4j_middleware.neo4jConnector:[neo4j_connector] Query delta: <neo4j._sync.work.result.Result object at 0x00000228395CEBE0>
INFO:neo4j_middleware.neo4jConnector:[neo4j_connector] Received response. 
INFO:neo4j_middleware.neo4jConnector:[neo4j_connector] Running query: MERGE(n24008:ts20201130T174446:SecondaryNode:IfcPropertySingleValue {Name:"Span"...
INFO:neo4j_middleware.neo4jConnector:[neo4j_connector] Query delta: <neo4j._sync.work.result.Result object at 0x00000228395C5CD0>
INFO:neo4j_middleware.neo4jConnector:[neo4j_connector] Received response. 
INFO:neo4j_middleware.neo4jConnector:[neo4j_connector] Running query: MERGE(n24004:ts20201130T174446:SecondaryNode:IfcPropertySet {GlobalId:"1s5utE$rD...
INFO:neo4j_middleware.neo4jConnector:[neo4j_connector] Query delta: <neo4j._sync.work.result.Result object at 0x00000228390A1D30>
INFO:neo4j_middleware.neo4jConnector:[neo4j_connector] Received response. 
INFO:neo4j_middleware.neo4jConnector:[neo4j_connector] Running query: MERGE(n23999:ts20201130T174446:SecondaryNode:IfcPropertySet {GlobalId:"1s5utE$rD...
INFO:neo4j_middleware.neo4jConnector:[neo4j_connector] Query delta: <neo4j._sync.work.result.Result object at 0x00000228395CFA30>
INFO:neo4j_middleware.neo4jConnector:[neo4j_connector] Received response. 
INFO:neo4j_middleware.neo4jConnector:[neo4j_connector] Running query: MERGE(n23993:ts20201130T174446:SecondaryNode:IfcPropertySingleValue {Name:"Span"...
INFO:neo4j_middleware.neo4jConnector:[neo4j_connector] Query delta: <neo4j._sync.work.result.Result object at 0x00000228390A2A60>
INFO:neo4j_middleware.neo4jConnector:[neo4j_connector] Received response. 
INFO:neo4j_middleware.neo4jConnector:[neo4j_connector] Running query: MERGE(n23989:ts20201130T174446:SecondaryNode:IfcPropertySet {GlobalId:"1s5utE$rD...
INFO:neo4j_middleware.neo4jConnector:[neo4j_connector] Query delta: <neo4j._sync.work.result.Result object at 0x00000228390A16D0>
INFO:neo4j_middleware.neo4jConnector:[neo4j_connector] Received response. 
INFO:neo4j_middleware.neo4jConnector:[neo4j_connector] Running query: MERGE(n23984:ts20201130T174446:SecondaryNode:IfcPropertySet {GlobalId:"1s5utE$rD...
INFO:neo4j_middleware.neo4jConnector:[neo4j_connector] Query delta: <neo4j._sync.work.result.Result object at 0x00000228395BED90>
INFO:neo4j_middleware.neo4jConnector:[neo4j_connector] Received response. 
INFO:neo4j_middleware.neo4jConnector:[neo4j_connector] Running query: MERGE(n23978:ts20201130T174446:SecondaryNode:IfcPropertySingleValue {Name:"Therm...
INFO:neo4j_middleware.neo4jConnector:[neo4j_connector] Query delta: <neo4j._sync.work.result.Result object at 0x00000228395CEBE0>
INFO:neo4j_middleware.neo4jConnector:[neo4j_connector] Received response. 
INFO:neo4j_middleware.neo4jConnector:[neo4j_connector] Running query: MERGE(n23974:ts20201130T174446:SecondaryNode:IfcPropertySet {GlobalId:"1s5utE$rD...
INFO:neo4j_middleware.neo4jConnector:[neo4j_connector] Query delta: <neo4j._sync.work.result.Result object at 0x00000228395C56A0>
INFO:neo4j_middleware.neo4jConnector:[neo4j_connector] Received response. 
INFO:neo4j_middleware.neo4jConnector:[neo4j_connector] Running query: MERGE(n23964:ts20201130T174446:SecondaryNode:IfcPropertySet {GlobalId:"1s5utE$rD...
INFO:neo4j_middleware.neo4jConnector:[neo4j_connector] Query delta: <neo4j._sync.work.result.Result object at 0x00000228390A1D90>
INFO:neo4j_middleware.neo4jConnector:[neo4j_connector] Received response. 
INFO:neo4j_middleware.neo4jConnector:[neo4j_connector] Running query: MERGE(n23963:ts20201130T174446:SecondaryNode:IfcPropertySingleValue {Name:"Therm...
INFO:neo4j_middleware.neo4jConnector:[neo4j_connector] Query delta: <neo4j._sync.work.result.Result object at 0x00000228395CF310>
INFO:neo4j_middleware.neo4jConnector:[neo4j_connector] Received response. 
INFO:neo4j_middleware.neo4jConnector:[neo4j_connector] Running query: MERGE(n23959:ts20201130T174446:SecondaryNode:IfcPropertySet {GlobalId:"1s5utE$rD...
INFO:neo4j_middleware.neo4jConnector:[neo4j_connector] Query delta: <neo4j._sync.work.result.Result object at 0x00000228390A2A30>
INFO:neo4j_middleware.neo4jConnector:[neo4j_connector] Received response. 
INFO:neo4j_middleware.neo4jConnector:[neo4j_connector] Running query: MERGE(n23949:ts20201130T174446:SecondaryNode:IfcPropertySet {GlobalId:"1s5utE$rD...
INFO:neo4j_middleware.neo4jConnector:[neo4j_connector] Query delta: <neo4j._sync.work.result.Result object at 0x00000228395C5790>
INFO:neo4j_middleware.neo4jConnector:[neo4j_connector] Received response. 
INFO:neo4j_middleware.neo4jConnector:[neo4j_connector] Running query: MERGE(n23948:ts20201130T174446:SecondaryNode:IfcPropertySingleValue {Name:"Therm...
INFO:neo4j_middleware.neo4jConnector:[neo4j_connector] Query delta: <neo4j._sync.work.result.Result object at 0x00000228395BE790>
INFO:neo4j_middleware.neo4jConnector:[neo4j_connector] Received response. 
INFO:neo4j_middleware.neo4jConnector:[neo4j_connector] Running query: MERGE(n23944:ts20201130T174446:SecondaryNode:IfcPropertySet {GlobalId:"1s5utE$rD...
INFO:neo4j_middleware.neo4jConnector:[neo4j_connector] Query delta: <neo4j._sync.work.result.Result object at 0x00000228395CEBE0>
INFO:neo4j_middleware.neo4jConnector:[neo4j_connector] Received response. 
INFO:neo4j_middleware.neo4jConnector:[neo4j_connector] Running query: MERGE(n23941:ts20201130T174446:SecondaryNode:IfcPropertySet {GlobalId:"08L1EPC_X...
INFO:neo4j_middleware.neo4jConnector:[neo4j_connector] Query delta: <neo4j._sync.work.result.Result object at 0x00000228395C5820>
INFO:neo4j_middleware.neo4jConnector:[neo4j_connector] Received response. 
INFO:neo4j_middleware.neo4jConnector:[neo4j_connector] Running query: MERGE(n23934:ts20201130T174446:SecondaryNode:IfcPropertySet {GlobalId:"1s5utE$rD...
INFO:neo4j_middleware.neo4jConnector:[neo4j_connector] Query delta: <neo4j._sync.work.result.Result object at 0x00000228390A1490>
INFO:neo4j_middleware.neo4jConnector:[neo4j_connector] Received response. 
INFO:neo4j_middleware.neo4jConnector:[neo4j_connector] Running query: MERGE(n23933:ts20201130T174446:SecondaryNode:IfcPropertySingleValue {Name:"Therm...
INFO:neo4j_middleware.neo4jConnector:[neo4j_connector] Query delta: <neo4j._sync.work.result.Result object at 0x00000228390A2E50>
INFO:neo4j_middleware.neo4jConnector:[neo4j_connector] Received response. 
INFO:neo4j_middleware.neo4jConnector:[neo4j_connector] Running query: MERGE(n23929:ts20201130T174446:SecondaryNode:IfcPropertySet {GlobalId:"1s5utE$rD...
INFO:neo4j_middleware.neo4jConnector:[neo4j_connector] Query delta: <neo4j._sync.work.result.Result object at 0x00000228390A25E0>
INFO:neo4j_middleware.neo4jConnector:[neo4j_connector] Received response. 
INFO:neo4j_middleware.neo4jConnector:[neo4j_connector] Running query: MERGE(n23926:ts20201130T174446:SecondaryNode:IfcPropertySet {GlobalId:"22yU8ylSr...
INFO:neo4j_middleware.neo4jConnector:[neo4j_connector] Query delta: <neo4j._sync.work.result.Result object at 0x00000228395C50A0>
INFO:neo4j_middleware.neo4jConnector:[neo4j_connector] Received response. 
INFO:neo4j_middleware.neo4jConnector:[neo4j_connector] Running query: MERGE(n23922:ts20201130T174446:SecondaryNode:IfcPropertySingleValue {Name:"Refer...
INFO:neo4j_middleware.neo4jConnector:[neo4j_connector] Query delta: <neo4j._sync.work.result.Result object at 0x00000228395BEC40>
INFO:neo4j_middleware.neo4jConnector:[neo4j_connector] Received response. 
INFO:neo4j_middleware.neo4jConnector:[neo4j_connector] Running query: MERGE(n23870:ts20201130T174446:SecondaryNode:IfcPropertySet {GlobalId:"1ZuV8uoVX...
INFO:neo4j_middleware.neo4jConnector:[neo4j_connector] Query delta: <neo4j._sync.work.result.Result object at 0x0000022838014130>
INFO:neo4j_middleware.neo4jConnector:[neo4j_connector] Received response. 
INFO:neo4j_middleware.neo4jConnector:[neo4j_connector] Running query: MERGE(n23865:ts20201130T174446:PrimaryNode:IfcMember {GlobalId:"1s5utE$rDDfRKgzV...
INFO:neo4j_middleware.neo4jConnector:[neo4j_connector] Query delta: <neo4j._sync.work.result.Result object at 0x00000228390A1940>
INFO:neo4j_middleware.neo4jConnector:[neo4j_connector] Received response. 
INFO:neo4j_middleware.neo4jConnector:[neo4j_connector] Running query: MERGE(n23863:ts20201130T174446:SecondaryNode:IfcAxis2Placement3D {p21_id:23863, ...
INFO:neo4j_middleware.neo4jConnector:[neo4j_connector] Query delta: <neo4j._sync.work.result.Result object at 0x0000022839097A30>
INFO:neo4j_middleware.neo4jConnector:[neo4j_connector] Received response. 
INFO:neo4j_middleware.neo4jConnector:[neo4j_connector] Running query: MERGE(n23859:ts20201130T174446:SecondaryNode:IfcAxis2Placement3D {p21_id:23859, ...
INFO:neo4j_middleware.neo4jConnector:[neo4j_connector] Query delta: <neo4j._sync.work.result.Result object at 0x00000228390A2790>
INFO:neo4j_middleware.neo4jConnector:[neo4j_connector] Received response. 
INFO:neo4j_middleware.neo4jConnector:[neo4j_connector] Running query: MERGE(n23855:ts20201130T174446:SecondaryNode:IfcProductDefinitionShape {Name:"No...
INFO:neo4j_middleware.neo4jConnector:[neo4j_connector] Query delta: <neo4j._sync.work.result.Result object at 0x00000228390A16D0>
INFO:neo4j_middleware.neo4jConnector:[neo4j_connector] Received response. 
INFO:neo4j_middleware.neo4jConnector:[neo4j_connector] Running query: MERGE(n23848:ts20201130T174446:SecondaryNode:IfcRepresentationMap {p21_id:23848,...
INFO:neo4j_middleware.neo4jConnector:[neo4j_connector] Query delta: <neo4j._sync.work.result.Result object at 0x00000228390975E0>
INFO:neo4j_middleware.neo4jConnector:[neo4j_connector] Received response. 
INFO:neo4j_middleware.neo4jConnector:[neo4j_connector] Running query: MERGE(n23842:ts20201130T174446:SecondaryNode:IfcStyledItem {Name:"None", p21_id:...
INFO:neo4j_middleware.neo4jConnector:[neo4j_connector] Query delta: <neo4j._sync.work.result.Result object at 0x00000228380146A0>
INFO:neo4j_middleware.neo4jConnector:[neo4j_connector] Received response. 
INFO:neo4j_middleware.neo4jConnector:[neo4j_connector] Running query: MERGE(n23840:ts20201130T174446:SecondaryNode:IfcAxis2Placement3D {p21_id:23840, ...
INFO:neo4j_middleware.neo4jConnector:[neo4j_connector] Query delta: <neo4j._sync.work.result.Result object at 0x00000228390A23A0>
INFO:neo4j_middleware.neo4jConnector:[neo4j_connector] Received response. 
INFO:neo4j_middleware.neo4jConnector:[neo4j_connector] Running query: MERGE(n23837:ts20201130T174446:SecondaryNode:IfcRectangleProfileDef {ProfileType...
INFO:neo4j_middleware.neo4jConnector:[neo4j_connector] Query delta: <neo4j._sync.work.result.Result object at 0x00000228395C5BB0>
INFO:neo4j_middleware.neo4jConnector:[neo4j_connector] Received response. 
INFO:neo4j_middleware.neo4jConnector:[neo4j_connector] Running query: MERGE(n23829:ts20201130T174446:PrimaryNode:IfcMember {GlobalId:"1s5utE$rDDfRKgzV...
INFO:neo4j_middleware.neo4jConnector:[neo4j_connector] Query delta: <neo4j._sync.work.result.Result object at 0x0000022839097A90>
INFO:neo4j_middleware.neo4jConnector:[neo4j_connector] Received response. 
INFO:neo4j_middleware.neo4jConnector:[neo4j_connector] Running query: MERGE(n24999:ts20201130T174446:SecondaryNode:IfcAxis2Placement3D {p21_id:24999, ...
INFO:neo4j_middleware.neo4jConnector:[neo4j_connector] Query delta: <neo4j._sync.work.result.Result object at 0x00000228390A6340>
INFO:neo4j_middleware.neo4jConnector:[neo4j_connector] Received response. 
INFO:neo4j_middleware.neo4jConnector:[neo4j_connector] Running query: MERGE(n23827:ts20201130T174446:SecondaryNode:IfcAxis2Placement3D {p21_id:23827, ...
INFO:neo4j_middleware.neo4jConnector:[neo4j_connector] Query delta: <neo4j._sync.work.result.Result object at 0x00000228390A1F70>
INFO:neo4j_middleware.neo4jConnector:[neo4j_connector] Received response. 
INFO:neo4j_middleware.neo4jConnector:[neo4j_connector] Running query: MERGE(n23825:ts20201130T174446:SecondaryNode:IfcCartesianPoint {Coordinates:"(-0...
INFO:neo4j_middleware.neo4jConnector:[neo4j_connector] Query delta: <neo4j._sync.work.result.Result object at 0x000002283800A940>
INFO:neo4j_middleware.neo4jConnector:[neo4j_connector] Received response. 
INFO:neo4j_middleware.neo4jConnector:[neo4j_connector] Running query: MERGE(n23819:ts20201130T174446:SecondaryNode:IfcProductDefinitionShape {Name:"No...
INFO:neo4j_middleware.neo4jConnector:[neo4j_connector] Query delta: <neo4j._sync.work.result.Result object at 0x00000228390A2940>
INFO:neo4j_middleware.neo4jConnector:[neo4j_connector] Received response. 
INFO:neo4j_middleware.neo4jConnector:[neo4j_connector] Running query: MERGE(n23804:ts20201130T174446:SecondaryNode:IfcAxis2Placement3D {p21_id:23804, ...
INFO:neo4j_middleware.neo4jConnector:[neo4j_connector] Query delta: <neo4j._sync.work.result.Result object at 0x00000228395BEA00>
INFO:neo4j_middleware.neo4jConnector:[neo4j_connector] Received response. 
INFO:neo4j_middleware.neo4jConnector:[neo4j_connector] Running query: MERGE(n23792:ts20201130T174446:SecondaryNode:IfcMappedItem {p21_id:23792, Entity...
INFO:neo4j_middleware.neo4jConnector:[neo4j_connector] Query delta: <neo4j._sync.work.result.Result object at 0x00000228395C5D30>
INFO:neo4j_middleware.neo4jConnector:[neo4j_connector] Received response. 
INFO:neo4j_middleware.neo4jConnector:[neo4j_connector] Running query: MERGE(n23789:ts20201130T174446:SecondaryNode:IfcRepresentationMap {p21_id:23789,...
INFO:neo4j_middleware.neo4jConnector:[neo4j_connector] Query delta: <neo4j._sync.work.result.Result object at 0x0000022839097A90>
INFO:neo4j_middleware.neo4jConnector:[neo4j_connector] Received response. 
INFO:neo4j_middleware.neo4jConnector:[neo4j_connector] Running query: MERGE(n23788:ts20201130T174446:SecondaryNode:IfcAxis2Placement3D {p21_id:23788, ...
INFO:neo4j_middleware.neo4jConnector:[neo4j_connector] Query delta: <neo4j._sync.work.result.Result object at 0x00000228390A17C0>
INFO:neo4j_middleware.neo4jConnector:[neo4j_connector] Received response. 
INFO:neo4j_middleware.neo4jConnector:[neo4j_connector] Running query: MERGE(n23782:ts20201130T174446:SecondaryNode:IfcExtrudedAreaSolid {Depth:1.81249...
INFO:neo4j_middleware.neo4jConnector:[neo4j_connector] Query delta: <neo4j._sync.work.result.Result object at 0x00000228390A1310>
INFO:neo4j_middleware.neo4jConnector:[neo4j_connector] Received response. 
INFO:neo4j_middleware.neo4jConnector:[neo4j_connector] Running query: MERGE(n23781:ts20201130T174446:SecondaryNode:IfcAxis2Placement3D {p21_id:23781, ...
INFO:neo4j_middleware.neo4jConnector:[neo4j_connector] Query delta: <neo4j._sync.work.result.Result object at 0x00000228395C5280>
INFO:neo4j_middleware.neo4jConnector:[neo4j_connector] Received response. 
INFO:neo4j_middleware.neo4jConnector:[neo4j_connector] Running query: MERGE(n23777:ts20201130T174446:SecondaryNode:IfcAxis2Placement2D {p21_id:23777, ...
INFO:neo4j_middleware.neo4jConnector:[neo4j_connector] Query delta: <neo4j._sync.work.result.Result object at 0x00000228390A2700>
INFO:neo4j_middleware.neo4jConnector:[neo4j_connector] Received response. 
INFO:neo4j_middleware.neo4jConnector:[neo4j_connector] Running query: MERGE(n25001:ts20201130T174446:PrimaryNode:IfcOpeningElement {GlobalId:"2idC0G3e...
INFO:neo4j_middleware.neo4jConnector:[neo4j_connector] Query delta: <neo4j._sync.work.result.Result object at 0x00000228395BE760>
INFO:neo4j_middleware.neo4jConnector:[neo4j_connector] Received response. 
INFO:neo4j_middleware.neo4jConnector:[neo4j_connector] Running query: MERGE(n23773:ts20201130T174446:SecondaryNode:IfcAxis2Placement3D {p21_id:23773, ...
INFO:neo4j_middleware.neo4jConnector:[neo4j_connector] Query delta: <neo4j._sync.work.result.Result object at 0x00000228395C5640>
INFO:neo4j_middleware.neo4jConnector:[neo4j_connector] Received response. 
INFO:neo4j_middleware.neo4jConnector:[neo4j_connector] Running query: MERGE(n23766:ts20201130T174446:SecondaryNode:IfcPropertySet {GlobalId:"05Se9Df6j...
INFO:neo4j_middleware.neo4jConnector:[neo4j_connector] Query delta: <neo4j._sync.work.result.Result object at 0x0000022839097430>
INFO:neo4j_middleware.neo4jConnector:[neo4j_connector] Received response. 
INFO:neo4j_middleware.neo4jConnector:[neo4j_connector] Running query: MERGE(n23763:ts20201130T174446:PrimaryNode:IfcMember {GlobalId:"1s5utE$rDDfRKgzV...
INFO:neo4j_middleware.neo4jConnector:[neo4j_connector] Query delta: <neo4j._sync.work.result.Result object at 0x00000228390A1580>
INFO:neo4j_middleware.neo4jConnector:[neo4j_connector] Received response. 
INFO:neo4j_middleware.neo4jConnector:[neo4j_connector] Running query: MERGE(n25004:ts20201130T174446:ConnectionNode:IfcRelVoidsElement {GlobalId:"2idC...
INFO:neo4j_middleware.neo4jConnector:[neo4j_connector] Query delta: <neo4j._sync.work.result.Result object at 0x00000228390A1BB0>
INFO:neo4j_middleware.neo4jConnector:[neo4j_connector] Received response. 
INFO:neo4j_middleware.neo4jConnector:[neo4j_connector] Running query: MERGE(n23759:ts20201130T174446:SecondaryNode:IfcCartesianPoint {Coordinates:"(-4...
INFO:neo4j_middleware.neo4jConnector:[neo4j_connector] Query delta: <neo4j._sync.work.result.Result object at 0x00000228395C5F10>
INFO:neo4j_middleware.neo4jConnector:[neo4j_connector] Received response. 
INFO:neo4j_middleware.neo4jConnector:[neo4j_connector] Running query: MERGE(n23758:ts20201130T174446:SecondaryNode:IfcLocalPlacement {p21_id:23758, En...
INFO:neo4j_middleware.neo4jConnector:[neo4j_connector] Query delta: <neo4j._sync.work.result.Result object at 0x00000228390A2EB0>
INFO:neo4j_middleware.neo4jConnector:[neo4j_connector] Received response. 
INFO:neo4j_middleware.neo4jConnector:[neo4j_connector] Running query: MERGE(n23747:ts20201130T174446:PrimaryNode:IfcMemberType {GlobalId:"2pFZenn1bDyQ...
INFO:neo4j_middleware.neo4jConnector:[neo4j_connector] Query delta: <neo4j._sync.work.result.Result object at 0x00000228395CE730>
INFO:neo4j_middleware.neo4jConnector:[neo4j_connector] Received response. 
INFO:neo4j_middleware.neo4jConnector:[neo4j_connector] Running query: MERGE(n23743:ts20201130T174446:SecondaryNode:IfcShapeRepresentation {Representat...
INFO:neo4j_middleware.neo4jConnector:[neo4j_connector] Query delta: <neo4j._sync.work.result.Result object at 0x00000228390A2F40>
INFO:neo4j_middleware.neo4jConnector:[neo4j_connector] Received response. 
INFO:neo4j_middleware.neo4jConnector:[neo4j_connector] Running query: MERGE(n23739:ts20201130T174446:SecondaryNode:IfcExtrudedAreaSolid {Depth:1.78750...
INFO:neo4j_middleware.neo4jConnector:[neo4j_connector] Query delta: <neo4j._sync.work.result.Result object at 0x0000022839097100>
INFO:neo4j_middleware.neo4jConnector:[neo4j_connector] Received response. 
INFO:neo4j_middleware.neo4jConnector:[neo4j_connector] Running query: MERGE(n23735:ts20201130T174446:SecondaryNode:IfcRectangleProfileDef {ProfileType...
INFO:neo4j_middleware.neo4jConnector:[neo4j_connector] Query delta: <neo4j._sync.work.result.Result object at 0x00000228390A1A00>
INFO:neo4j_middleware.neo4jConnector:[neo4j_connector] Received response. 
INFO:neo4j_middleware.neo4jConnector:[neo4j_connector] Running query: MERGE(n23732:ts20201130T174446:SecondaryNode:IfcCartesianPoint {Coordinates:"(0....
INFO:neo4j_middleware.neo4jConnector:[neo4j_connector] Query delta: <neo4j._sync.work.result.Result object at 0x0000022839097910>
INFO:neo4j_middleware.neo4jConnector:[neo4j_connector] Received response. 
INFO:neo4j_middleware.neo4jConnector:[neo4j_connector] Running query: MERGE(n25006:ts20201130T174446:ConnectionNode:IfcRelFillsElement {GlobalId:"3N3H...
INFO:neo4j_middleware.neo4jConnector:[neo4j_connector] Query delta: <neo4j._sync.work.result.Result object at 0x00000228395C5430>
INFO:neo4j_middleware.neo4jConnector:[neo4j_connector] Received response. 
INFO:neo4j_middleware.neo4jConnector:[neo4j_connector] Running query: MERGE(n25009:ts20201130T174446:SecondaryNode:IfcAxis2Placement3D {p21_id:25009, ...
INFO:neo4j_middleware.neo4jConnector:[neo4j_connector] Query delta: <neo4j._sync.work.result.Result object at 0x00000228395BE550>
INFO:neo4j_middleware.neo4jConnector:[neo4j_connector] Received response. 
INFO:neo4j_middleware.neo4jConnector:[neo4j_connector] Running query: MERGE(n23725:ts20201130T174446:SecondaryNode:IfcAxis2Placement3D {p21_id:23725, ...
INFO:neo4j_middleware.neo4jConnector:[neo4j_connector] Query delta: <neo4j._sync.work.result.Result object at 0x00000228395CE7C0>
INFO:neo4j_middleware.neo4jConnector:[neo4j_connector] Received response. 
INFO:neo4j_middleware.neo4jConnector:[neo4j_connector] Running query: MERGE(n23722:ts20201130T174446:SecondaryNode:IfcLocalPlacement {p21_id:23722, En...
INFO:neo4j_middleware.neo4jConnector:[neo4j_connector] Query delta: <neo4j._sync.work.result.Result object at 0x00000228390A2F40>
INFO:neo4j_middleware.neo4jConnector:[neo4j_connector] Received response. 
INFO:neo4j_middleware.neo4jConnector:[neo4j_connector] Running query: MERGE(n23717:ts20201130T174446:SecondaryNode:IfcProductDefinitionShape {Name:"No...
INFO:neo4j_middleware.neo4jConnector:[neo4j_connector] Query delta: <neo4j._sync.work.result.Result object at 0x0000022839097CA0>
INFO:neo4j_middleware.neo4jConnector:[neo4j_connector] Received response. 
INFO:neo4j_middleware.neo4jConnector:[neo4j_connector] Running query: MERGE(n23714:ts20201130T174446:SecondaryNode:IfcMappedItem {p21_id:23714, Entity...
INFO:neo4j_middleware.neo4jConnector:[neo4j_connector] Query delta: <neo4j._sync.work.result.Result object at 0x00000228390A12E0>
INFO:neo4j_middleware.neo4jConnector:[neo4j_connector] Received response. 
INFO:neo4j_middleware.neo4jConnector:[neo4j_connector] Running query: MERGE(n23709:ts20201130T174446:SecondaryNode:IfcPropertySet {GlobalId:"12ou$qO7T...
INFO:neo4j_middleware.neo4jConnector:[neo4j_connector] Query delta: <neo4j._sync.work.result.Result object at 0x00000228390976D0>
INFO:neo4j_middleware.neo4jConnector:[neo4j_connector] Received response. 
INFO:neo4j_middleware.neo4jConnector:[neo4j_connector] Running query: MERGE(n23707:ts20201130T174446:SecondaryNode:IfcPropertySet {GlobalId:"2rZj_evdH...
INFO:neo4j_middleware.neo4jConnector:[neo4j_connector] Query delta: <neo4j._sync.work.result.Result object at 0x00000228395C5EE0>
INFO:neo4j_middleware.neo4jConnector:[neo4j_connector] Received response. 
INFO:neo4j_middleware.neo4jConnector:[neo4j_connector] Running query: MERGE(n23699:ts20201130T174446:SecondaryNode:IfcLocalPlacement {p21_id:23699, En...
INFO:neo4j_middleware.neo4jConnector:[neo4j_connector] Query delta: <neo4j._sync.work.result.Result object at 0x00000228395BEA90>
INFO:neo4j_middleware.neo4jConnector:[neo4j_connector] Received response. 
INFO:neo4j_middleware.neo4jConnector:[neo4j_connector] Running query: MERGE(n23694:ts20201130T174446:SecondaryNode:IfcProductDefinitionShape {Name:"No...
INFO:neo4j_middleware.neo4jConnector:[neo4j_connector] Query delta: <neo4j._sync.work.result.Result object at 0x0000022838014E50>
INFO:neo4j_middleware.neo4jConnector:[neo4j_connector] Received response. 
INFO:neo4j_middleware.neo4jConnector:[neo4j_connector] Running query: MERGE(n23692:ts20201130T174446:SecondaryNode:IfcShapeRepresentation {Representat...
INFO:neo4j_middleware.neo4jConnector:[neo4j_connector] Query delta: <neo4j._sync.work.result.Result object at 0x0000022839097F10>
INFO:neo4j_middleware.neo4jConnector:[neo4j_connector] Received response. 
INFO:neo4j_middleware.neo4jConnector:[neo4j_connector] Running query: MERGE(n23688:ts20201130T174446:PrimaryNode:IfcMemberType {GlobalId:"2wrQh2Uxb38e...
INFO:neo4j_middleware.neo4jConnector:[neo4j_connector] Query delta: <neo4j._sync.work.result.Result object at 0x00000228395CFA90>
INFO:neo4j_middleware.neo4jConnector:[neo4j_connector] Received response. 
INFO:neo4j_middleware.neo4jConnector:[neo4j_connector] Running query: MERGE(n23684:ts20201130T174446:SecondaryNode:IfcShapeRepresentation {Representat...
INFO:neo4j_middleware.neo4jConnector:[neo4j_connector] Query delta: <neo4j._sync.work.result.Result object at 0x00000228395CE6D0>
INFO:neo4j_middleware.neo4jConnector:[neo4j_connector] Received response. 
INFO:neo4j_middleware.neo4jConnector:[neo4j_connector] Running query: MERGE(n23680:ts20201130T174446:SecondaryNode:IfcExtrudedAreaSolid {Depth:1.81249...
INFO:neo4j_middleware.neo4jConnector:[neo4j_connector] Query delta: <neo4j._sync.work.result.Result object at 0x00000228390A1490>
INFO:neo4j_middleware.neo4jConnector:[neo4j_connector] Received response. 
INFO:neo4j_middleware.neo4jConnector:[neo4j_connector] Running query: MERGE(n23679:ts20201130T174446:SecondaryNode:IfcAxis2Placement3D {p21_id:23679, ...
INFO:neo4j_middleware.neo4jConnector:[neo4j_connector] Query delta: <neo4j._sync.work.result.Result object at 0x00000228395CF0D0>
INFO:neo4j_middleware.neo4jConnector:[neo4j_connector] Received response. 
INFO:neo4j_middleware.neo4jConnector:[neo4j_connector] Running query: MERGE(n23677:ts20201130T174446:SecondaryNode:IfcCartesianPoint {Coordinates:"(-0...
INFO:neo4j_middleware.neo4jConnector:[neo4j_connector] Query delta: <neo4j._sync.work.result.Result object at 0x000002283800A940>
INFO:neo4j_middleware.neo4jConnector:[neo4j_connector] Received response. 
INFO:neo4j_middleware.neo4jConnector:[neo4j_connector] Running query: MERGE(n23673:ts20201130T174446:SecondaryNode:IfcCartesianPoint {Coordinates:"(0....
INFO:neo4j_middleware.neo4jConnector:[neo4j_connector] Query delta: <neo4j._sync.work.result.Result object at 0x000002283800A940>
INFO:neo4j_middleware.neo4jConnector:[neo4j_connector] Received response. 
INFO:neo4j_middleware.neo4jConnector:[neo4j_connector] Running query: MERGE(n25015:ts20201130T174446:SecondaryNode:IfcAxis2Placement2D {p21_id:25015, ...
INFO:neo4j_middleware.neo4jConnector:[neo4j_connector] Query delta: <neo4j._sync.work.result.Result object at 0x00000228395C5D00>
INFO:neo4j_middleware.neo4jConnector:[neo4j_connector] Received response. 
INFO:neo4j_middleware.neo4jConnector:[neo4j_connector] Running query: MERGE(n23659:ts20201130T174446:SecondaryNode:IfcAxis2Placement3D {p21_id:23659, ...
INFO:neo4j_middleware.neo4jConnector:[neo4j_connector] Query delta: <neo4j._sync.work.result.Result object at 0x0000022839097100>
INFO:neo4j_middleware.neo4jConnector:[neo4j_connector] Received response. 
INFO:neo4j_middleware.neo4jConnector:[neo4j_connector] Running query: MERGE(n23647:ts20201130T174446:SecondaryNode:IfcMappedItem {p21_id:23647, Entity...
INFO:neo4j_middleware.neo4jConnector:[neo4j_connector] Query delta: <neo4j._sync.work.result.Result object at 0x00000228390A1CD0>
INFO:neo4j_middleware.neo4jConnector:[neo4j_connector] Received response. 
INFO:neo4j_middleware.neo4jConnector:[neo4j_connector] Running query: MERGE(n23644:ts20201130T174446:SecondaryNode:IfcRepresentationMap {p21_id:23644,...
INFO:neo4j_middleware.neo4jConnector:[neo4j_connector] Query delta: <neo4j._sync.work.result.Result object at 0x0000022839097160>
INFO:neo4j_middleware.neo4jConnector:[neo4j_connector] Received response. 
INFO:neo4j_middleware.neo4jConnector:[neo4j_connector] Running query: MERGE(n23643:ts20201130T174446:SecondaryNode:IfcAxis2Placement3D {p21_id:23643, ...
INFO:neo4j_middleware.neo4jConnector:[neo4j_connector] Query delta: <neo4j._sync.work.result.Result object at 0x00000228395CFDF0>
INFO:neo4j_middleware.neo4jConnector:[neo4j_connector] Received response. 
INFO:neo4j_middleware.neo4jConnector:[neo4j_connector] Running query: MERGE(n23637:ts20201130T174446:SecondaryNode:IfcExtrudedAreaSolid {Depth:1.78750...
INFO:neo4j_middleware.neo4jConnector:[neo4j_connector] Query delta: <neo4j._sync.work.result.Result object at 0x00000228395CEC40>
INFO:neo4j_middleware.neo4jConnector:[neo4j_connector] Received response. 
INFO:neo4j_middleware.neo4jConnector:[neo4j_connector] Running query: MERGE(n23636:ts20201130T174446:SecondaryNode:IfcAxis2Placement3D {p21_id:23636, ...
INFO:neo4j_middleware.neo4jConnector:[neo4j_connector] Query delta: <neo4j._sync.work.result.Result object at 0x00000228380144C0>
INFO:neo4j_middleware.neo4jConnector:[neo4j_connector] Received response. 
INFO:neo4j_middleware.neo4jConnector:[neo4j_connector] Running query: MERGE(n23632:ts20201130T174446:SecondaryNode:IfcAxis2Placement2D {p21_id:23632, ...
INFO:neo4j_middleware.neo4jConnector:[neo4j_connector] Query delta: <neo4j._sync.work.result.Result object at 0x00000228395C5B80>
INFO:neo4j_middleware.neo4jConnector:[neo4j_connector] Received response. 
INFO:neo4j_middleware.neo4jConnector:[neo4j_connector] Running query: MERGE(n23628:ts20201130T174446:SecondaryNode:IfcAxis2Placement3D {p21_id:23628, ...
INFO:neo4j_middleware.neo4jConnector:[neo4j_connector] Query delta: <neo4j._sync.work.result.Result object at 0x0000022839097640>
INFO:neo4j_middleware.neo4jConnector:[neo4j_connector] Received response. 
INFO:neo4j_middleware.neo4jConnector:[neo4j_connector] Running query: MERGE(n23621:ts20201130T174446:SecondaryNode:IfcPropertySet {GlobalId:"3UgXJSDgP...
INFO:neo4j_middleware.neo4jConnector:[neo4j_connector] Query delta: <neo4j._sync.work.result.Result object at 0x00000228390978B0>
INFO:neo4j_middleware.neo4jConnector:[neo4j_connector] Received response. 
INFO:neo4j_middleware.neo4jConnector:[neo4j_connector] Running query: MERGE(n25018:ts20201130T174446:SecondaryNode:IfcExtrudedAreaSolid {Depth:0.1, p2...
INFO:neo4j_middleware.neo4jConnector:[neo4j_connector] Query delta: <neo4j._sync.work.result.Result object at 0x0000022839097520>
INFO:neo4j_middleware.neo4jConnector:[neo4j_connector] Received response. 
INFO:neo4j_middleware.neo4jConnector:[neo4j_connector] Running query: MERGE(n23614:ts20201130T174446:SecondaryNode:IfcCartesianPoint {Coordinates:"(3....
INFO:neo4j_middleware.neo4jConnector:[neo4j_connector] Query delta: <neo4j._sync.work.result.Result object at 0x000002283800A940>
INFO:neo4j_middleware.neo4jConnector:[neo4j_connector] Received response. 
INFO:neo4j_middleware.neo4jConnector:[neo4j_connector] Running query: MERGE(n23613:ts20201130T174446:SecondaryNode:IfcLocalPlacement {p21_id:23613, En...
INFO:neo4j_middleware.neo4jConnector:[neo4j_connector] Query delta: <neo4j._sync.work.result.Result object at 0x00000228395CE0D0>
INFO:neo4j_middleware.neo4jConnector:[neo4j_connector] Received response. 
INFO:neo4j_middleware.neo4jConnector:[neo4j_connector] Running query: MERGE(n23602:ts20201130T174446:PrimaryNode:IfcMemberType {GlobalId:"2ooFqYUTz3s9...
INFO:neo4j_middleware.neo4jConnector:[neo4j_connector] Query delta: <neo4j._sync.work.result.Result object at 0x000002283800A940>
INFO:neo4j_middleware.neo4jConnector:[neo4j_connector] Received response. 
INFO:neo4j_middleware.neo4jConnector:[neo4j_connector] Running query: MERGE(n23598:ts20201130T174446:SecondaryNode:IfcShapeRepresentation {Representat...
INFO:neo4j_middleware.neo4jConnector:[neo4j_connector] Query delta: <neo4j._sync.work.result.Result object at 0x00000228395CFEB0>
INFO:neo4j_middleware.neo4jConnector:[neo4j_connector] Received response. 
INFO:neo4j_middleware.neo4jConnector:[neo4j_connector] Running query: MERGE(n23594:ts20201130T174446:SecondaryNode:IfcExtrudedAreaSolid {Depth:1.78750...
INFO:neo4j_middleware.neo4jConnector:[neo4j_connector] Query delta: <neo4j._sync.work.result.Result object at 0x0000022839097610>
INFO:neo4j_middleware.neo4jConnector:[neo4j_connector] Received response. 
INFO:neo4j_middleware.neo4jConnector:[neo4j_connector] Running query: MERGE(n23590:ts20201130T174446:SecondaryNode:IfcRectangleProfileDef {ProfileType...
INFO:neo4j_middleware.neo4jConnector:[neo4j_connector] Query delta: <neo4j._sync.work.result.Result object at 0x00000228390A2CA0>
INFO:neo4j_middleware.neo4jConnector:[neo4j_connector] Received response. 
INFO:neo4j_middleware.neo4jConnector:[neo4j_connector] Running query: MERGE(n23587:ts20201130T174446:SecondaryNode:IfcCartesianPoint {Coordinates:"(0....
INFO:neo4j_middleware.neo4jConnector:[neo4j_connector] Query delta: <neo4j._sync.work.result.Result object at 0x00000228390979A0>
INFO:neo4j_middleware.neo4jConnector:[neo4j_connector] Received response. 
INFO:neo4j_middleware.neo4jConnector:[neo4j_connector] Running query: MERGE(n23580:ts20201130T174446:SecondaryNode:IfcAxis2Placement3D {p21_id:23580, ...
INFO:neo4j_middleware.neo4jConnector:[neo4j_connector] Query delta: <neo4j._sync.work.result.Result object at 0x00000228395CF250>
INFO:neo4j_middleware.neo4jConnector:[neo4j_connector] Received response. 
INFO:neo4j_middleware.neo4jConnector:[neo4j_connector] Running query: MERGE(n23577:ts20201130T174446:SecondaryNode:IfcLocalPlacement {p21_id:23577, En...
INFO:neo4j_middleware.neo4jConnector:[neo4j_connector] Query delta: <neo4j._sync.work.result.Result object at 0x00000228390A2A30>
INFO:neo4j_middleware.neo4jConnector:[neo4j_connector] Received response. 
INFO:neo4j_middleware.neo4jConnector:[neo4j_connector] Running query: MERGE(n23572:ts20201130T174446:SecondaryNode:IfcProductDefinitionShape {Name:"No...
INFO:neo4j_middleware.neo4jConnector:[neo4j_connector] Query delta: <neo4j._sync.work.result.Result object at 0x00000228395BEA00>
INFO:neo4j_middleware.neo4jConnector:[neo4j_connector] Received response. 
INFO:neo4j_middleware.neo4jConnector:[neo4j_connector] Running query: MERGE(n23569:ts20201130T174446:SecondaryNode:IfcMappedItem {p21_id:23569, Entity...
INFO:neo4j_middleware.neo4jConnector:[neo4j_connector] Query delta: <neo4j._sync.work.result.Result object at 0x00000228395C5D90>
INFO:neo4j_middleware.neo4jConnector:[neo4j_connector] Received response. 
INFO:neo4j_middleware.neo4jConnector:[neo4j_connector] Running query: MERGE(n25023:ts20201130T174446:SecondaryNode:IfcCartesianPoint {Coordinates:"(8....
INFO:neo4j_middleware.neo4jConnector:[neo4j_connector] Query delta: <neo4j._sync.work.result.Result object at 0x00000228395CFBE0>
INFO:neo4j_middleware.neo4jConnector:[neo4j_connector] Received response. 
INFO:neo4j_middleware.neo4jConnector:[neo4j_connector] Running query: MERGE(n23564:ts20201130T174446:SecondaryNode:IfcAxis2Placement3D {p21_id:23564, ...
INFO:neo4j_middleware.neo4jConnector:[neo4j_connector] Query delta: <neo4j._sync.work.result.Result object at 0x0000022839097340>
INFO:neo4j_middleware.neo4jConnector:[neo4j_connector] Received response. 
INFO:neo4j_middleware.neo4jConnector:[neo4j_connector] Running query: MERGE(n23562:ts20201130T174446:SecondaryNode:IfcCartesianPoint {Coordinates:"(1....
INFO:neo4j_middleware.neo4jConnector:[neo4j_connector] Query delta: <neo4j._sync.work.result.Result object at 0x0000022839097760>
INFO:neo4j_middleware.neo4jConnector:[neo4j_connector] Received response. 
INFO:neo4j_middleware.neo4jConnector:[neo4j_connector] Running query: MERGE(n23560:ts20201130T174446:SecondaryNode:IfcAxis2Placement3D {p21_id:23560, ...
INFO:neo4j_middleware.neo4jConnector:[neo4j_connector] Query delta: <neo4j._sync.work.result.Result object at 0x00000228395C5BB0>
INFO:neo4j_middleware.neo4jConnector:[neo4j_connector] Received response. 
INFO:neo4j_middleware.neo4jConnector:[neo4j_connector] Running query: MERGE(n23558:ts20201130T174446:SecondaryNode:IfcCartesianPoint {Coordinates:"(1....
INFO:neo4j_middleware.neo4jConnector:[neo4j_connector] Query delta: <neo4j._sync.work.result.Result object at 0x00000228390A2310>
INFO:neo4j_middleware.neo4jConnector:[neo4j_connector] Received response. 
INFO:neo4j_middleware.neo4jConnector:[neo4j_connector] Running query: MERGE(n23554:ts20201130T174446:SecondaryNode:IfcShapeRepresentation {Representat...
INFO:neo4j_middleware.neo4jConnector:[neo4j_connector] Query delta: <neo4j._sync.work.result.Result object at 0x00000228395BE610>
INFO:neo4j_middleware.neo4jConnector:[neo4j_connector] Received response. 
INFO:neo4j_middleware.neo4jConnector:[neo4j_connector] Running query: MERGE(n23550:ts20201130T174446:PrimaryNode:IfcMember {GlobalId:"1s5utE$rDDfRKgzV...
INFO:neo4j_middleware.neo4jConnector:[neo4j_connector] Query delta: <neo4j._sync.work.result.Result object at 0x00000228390A2B50>
INFO:neo4j_middleware.neo4jConnector:[neo4j_connector] Received response. 
INFO:neo4j_middleware.neo4jConnector:[neo4j_connector] Running query: MERGE(n23537:ts20201130T174446:SecondaryNode:IfcMappedItem {p21_id:23537, Entity...
INFO:neo4j_middleware.neo4jConnector:[neo4j_connector] Query delta: <neo4j._sync.work.result.Result object at 0x00000228395CF940>
INFO:neo4j_middleware.neo4jConnector:[neo4j_connector] Received response. 
INFO:neo4j_middleware.neo4jConnector:[neo4j_connector] Running query: MERGE(n23534:ts20201130T174446:PrimaryNode:IfcMember {GlobalId:"1s5utE$rDDfRKgzV...
INFO:neo4j_middleware.neo4jConnector:[neo4j_connector] Query delta: <neo4j._sync.work.result.Result object at 0x0000022839097D30>
INFO:neo4j_middleware.neo4jConnector:[neo4j_connector] Received response. 
INFO:neo4j_middleware.neo4jConnector:[neo4j_connector] Running query: MERGE(n25026:ts20201130T174446:SecondaryNode:IfcLocalPlacement {p21_id:25026, En...
INFO:neo4j_middleware.neo4jConnector:[neo4j_connector] Query delta: <neo4j._sync.work.result.Result object at 0x00000228395CFFA0>
INFO:neo4j_middleware.neo4jConnector:[neo4j_connector] Received response. 
INFO:neo4j_middleware.neo4jConnector:[neo4j_connector] Running query: MERGE(n23532:ts20201130T174446:SecondaryNode:IfcAxis2Placement3D {p21_id:23532, ...
INFO:neo4j_middleware.neo4jConnector:[neo4j_connector] Query delta: <neo4j._sync.work.result.Result object at 0x00000228395C5A60>
INFO:neo4j_middleware.neo4jConnector:[neo4j_connector] Received response. 
INFO:neo4j_middleware.neo4jConnector:[neo4j_connector] Running query: MERGE(n23528:ts20201130T174446:SecondaryNode:IfcAxis2Placement3D {p21_id:23528, ...
INFO:neo4j_middleware.neo4jConnector:[neo4j_connector] Query delta: <neo4j._sync.work.result.Result object at 0x00000228395CEC10>
INFO:neo4j_middleware.neo4jConnector:[neo4j_connector] Received response. 
INFO:neo4j_middleware.neo4jConnector:[neo4j_connector] Running query: MERGE(n23524:ts20201130T174446:SecondaryNode:IfcProductDefinitionShape {Name:"No...
INFO:neo4j_middleware.neo4jConnector:[neo4j_connector] Query delta: <neo4j._sync.work.result.Result object at 0x0000022838014E50>
INFO:neo4j_middleware.neo4jConnector:[neo4j_connector] Received response. 
INFO:neo4j_middleware.neo4jConnector:[neo4j_connector] Running query: MERGE(n23522:ts20201130T174446:SecondaryNode:IfcShapeRepresentation {Representat...
INFO:neo4j_middleware.neo4jConnector:[neo4j_connector] Query delta: <neo4j._sync.work.result.Result object at 0x00000228395CFF40>
INFO:neo4j_middleware.neo4jConnector:[neo4j_connector] Received response. 
INFO:neo4j_middleware.neo4jConnector:[neo4j_connector] Running query: MERGE(n23514:ts20201130T174446:SecondaryNode:IfcCartesianPoint {Coordinates:"(3....
INFO:neo4j_middleware.neo4jConnector:[neo4j_connector] Query delta: <neo4j._sync.work.result.Result object at 0x00000228390A24C0>
INFO:neo4j_middleware.neo4jConnector:[neo4j_connector] Received response. 
INFO:neo4j_middleware.neo4jConnector:[neo4j_connector] Running query: MERGE(n23513:ts20201130T174446:SecondaryNode:IfcLocalPlacement {p21_id:23513, En...
INFO:neo4j_middleware.neo4jConnector:[neo4j_connector] Query delta: <neo4j._sync.work.result.Result object at 0x0000022839097D00>
INFO:neo4j_middleware.neo4jConnector:[neo4j_connector] Received response. 
INFO:neo4j_middleware.neo4jConnector:[neo4j_connector] Running query: MERGE(n23505:ts20201130T174446:SecondaryNode:IfcMappedItem {p21_id:23505, Entity...
INFO:neo4j_middleware.neo4jConnector:[neo4j_connector] Query delta: <neo4j._sync.work.result.Result object at 0x0000022830AF9CA0>
INFO:neo4j_middleware.neo4jConnector:[neo4j_connector] Received response. 
INFO:neo4j_middleware.neo4jConnector:[neo4j_connector] Running query: MERGE(n23502:ts20201130T174446:PrimaryNode:IfcMember {GlobalId:"1s5utE$rDDfRKgzV...
INFO:neo4j_middleware.neo4jConnector:[neo4j_connector] Query delta: <neo4j._sync.work.result.Result object at 0x00000228395CFF40>
INFO:neo4j_middleware.neo4jConnector:[neo4j_connector] Received response. 
INFO:neo4j_middleware.neo4jConnector:[neo4j_connector] Running query: MERGE(n23498:ts20201130T174446:SecondaryNode:IfcCartesianPoint {Coordinates:"(1....
INFO:neo4j_middleware.neo4jConnector:[neo4j_connector] Query delta: <neo4j._sync.work.result.Result object at 0x00000228395C5BB0>
INFO:neo4j_middleware.neo4jConnector:[neo4j_connector] Received response. 
INFO:neo4j_middleware.neo4jConnector:[neo4j_connector] Running query: MERGE(n23494:ts20201130T174446:SecondaryNode:IfcCartesianPoint {Coordinates:"(1....
INFO:neo4j_middleware.neo4jConnector:[neo4j_connector] Query delta: <neo4j._sync.work.result.Result object at 0x0000022839097490>
INFO:neo4j_middleware.neo4jConnector:[neo4j_connector] Received response. 
INFO:neo4j_middleware.neo4jConnector:[neo4j_connector] Running query: MERGE(n23492:ts20201130T174446:SecondaryNode:IfcProductDefinitionShape {Name:"No...
INFO:neo4j_middleware.neo4jConnector:[neo4j_connector] Query delta: <neo4j._sync.work.result.Result object at 0x00000228395C5640>
INFO:neo4j_middleware.neo4jConnector:[neo4j_connector] Received response. 
INFO:neo4j_middleware.neo4jConnector:[neo4j_connector] Running query: MERGE(n23490:ts20201130T174446:SecondaryNode:IfcShapeRepresentation {Representat...
INFO:neo4j_middleware.neo4jConnector:[neo4j_connector] Query delta: <neo4j._sync.work.result.Result object at 0x00000228390A6B50>
INFO:neo4j_middleware.neo4jConnector:[neo4j_connector] Received response. 
INFO:neo4j_middleware.neo4jConnector:[neo4j_connector] Running query: MERGE(n23484:ts20201130T174446:SecondaryNode:IfcPropertySet {GlobalId:"0Plg56YDH...
INFO:neo4j_middleware.neo4jConnector:[neo4j_connector] Query delta: <neo4j._sync.work.result.Result object at 0x00000228390A2D00>
INFO:neo4j_middleware.neo4jConnector:[neo4j_connector] Received response. 
INFO:neo4j_middleware.neo4jConnector:[neo4j_connector] Running query: MERGE(n23479:ts20201130T174446:PrimaryNode:IfcMember {GlobalId:"1s5utE$rDDfRKgzV...
INFO:neo4j_middleware.neo4jConnector:[neo4j_connector] Query delta: <neo4j._sync.work.result.Result object at 0x00000228390A23D0>
INFO:neo4j_middleware.neo4jConnector:[neo4j_connector] Received response. 
INFO:neo4j_middleware.neo4jConnector:[neo4j_connector] Running query: MERGE(n25032:ts20201130T174446:ConnectionNode:IfcRelFillsElement {GlobalId:"3lnV...
INFO:neo4j_middleware.neo4jConnector:[neo4j_connector] Query delta: <neo4j._sync.work.result.Result object at 0x00000228395CF700>
INFO:neo4j_middleware.neo4jConnector:[neo4j_connector] Received response. 
INFO:neo4j_middleware.neo4jConnector:[neo4j_connector] Running query: MERGE(n23477:ts20201130T174446:SecondaryNode:IfcAxis2Placement3D {p21_id:23477, ...
INFO:neo4j_middleware.neo4jConnector:[neo4j_connector] Query delta: <neo4j._sync.work.result.Result object at 0x00000228395C5220>
INFO:neo4j_middleware.neo4jConnector:[neo4j_connector] Received response. 
INFO:neo4j_middleware.neo4jConnector:[neo4j_connector] Running query: MERGE(n23475:ts20201130T174446:SecondaryNode:IfcCartesianPoint {Coordinates:"(-0...
INFO:neo4j_middleware.neo4jConnector:[neo4j_connector] Query delta: <neo4j._sync.work.result.Result object at 0x00000228395BEC70>
INFO:neo4j_middleware.neo4jConnector:[neo4j_connector] Received response. 
INFO:neo4j_middleware.neo4jConnector:[neo4j_connector] Running query: MERGE(n23469:ts20201130T174446:SecondaryNode:IfcProductDefinitionShape {Name:"No...
INFO:neo4j_middleware.neo4jConnector:[neo4j_connector] Query delta: <neo4j._sync.work.result.Result object at 0x00000228395C56A0>
INFO:neo4j_middleware.neo4jConnector:[neo4j_connector] Received response. 
INFO:neo4j_middleware.neo4jConnector:[neo4j_connector] Running query: MERGE(n23462:ts20201130T174446:SecondaryNode:IfcRepresentationMap {p21_id:23462,...
INFO:neo4j_middleware.neo4jConnector:[neo4j_connector] Query delta: <neo4j._sync.work.result.Result object at 0x00000228395CF7C0>
INFO:neo4j_middleware.neo4jConnector:[neo4j_connector] Received response. 
INFO:neo4j_middleware.neo4jConnector:[neo4j_connector] Running query: MERGE(n23461:ts20201130T174446:SecondaryNode:IfcAxis2Placement3D {p21_id:23461, ...
INFO:neo4j_middleware.neo4jConnector:[neo4j_connector] Query delta: <neo4j._sync.work.result.Result object at 0x00000228390A28B0>
INFO:neo4j_middleware.neo4jConnector:[neo4j_connector] Received response. 
INFO:neo4j_middleware.neo4jConnector:[neo4j_connector] Running query: MERGE(n23454:ts20201130T174446:SecondaryNode:IfcAxis2Placement3D {p21_id:23454, ...
INFO:neo4j_middleware.neo4jConnector:[neo4j_connector] Query delta: <neo4j._sync.work.result.Result object at 0x00000228390A6D60>
INFO:neo4j_middleware.neo4jConnector:[neo4j_connector] Received response. 
INFO:neo4j_middleware.neo4jConnector:[neo4j_connector] Running query: MERGE(n23439:ts20201130T174446:SecondaryNode:IfcPropertySet {GlobalId:"3s1vdxP_z...
INFO:neo4j_middleware.neo4jConnector:[neo4j_connector] Query delta: <neo4j._sync.work.result.Result object at 0x00000228395CFDF0>
INFO:neo4j_middleware.neo4jConnector:[neo4j_connector] Received response. 
INFO:neo4j_middleware.neo4jConnector:[neo4j_connector] Running query: MERGE(n25039:ts20201130T174446:SecondaryNode:IfcCartesianPoint {Coordinates:"(1....
INFO:neo4j_middleware.neo4jConnector:[neo4j_connector] Query delta: <neo4j._sync.work.result.Result object at 0x00000228390979A0>
INFO:neo4j_middleware.neo4jConnector:[neo4j_connector] Received response. 
INFO:neo4j_middleware.neo4jConnector:[neo4j_connector] Running query: MERGE(n23434:ts20201130T174446:SecondaryNode:IfcAxis2Placement3D {p21_id:23434, ...
INFO:neo4j_middleware.neo4jConnector:[neo4j_connector] Query delta: <neo4j._sync.work.result.Result object at 0x0000022838039A90>
INFO:neo4j_middleware.neo4jConnector:[neo4j_connector] Received response. 
INFO:neo4j_middleware.neo4jConnector:[neo4j_connector] Running query: MERGE(n23432:ts20201130T174446:SecondaryNode:IfcCartesianPoint {Coordinates:"(-2...
INFO:neo4j_middleware.neo4jConnector:[neo4j_connector] Query delta: <neo4j._sync.work.result.Result object at 0x00000228395C5280>
INFO:neo4j_middleware.neo4jConnector:[neo4j_connector] Received response. 
INFO:neo4j_middleware.neo4jConnector:[neo4j_connector] Running query: MERGE(n23430:ts20201130T174446:SecondaryNode:IfcAxis2Placement3D {p21_id:23430, ...
INFO:neo4j_middleware.neo4jConnector:[neo4j_connector] Query delta: <neo4j._sync.work.result.Result object at 0x00000228395CFA90>
INFO:neo4j_middleware.neo4jConnector:[neo4j_connector] Received response. 
INFO:neo4j_middleware.neo4jConnector:[neo4j_connector] Running query: MERGE(n23428:ts20201130T174446:SecondaryNode:IfcCartesianPoint {Coordinates:"(-2...
INFO:neo4j_middleware.neo4jConnector:[neo4j_connector] Query delta: <neo4j._sync.work.result.Result object at 0x00000228390A2940>
INFO:neo4j_middleware.neo4jConnector:[neo4j_connector] Received response. 
INFO:neo4j_middleware.neo4jConnector:[neo4j_connector] Running query: MERGE(n23424:ts20201130T174446:SecondaryNode:IfcShapeRepresentation {Representat...
INFO:neo4j_middleware.neo4jConnector:[neo4j_connector] Query delta: <neo4j._sync.work.result.Result object at 0x000002283800A940>
INFO:neo4j_middleware.neo4jConnector:[neo4j_connector] Received response. 
INFO:neo4j_middleware.neo4jConnector:[neo4j_connector] Running query: MERGE(n23420:ts20201130T174446:PrimaryNode:IfcMemberType {GlobalId:"0qE8hALen8wR...
INFO:neo4j_middleware.neo4jConnector:[neo4j_connector] Query delta: <neo4j._sync.work.result.Result object at 0x00000228395C5FD0>
INFO:neo4j_middleware.neo4jConnector:[neo4j_connector] Received response. 
INFO:neo4j_middleware.neo4jConnector:[neo4j_connector] Running query: MERGE(n23419:ts20201130T174446:SecondaryNode:IfcRepresentationMap {p21_id:23419,...
INFO:neo4j_middleware.neo4jConnector:[neo4j_connector] Query delta: <neo4j._sync.work.result.Result object at 0x00000228390976D0>
INFO:neo4j_middleware.neo4jConnector:[neo4j_connector] Received response. 
INFO:neo4j_middleware.neo4jConnector:[neo4j_connector] Running query: MERGE(n23413:ts20201130T174446:SecondaryNode:IfcStyledItem {Name:"None", p21_id:...
INFO:neo4j_middleware.neo4jConnector:[neo4j_connector] Query delta: <neo4j._sync.work.result.Result object at 0x00000228395CE6D0>
INFO:neo4j_middleware.neo4jConnector:[neo4j_connector] Received response. 
INFO:neo4j_middleware.neo4jConnector:[neo4j_connector] Running query: MERGE(n23412:ts20201130T174446:SecondaryNode:IfcExtrudedAreaSolid {Depth:1.71250...
INFO:neo4j_middleware.neo4jConnector:[neo4j_connector] Query delta: <neo4j._sync.work.result.Result object at 0x0000022839097190>
INFO:neo4j_middleware.neo4jConnector:[neo4j_connector] Received response. 
INFO:neo4j_middleware.neo4jConnector:[neo4j_connector] Running query: MERGE(n23409:ts20201130T174446:SecondaryNode:IfcCartesianPoint {Coordinates:"(0....
INFO:neo4j_middleware.neo4jConnector:[neo4j_connector] Query delta: <neo4j._sync.work.result.Result object at 0x00000228395CF1C0>
INFO:neo4j_middleware.neo4jConnector:[neo4j_connector] Received response. 
INFO:neo4j_middleware.neo4jConnector:[neo4j_connector] Running query: MERGE(n23405:ts20201130T174446:SecondaryNode:IfcCartesianPoint {Coordinates:"(0....
INFO:neo4j_middleware.neo4jConnector:[neo4j_connector] Query delta: <neo4j._sync.work.result.Result object at 0x00000228390A22B0>
INFO:neo4j_middleware.neo4jConnector:[neo4j_connector] Received response. 
INFO:neo4j_middleware.neo4jConnector:[neo4j_connector] Running query: MERGE(n23400:ts20201130T174446:PrimaryNode:IfcMember {GlobalId:"1s5utE$rDDfRKgzV...
INFO:neo4j_middleware.neo4jConnector:[neo4j_connector] Query delta: <neo4j._sync.work.result.Result object at 0x00000228390A6640>
INFO:neo4j_middleware.neo4jConnector:[neo4j_connector] Received response. 
INFO:neo4j_middleware.neo4jConnector:[neo4j_connector] Running query: MERGE(n25042:ts20201130T174446:SecondaryNode:IfcRectangleProfileDef {ProfileType...
INFO:neo4j_middleware.neo4jConnector:[neo4j_connector] Query delta: <neo4j._sync.work.result.Result object at 0x00000228395C5EB0>
INFO:neo4j_middleware.neo4jConnector:[neo4j_connector] Received response. 
INFO:neo4j_middleware.neo4jConnector:[neo4j_connector] Running query: MERGE(n23398:ts20201130T174446:SecondaryNode:IfcAxis2Placement3D {p21_id:23398, ...
INFO:neo4j_middleware.neo4jConnector:[neo4j_connector] Query delta: <neo4j._sync.work.result.Result object at 0x00000228395BE7C0>
INFO:neo4j_middleware.neo4jConnector:[neo4j_connector] Received response. 
INFO:neo4j_middleware.neo4jConnector:[neo4j_connector] Running query: MERGE(n23394:ts20201130T174446:SecondaryNode:IfcAxis2Placement3D {p21_id:23394, ...
INFO:neo4j_middleware.neo4jConnector:[neo4j_connector] Query delta: <neo4j._sync.work.result.Result object at 0x00000228395CEBB0>
INFO:neo4j_middleware.neo4jConnector:[neo4j_connector] Received response. 
INFO:neo4j_middleware.neo4jConnector:[neo4j_connector] Running query: MERGE(n23392:ts20201130T174446:SecondaryNode:IfcCartesianPoint {Coordinates:"(1....
INFO:neo4j_middleware.neo4jConnector:[neo4j_connector] Query delta: <neo4j._sync.work.result.Result object at 0x00000228390970D0>
INFO:neo4j_middleware.neo4jConnector:[neo4j_connector] Received response. 
INFO:neo4j_middleware.neo4jConnector:[neo4j_connector] Running query: MERGE(n23390:ts20201130T174446:SecondaryNode:IfcProductDefinitionShape {Name:"No...
INFO:neo4j_middleware.neo4jConnector:[neo4j_connector] Query delta: <neo4j._sync.work.result.Result object at 0x00000228395CF400>
INFO:neo4j_middleware.neo4jConnector:[neo4j_connector] Received response. 
INFO:neo4j_middleware.neo4jConnector:[neo4j_connector] Running query: MERGE(n23387:ts20201130T174446:SecondaryNode:IfcMappedItem {p21_id:23387, Entity...
INFO:neo4j_middleware.neo4jConnector:[neo4j_connector] Query delta: <neo4j._sync.work.result.Result object at 0x00000228390A6A90>
INFO:neo4j_middleware.neo4jConnector:[neo4j_connector] Received response. 
INFO:neo4j_middleware.neo4jConnector:[neo4j_connector] Running query: MERGE(n23379:ts20201130T174446:SecondaryNode:IfcLocalPlacement {p21_id:23379, En...
INFO:neo4j_middleware.neo4jConnector:[neo4j_connector] Query delta: <neo4j._sync.work.result.Result object at 0x00000228395CFC70>
INFO:neo4j_middleware.neo4jConnector:[neo4j_connector] Received response. 
INFO:neo4j_middleware.neo4jConnector:[neo4j_connector] Running query: MERGE(n23374:ts20201130T174446:SecondaryNode:IfcProductDefinitionShape {Name:"No...
INFO:neo4j_middleware.neo4jConnector:[neo4j_connector] Query delta: <neo4j._sync.work.result.Result object at 0x00000228395C5D30>
INFO:neo4j_middleware.neo4jConnector:[neo4j_connector] Received response. 
INFO:neo4j_middleware.neo4jConnector:[neo4j_connector] Running query: MERGE(n23372:ts20201130T174446:SecondaryNode:IfcShapeRepresentation {Representat...
INFO:neo4j_middleware.neo4jConnector:[neo4j_connector] Query delta: <neo4j._sync.work.result.Result object at 0x00000228395BEE80>
INFO:neo4j_middleware.neo4jConnector:[neo4j_connector] Received response. 
INFO:neo4j_middleware.neo4jConnector:[neo4j_connector] Running query: MERGE(n23368:ts20201130T174446:PrimaryNode:IfcMember {GlobalId:"1s5utE$rDDfRKgzV...
INFO:neo4j_middleware.neo4jConnector:[neo4j_connector] Query delta: <neo4j._sync.work.result.Result object at 0x00000228380146A0>
INFO:neo4j_middleware.neo4jConnector:[neo4j_connector] Received response. 
INFO:neo4j_middleware.neo4jConnector:[neo4j_connector] Running query: MERGE(n25044:ts20201130T174446:SecondaryNode:IfcExtrudedAreaSolid {Depth:0.1, p2...
INFO:neo4j_middleware.neo4jConnector:[neo4j_connector] Query delta: <neo4j._sync.work.result.Result object at 0x00000228395CFB80>
INFO:neo4j_middleware.neo4jConnector:[neo4j_connector] Received response. 
INFO:neo4j_middleware.neo4jConnector:[neo4j_connector] Running query: MERGE(n23364:ts20201130T174446:SecondaryNode:IfcCartesianPoint {Coordinates:"(-0...
INFO:neo4j_middleware.neo4jConnector:[neo4j_connector] Query delta: <neo4j._sync.work.result.Result object at 0x00000228390A1DC0>
INFO:neo4j_middleware.neo4jConnector:[neo4j_connector] Received response. 
INFO:neo4j_middleware.neo4jConnector:[neo4j_connector] Running query: MERGE(n23362:ts20201130T174446:SecondaryNode:IfcAxis2Placement3D {p21_id:23362, ...
INFO:neo4j_middleware.neo4jConnector:[neo4j_connector] Query delta: <neo4j._sync.work.result.Result object at 0x00000228390A61F0>
INFO:neo4j_middleware.neo4jConnector:[neo4j_connector] Received response. 
INFO:neo4j_middleware.neo4jConnector:[neo4j_connector] Running query: MERGE(n23360:ts20201130T174446:SecondaryNode:IfcCartesianPoint {Coordinates:"(-0...
INFO:neo4j_middleware.neo4jConnector:[neo4j_connector] Query delta: <neo4j._sync.work.result.Result object at 0x00000228390A1580>
INFO:neo4j_middleware.neo4jConnector:[neo4j_connector] Received response. 
INFO:neo4j_middleware.neo4jConnector:[neo4j_connector] Running query: MERGE(n25045:ts20201130T174446:SecondaryNode:IfcShapeRepresentation {Representat...
INFO:neo4j_middleware.neo4jConnector:[neo4j_connector] Query delta: <neo4j._sync.work.result.Result object at 0x00000228395CFFA0>
INFO:neo4j_middleware.neo4jConnector:[neo4j_connector] Received response. 
INFO:neo4j_middleware.neo4jConnector:[neo4j_connector] Running query: MERGE(n23347:ts20201130T174446:SecondaryNode:IfcLocalPlacement {p21_id:23347, En...
INFO:neo4j_middleware.neo4jConnector:[neo4j_connector] Query delta: <neo4j._sync.work.result.Result object at 0x00000228395C5790>
INFO:neo4j_middleware.neo4jConnector:[neo4j_connector] Received response. 
INFO:neo4j_middleware.neo4jConnector:[neo4j_connector] Running query: MERGE(n23342:ts20201130T174446:SecondaryNode:IfcProductDefinitionShape {Name:"No...
INFO:neo4j_middleware.neo4jConnector:[neo4j_connector] Query delta: <neo4j._sync.work.result.Result object at 0x0000022838014580>
INFO:neo4j_middleware.neo4jConnector:[neo4j_connector] Received response. 
INFO:neo4j_middleware.neo4jConnector:[neo4j_connector] Running query: MERGE(n23339:ts20201130T174446:SecondaryNode:IfcMappedItem {p21_id:23339, Entity...
INFO:neo4j_middleware.neo4jConnector:[neo4j_connector] Query delta: <neo4j._sync.work.result.Result object at 0x00000228390B8D00>
INFO:neo4j_middleware.neo4jConnector:[neo4j_connector] Received response. 
INFO:neo4j_middleware.neo4jConnector:[neo4j_connector] Running query: MERGE(n23334:ts20201130T174446:SecondaryNode:IfcPropertySet {GlobalId:"3LTF_0wAj...
INFO:neo4j_middleware.neo4jConnector:[neo4j_connector] Query delta: <neo4j._sync.work.result.Result object at 0x00000228395CF850>
INFO:neo4j_middleware.neo4jConnector:[neo4j_connector] Received response. 
INFO:neo4j_middleware.neo4jConnector:[neo4j_connector] Running query: MERGE(n23332:ts20201130T174446:SecondaryNode:IfcPropertySet {GlobalId:"1ikjtR_nT...
INFO:neo4j_middleware.neo4jConnector:[neo4j_connector] Query delta: <neo4j._sync.work.result.Result object at 0x00000228390A68B0>
INFO:neo4j_middleware.neo4jConnector:[neo4j_connector] Received response. 
INFO:neo4j_middleware.neo4jConnector:[neo4j_connector] Running query: MERGE(n25047:ts20201130T174446:SecondaryNode:IfcProductDefinitionShape {Name:"No...
INFO:neo4j_middleware.neo4jConnector:[neo4j_connector] Query delta: <neo4j._sync.work.result.Result object at 0x000002283137DC40>
INFO:neo4j_middleware.neo4jConnector:[neo4j_connector] Received response. 
INFO:neo4j_middleware.neo4jConnector:[neo4j_connector] Running query: MERGE(n23327:ts20201130T174446:SecondaryNode:IfcAxis2Placement3D {p21_id:23327, ...
INFO:neo4j_middleware.neo4jConnector:[neo4j_connector] Query delta: <neo4j._sync.work.result.Result object at 0x00000228390B89A0>
INFO:neo4j_middleware.neo4jConnector:[neo4j_connector] Received response. 
INFO:neo4j_middleware.neo4jConnector:[neo4j_connector] Running query: MERGE(n23324:ts20201130T174446:SecondaryNode:IfcLocalPlacement {p21_id:23324, En...
INFO:neo4j_middleware.neo4jConnector:[neo4j_connector] Query delta: <neo4j._sync.work.result.Result object at 0x00000228395C5B50>
INFO:neo4j_middleware.neo4jConnector:[neo4j_connector] Received response. 
INFO:neo4j_middleware.neo4jConnector:[neo4j_connector] Running query: MERGE(n23323:ts20201130T174446:SecondaryNode:IfcAxis2Placement3D {p21_id:23323, ...
INFO:neo4j_middleware.neo4jConnector:[neo4j_connector] Query delta: <neo4j._sync.work.result.Result object at 0x00000228380146A0>
INFO:neo4j_middleware.neo4jConnector:[neo4j_connector] Received response. 
INFO:neo4j_middleware.neo4jConnector:[neo4j_connector] Running query: MERGE(n23319:ts20201130T174446:SecondaryNode:IfcProductDefinitionShape {Name:"No...
INFO:neo4j_middleware.neo4jConnector:[neo4j_connector] Query delta: <neo4j._sync.work.result.Result object at 0x00000228390B8D00>
INFO:neo4j_middleware.neo4jConnector:[neo4j_connector] Received response. 
INFO:neo4j_middleware.neo4jConnector:[neo4j_connector] Running query: MERGE(n23317:ts20201130T174446:SecondaryNode:IfcShapeRepresentation {Representat...
INFO:neo4j_middleware.neo4jConnector:[neo4j_connector] Query delta: <neo4j._sync.work.result.Result object at 0x00000228395CF0A0>
INFO:neo4j_middleware.neo4jConnector:[neo4j_connector] Received response. 
INFO:neo4j_middleware.neo4jConnector:[neo4j_connector] Running query: MERGE(n23315:ts20201130T174446:SecondaryNode:IfcMappedItem {p21_id:23315, Entity...
INFO:neo4j_middleware.neo4jConnector:[neo4j_connector] Query delta: <neo4j._sync.work.result.Result object at 0x00000228390A6670>
INFO:neo4j_middleware.neo4jConnector:[neo4j_connector] Received response. 
INFO:neo4j_middleware.neo4jConnector:[neo4j_connector] Running query: MERGE(n23312:ts20201130T174446:SecondaryNode:IfcRepresentationMap {p21_id:23312,...
INFO:neo4j_middleware.neo4jConnector:[neo4j_connector] Query delta: <neo4j._sync.work.result.Result object at 0x00000228390A1610>
INFO:neo4j_middleware.neo4jConnector:[neo4j_connector] Received response. 
INFO:neo4j_middleware.neo4jConnector:[neo4j_connector] Running query: MERGE(n23309:ts20201130T174446:SecondaryNode:IfcShapeRepresentation {Representat...
INFO:neo4j_middleware.neo4jConnector:[neo4j_connector] Query delta: <neo4j._sync.work.result.Result object at 0x00000228390B8B80>
INFO:neo4j_middleware.neo4jConnector:[neo4j_connector] Received response. 
INFO:neo4j_middleware.neo4jConnector:[neo4j_connector] Running query: MERGE(n23304:ts20201130T174446:SecondaryNode:IfcAxis2Placement3D {p21_id:23304, ...
INFO:neo4j_middleware.neo4jConnector:[neo4j_connector] Query delta: <neo4j._sync.work.result.Result object at 0x00000228395CE310>
INFO:neo4j_middleware.neo4jConnector:[neo4j_connector] Received response. 
INFO:neo4j_middleware.neo4jConnector:[neo4j_connector] Running query: MERGE(n23302:ts20201130T174446:SecondaryNode:IfcCartesianPoint {Coordinates:"(0....
INFO:neo4j_middleware.neo4jConnector:[neo4j_connector] Query delta: <neo4j._sync.work.result.Result object at 0x00000228380399A0>
INFO:neo4j_middleware.neo4jConnector:[neo4j_connector] Received response. 
INFO:neo4j_middleware.neo4jConnector:[neo4j_connector] Running query: MERGE(n23300:ts20201130T174446:SecondaryNode:IfcAxis2Placement2D {p21_id:23300, ...
INFO:neo4j_middleware.neo4jConnector:[neo4j_connector] Query delta: <neo4j._sync.work.result.Result object at 0x00000228395C5B20>
INFO:neo4j_middleware.neo4jConnector:[neo4j_connector] Received response. 
INFO:neo4j_middleware.neo4jConnector:[neo4j_connector] Running query: MERGE(n23298:ts20201130T174446:SecondaryNode:IfcCartesianPoint {Coordinates:"(0....
INFO:neo4j_middleware.neo4jConnector:[neo4j_connector] Query delta: <neo4j._sync.work.result.Result object at 0x00000228395CFF70>
INFO:neo4j_middleware.neo4jConnector:[neo4j_connector] Received response. 
INFO:neo4j_middleware.neo4jConnector:[neo4j_connector] Running query: MERGE(n25049:ts20201130T174446:SecondaryNode:IfcCartesianPoint {Coordinates:"(7....
INFO:neo4j_middleware.neo4jConnector:[neo4j_connector] Query delta: <neo4j._sync.work.result.Result object at 0x00000228390A1A00>
INFO:neo4j_middleware.neo4jConnector:[neo4j_connector] Received response. 
INFO:neo4j_middleware.neo4jConnector:[neo4j_connector] Running query: MERGE(n23289:ts20201130T174446:SecondaryNode:IfcPropertySet {GlobalId:"1ANc0dqXX...
INFO:neo4j_middleware.neo4jConnector:[neo4j_connector] Query delta: <neo4j._sync.work.result.Result object at 0x00000228395CFA90>
INFO:neo4j_middleware.neo4jConnector:[neo4j_connector] Received response. 
INFO:neo4j_middleware.neo4jConnector:[neo4j_connector] Running query: MERGE(n23282:ts20201130T174446:SecondaryNode:IfcCartesianPoint {Coordinates:"(-2...
INFO:neo4j_middleware.neo4jConnector:[neo4j_connector] Query delta: <neo4j._sync.work.result.Result object at 0x00000228390B8280>
INFO:neo4j_middleware.neo4jConnector:[neo4j_connector] Received response. 
INFO:neo4j_middleware.neo4jConnector:[neo4j_connector] Running query: MERGE(n23278:ts20201130T174446:SecondaryNode:IfcCartesianPoint {Coordinates:"(-2...
INFO:neo4j_middleware.neo4jConnector:[neo4j_connector] Query delta: <neo4j._sync.work.result.Result object at 0x00000228395CE2B0>
INFO:neo4j_middleware.neo4jConnector:[neo4j_connector] Received response. 
INFO:neo4j_middleware.neo4jConnector:[neo4j_connector] Running query: MERGE(n23274:ts20201130T174446:SecondaryNode:IfcShapeRepresentation {Representat...
INFO:neo4j_middleware.neo4jConnector:[neo4j_connector] Query delta: <neo4j._sync.work.result.Result object at 0x0000022838014580>
INFO:neo4j_middleware.neo4jConnector:[neo4j_connector] Received response. 
INFO:neo4j_middleware.neo4jConnector:[neo4j_connector] Running query: MERGE(n23272:ts20201130T174446:SecondaryNode:IfcMappedItem {p21_id:23272, Entity...
INFO:neo4j_middleware.neo4jConnector:[neo4j_connector] Query delta: <neo4j._sync.work.result.Result object at 0x00000228395C5190>
INFO:neo4j_middleware.neo4jConnector:[neo4j_connector] Received response. 
INFO:neo4j_middleware.neo4jConnector:[neo4j_connector] Running query: MERGE(n23270:ts20201130T174446:PrimaryNode:IfcMemberType {GlobalId:"3h7JYbUvL63x...
INFO:neo4j_middleware.neo4jConnector:[neo4j_connector] Query delta: <neo4j._sync.work.result.Result object at 0x00000228395CF310>
INFO:neo4j_middleware.neo4jConnector:[neo4j_connector] Received response. 
INFO:neo4j_middleware.neo4jConnector:[neo4j_connector] Running query: MERGE(n23268:ts20201130T174446:SecondaryNode:IfcAxis2Placement3D {p21_id:23268, ...
INFO:neo4j_middleware.neo4jConnector:[neo4j_connector] Query delta: <neo4j._sync.work.result.Result object at 0x00000228390A6160>
INFO:neo4j_middleware.neo4jConnector:[neo4j_connector] Received response. 
INFO:neo4j_middleware.neo4jConnector:[neo4j_connector] Running query: MERGE(n23259:ts20201130T174446:SecondaryNode:IfcCartesianPoint {Coordinates:"(0....
INFO:neo4j_middleware.neo4jConnector:[neo4j_connector] Query delta: <neo4j._sync.work.result.Result object at 0x00000228395CF820>
INFO:neo4j_middleware.neo4jConnector:[neo4j_connector] Received response. 
INFO:neo4j_middleware.neo4jConnector:[neo4j_connector] Running query: MERGE(n23257:ts20201130T174446:SecondaryNode:IfcAxis2Placement2D {p21_id:23257, ...
INFO:neo4j_middleware.neo4jConnector:[neo4j_connector] Query delta: <neo4j._sync.work.result.Result object at 0x00000228395C5280>
INFO:neo4j_middleware.neo4jConnector:[neo4j_connector] Received response. 
INFO:neo4j_middleware.neo4jConnector:[neo4j_connector] Running query: MERGE(n23255:ts20201130T174446:SecondaryNode:IfcCartesianPoint {Coordinates:"(0....
INFO:neo4j_middleware.neo4jConnector:[neo4j_connector] Query delta: <neo4j._sync.work.result.Result object at 0x00000228395CE9D0>
INFO:neo4j_middleware.neo4jConnector:[neo4j_connector] Received response. 
INFO:neo4j_middleware.neo4jConnector:[neo4j_connector] Running query: MERGE(n23253:ts20201130T174446:SecondaryNode:IfcAxis2Placement3D {p21_id:23253, ...
INFO:neo4j_middleware.neo4jConnector:[neo4j_connector] Query delta: <neo4j._sync.work.result.Result object at 0x0000022839097520>
INFO:neo4j_middleware.neo4jConnector:[neo4j_connector] Received response. 
INFO:neo4j_middleware.neo4jConnector:[neo4j_connector] Running query: MERGE(n25053:ts20201130T174446:PrimaryNode:IfcOpeningElement {GlobalId:"2idC0G3e...
INFO:neo4j_middleware.neo4jConnector:[neo4j_connector] Query delta: <neo4j._sync.work.result.Result object at 0x00000228395C5310>
INFO:neo4j_middleware.neo4jConnector:[neo4j_connector] Received response. 
INFO:neo4j_middleware.neo4jConnector:[neo4j_connector] Running query: MERGE(n23238:ts20201130T174446:SecondaryNode:IfcLocalPlacement {p21_id:23238, En...
INFO:neo4j_middleware.neo4jConnector:[neo4j_connector] Query delta: <neo4j._sync.work.result.Result object at 0x00000228390B8CA0>
INFO:neo4j_middleware.neo4jConnector:[neo4j_connector] Received response. 
INFO:neo4j_middleware.neo4jConnector:[neo4j_connector] Running query: MERGE(n23229:ts20201130T174446:SecondaryNode:IfcMappedItem {p21_id:23229, Entity...
INFO:neo4j_middleware.neo4jConnector:[neo4j_connector] Query delta: <neo4j._sync.work.result.Result object at 0x000002283800A940>
INFO:neo4j_middleware.neo4jConnector:[neo4j_connector] Received response. 
INFO:neo4j_middleware.neo4jConnector:[neo4j_connector] Running query: MERGE(n23227:ts20201130T174446:PrimaryNode:IfcMemberType {GlobalId:"1dDvVIJCDCAe...
INFO:neo4j_middleware.neo4jConnector:[neo4j_connector] Query delta: <neo4j._sync.work.result.Result object at 0x00000228395CF940>
INFO:neo4j_middleware.neo4jConnector:[neo4j_connector] Received response. 
INFO:neo4j_middleware.neo4jConnector:[neo4j_connector] Running query: MERGE(n23223:ts20201130T174446:SecondaryNode:IfcShapeRepresentation {Representat...
INFO:neo4j_middleware.neo4jConnector:[neo4j_connector] Query delta: <neo4j._sync.work.result.Result object at 0x00000228395C5190>
INFO:neo4j_middleware.neo4jConnector:[neo4j_connector] Received response. 
INFO:neo4j_middleware.neo4jConnector:[neo4j_connector] Running query: MERGE(n23219:ts20201130T174446:SecondaryNode:IfcExtrudedAreaSolid {Depth:0.98333...
INFO:neo4j_middleware.neo4jConnector:[neo4j_connector] Query delta: <neo4j._sync.work.result.Result object at 0x00000228395CE0A0>
INFO:neo4j_middleware.neo4jConnector:[neo4j_connector] Received response. 
INFO:neo4j_middleware.neo4jConnector:[neo4j_connector] Running query: MERGE(n23215:ts20201130T174446:SecondaryNode:IfcRectangleProfileDef {ProfileType...
INFO:neo4j_middleware.neo4jConnector:[neo4j_connector] Query delta: <neo4j._sync.work.result.Result object at 0x0000022838039A90>
INFO:neo4j_middleware.neo4jConnector:[neo4j_connector] Received response. 
INFO:neo4j_middleware.neo4jConnector:[neo4j_connector] Running query: MERGE(n23212:ts20201130T174446:SecondaryNode:IfcCartesianPoint {Coordinates:"(0....
INFO:neo4j_middleware.neo4jConnector:[neo4j_connector] Query delta: <neo4j._sync.work.result.Result object at 0x00000228390B88B0>
INFO:neo4j_middleware.neo4jConnector:[neo4j_connector] Received response. 
INFO:neo4j_middleware.neo4jConnector:[neo4j_connector] Running query: MERGE(n23200:ts20201130T174446:PrimaryNode:IfcMember {GlobalId:"1s5utE$rDDfRKgzV...
INFO:neo4j_middleware.neo4jConnector:[neo4j_connector] Query delta: <neo4j._sync.work.result.Result object at 0x00000228390A2EE0>
INFO:neo4j_middleware.neo4jConnector:[neo4j_connector] Received response. 
INFO:neo4j_middleware.neo4jConnector:[neo4j_connector] Running query: MERGE(n23194:ts20201130T174446:SecondaryNode:IfcAxis2Placement3D {p21_id:23194, ...
INFO:neo4j_middleware.neo4jConnector:[neo4j_connector] Query delta: <neo4j._sync.work.result.Result object at 0x00000228390974F0>
INFO:neo4j_middleware.neo4jConnector:[neo4j_connector] Received response. 
INFO:neo4j_middleware.neo4jConnector:[neo4j_connector] Running query: MERGE(n23186:ts20201130T174446:SecondaryNode:IfcMappedItem {p21_id:23186, Entity...
INFO:neo4j_middleware.neo4jConnector:[neo4j_connector] Query delta: <neo4j._sync.work.result.Result object at 0x00000228390A2EE0>
INFO:neo4j_middleware.neo4jConnector:[neo4j_connector] Received response. 
INFO:neo4j_middleware.neo4jConnector:[neo4j_connector] Running query: MERGE(n23182:ts20201130T174446:SecondaryNode:IfcAxis2Placement3D {p21_id:23182, ...
INFO:neo4j_middleware.neo4jConnector:[neo4j_connector] Query delta: <neo4j._sync.work.result.Result object at 0x00000228390B8130>
INFO:neo4j_middleware.neo4jConnector:[neo4j_connector] Received response. 
INFO:neo4j_middleware.neo4jConnector:[neo4j_connector] Running query: MERGE(n23172:ts20201130T174446:SecondaryNode:IfcRectangleProfileDef {ProfileType...
INFO:neo4j_middleware.neo4jConnector:[neo4j_connector] Query delta: <neo4j._sync.work.result.Result object at 0x00000228395C5310>
INFO:neo4j_middleware.neo4jConnector:[neo4j_connector] Received response. 
INFO:neo4j_middleware.neo4jConnector:[neo4j_connector] Running query: MERGE(n23171:ts20201130T174446:SecondaryNode:IfcAxis2Placement2D {p21_id:23171, ...
INFO:neo4j_middleware.neo4jConnector:[neo4j_connector] Query delta: <neo4j._sync.work.result.Result object at 0x00000228390A1CD0>
INFO:neo4j_middleware.neo4jConnector:[neo4j_connector] Received response. 
INFO:neo4j_middleware.neo4jConnector:[neo4j_connector] Running query: MERGE(n25061:ts20201130T174446:SecondaryNode:IfcAxis2Placement3D {p21_id:25061, ...
INFO:neo4j_middleware.neo4jConnector:[neo4j_connector] Query delta: <neo4j._sync.work.result.Result object at 0x0000022839097160>
INFO:neo4j_middleware.neo4jConnector:[neo4j_connector] Received response. 
INFO:neo4j_middleware.neo4jConnector:[neo4j_connector] Running query: MERGE(n23167:ts20201130T174446:SecondaryNode:IfcAxis2Placement3D {p21_id:23167, ...
INFO:neo4j_middleware.neo4jConnector:[neo4j_connector] Query delta: <neo4j._sync.work.result.Result object at 0x00000228390B8D30>
INFO:neo4j_middleware.neo4jConnector:[neo4j_connector] Received response. 
INFO:neo4j_middleware.neo4jConnector:[neo4j_connector] Running query: MERGE(n23157:ts20201130T174446:PrimaryNode:IfcMember {GlobalId:"1s5utE$rDDfRKgzV...
INFO:neo4j_middleware.neo4jConnector:[neo4j_connector] Query delta: <neo4j._sync.work.result.Result object at 0x00000228390A26D0>
INFO:neo4j_middleware.neo4jConnector:[neo4j_connector] Received response. 
INFO:neo4j_middleware.neo4jConnector:[neo4j_connector] Running query: MERGE(n23155:ts20201130T174446:SecondaryNode:IfcAxis2Placement3D {p21_id:23155, ...
INFO:neo4j_middleware.neo4jConnector:[neo4j_connector] Query delta: <neo4j._sync.work.result.Result object at 0x00000228395CFB20>
INFO:neo4j_middleware.neo4jConnector:[neo4j_connector] Received response. 
INFO:neo4j_middleware.neo4jConnector:[neo4j_connector] Running query: MERGE(n23153:ts20201130T174446:SecondaryNode:IfcCartesianPoint {Coordinates:"(3....
INFO:neo4j_middleware.neo4jConnector:[neo4j_connector] Query delta: <neo4j._sync.work.result.Result object at 0x00000228390B8130>
INFO:neo4j_middleware.neo4jConnector:[neo4j_connector] Received response. 
INFO:neo4j_middleware.neo4jConnector:[neo4j_connector] Running query: MERGE(n23152:ts20201130T174446:SecondaryNode:IfcLocalPlacement {p21_id:23152, En...
INFO:neo4j_middleware.neo4jConnector:[neo4j_connector] Query delta: <neo4j._sync.work.result.Result object at 0x00000228395C54F0>
INFO:neo4j_middleware.neo4jConnector:[neo4j_connector] Received response. 
INFO:neo4j_middleware.neo4jConnector:[neo4j_connector] Running query: MERGE(n23149:ts20201130T174446:SecondaryNode:IfcCartesianPoint {Coordinates:"(3....
INFO:neo4j_middleware.neo4jConnector:[neo4j_connector] Query delta: <neo4j._sync.work.result.Result object at 0x00000228390A17F0>
INFO:neo4j_middleware.neo4jConnector:[neo4j_connector] Received response. 
INFO:neo4j_middleware.neo4jConnector:[neo4j_connector] Running query: MERGE(n23140:ts20201130T174446:SecondaryNode:IfcRepresentationMap {p21_id:23140,...
INFO:neo4j_middleware.neo4jConnector:[neo4j_connector] Query delta: <neo4j._sync.work.result.Result object at 0x0000022839097940>
INFO:neo4j_middleware.neo4jConnector:[neo4j_connector] Received response. 
INFO:neo4j_middleware.neo4jConnector:[neo4j_connector] Running query: MERGE(n23137:ts20201130T174446:SecondaryNode:IfcShapeRepresentation {Representat...
INFO:neo4j_middleware.neo4jConnector:[neo4j_connector] Query delta: <neo4j._sync.work.result.Result object at 0x00000228390B86A0>
INFO:neo4j_middleware.neo4jConnector:[neo4j_connector] Received response. 
INFO:neo4j_middleware.neo4jConnector:[neo4j_connector] Running query: MERGE(n23134:ts20201130T174446:SecondaryNode:IfcStyledItem {Name:"None", p21_id:...
INFO:neo4j_middleware.neo4jConnector:[neo4j_connector] Query delta: <neo4j._sync.work.result.Result object at 0x00000228390A2790>
INFO:neo4j_middleware.neo4jConnector:[neo4j_connector] Received response. 
INFO:neo4j_middleware.neo4jConnector:[neo4j_connector] Running query: MERGE(n23133:ts20201130T174446:SecondaryNode:IfcExtrudedAreaSolid {Depth:0.95833...
INFO:neo4j_middleware.neo4jConnector:[neo4j_connector] Query delta: <neo4j._sync.work.result.Result object at 0x00000228395CFAF0>
INFO:neo4j_middleware.neo4jConnector:[neo4j_connector] Received response. 
INFO:neo4j_middleware.neo4jConnector:[neo4j_connector] Running query: MERGE(n23129:ts20201130T174446:SecondaryNode:IfcRectangleProfileDef {ProfileType...
INFO:neo4j_middleware.neo4jConnector:[neo4j_connector] Query delta: <neo4j._sync.work.result.Result object at 0x0000022839097C10>
INFO:neo4j_middleware.neo4jConnector:[neo4j_connector] Received response. 
INFO:neo4j_middleware.neo4jConnector:[neo4j_connector] Running query: MERGE(n25067:ts20201130T174446:SecondaryNode:IfcAxis2Placement2D {p21_id:25067, ...
INFO:neo4j_middleware.neo4jConnector:[neo4j_connector] Query delta: <neo4j._sync.work.result.Result object at 0x00000228390A15B0>
INFO:neo4j_middleware.neo4jConnector:[neo4j_connector] Received response. 
INFO:neo4j_middleware.neo4jConnector:[neo4j_connector] Running query: MERGE(n23119:ts20201130T174446:SecondaryNode:IfcPropertySet {GlobalId:"1G$RZ$UIT...
INFO:neo4j_middleware.neo4jConnector:[neo4j_connector] Query delta: <neo4j._sync.work.result.Result object at 0x00000228395BE640>
INFO:neo4j_middleware.neo4jConnector:[neo4j_connector] Received response. 
INFO:neo4j_middleware.neo4jConnector:[neo4j_connector] Running query: MERGE(n23114:ts20201130T174446:PrimaryNode:IfcMember {GlobalId:"1s5utE$rDDfRKgzV...
INFO:neo4j_middleware.neo4jConnector:[neo4j_connector] Query delta: <neo4j._sync.work.result.Result object at 0x00000228395C55E0>
INFO:neo4j_middleware.neo4jConnector:[neo4j_connector] Received response. 
INFO:neo4j_middleware.neo4jConnector:[neo4j_connector] Running query: MERGE(n23112:ts20201130T174446:SecondaryNode:IfcAxis2Placement3D {p21_id:23112, ...
INFO:neo4j_middleware.neo4jConnector:[neo4j_connector] Query delta: <neo4j._sync.work.result.Result object at 0x00000228390B8AF0>
INFO:neo4j_middleware.neo4jConnector:[neo4j_connector] Received response. 
INFO:neo4j_middleware.neo4jConnector:[neo4j_connector] Running query: MERGE(n23110:ts20201130T174446:SecondaryNode:IfcCartesianPoint {Coordinates:"(3....
INFO:neo4j_middleware.neo4jConnector:[neo4j_connector] Query delta: <neo4j._sync.work.result.Result object at 0x00000228390A2DF0>
INFO:neo4j_middleware.neo4jConnector:[neo4j_connector] Received response. 
INFO:neo4j_middleware.neo4jConnector:[neo4j_connector] Running query: MERGE(n23108:ts20201130T174446:SecondaryNode:IfcAxis2Placement3D {p21_id:23108, ...
INFO:neo4j_middleware.neo4jConnector:[neo4j_connector] Query delta: <neo4j._sync.work.result.Result object at 0x000002283800A940>
INFO:neo4j_middleware.neo4jConnector:[neo4j_connector] Received response. 
INFO:neo4j_middleware.neo4jConnector:[neo4j_connector] Running query: MERGE(n23104:ts20201130T174446:SecondaryNode:IfcProductDefinitionShape {Name:"No...
INFO:neo4j_middleware.neo4jConnector:[neo4j_connector] Query delta: <neo4j._sync.work.result.Result object at 0x0000022839097850>
INFO:neo4j_middleware.neo4jConnector:[neo4j_connector] Received response. 
INFO:neo4j_middleware.neo4jConnector:[neo4j_connector] Running query: MERGE(n23100:ts20201130T174446:SecondaryNode:IfcMappedItem {p21_id:23100, Entity...
INFO:neo4j_middleware.neo4jConnector:[neo4j_connector] Query delta: <neo4j._sync.work.result.Result object at 0x00000228395C5970>
INFO:neo4j_middleware.neo4jConnector:[neo4j_connector] Received response. 
INFO:neo4j_middleware.neo4jConnector:[neo4j_connector] Running query: MERGE(n23097:ts20201130T174446:SecondaryNode:IfcRepresentationMap {p21_id:23097,...
INFO:neo4j_middleware.neo4jConnector:[neo4j_connector] Query delta: <neo4j._sync.work.result.Result object at 0x00000228395BEB20>
INFO:neo4j_middleware.neo4jConnector:[neo4j_connector] Received response. 
INFO:neo4j_middleware.neo4jConnector:[neo4j_connector] Running query: MERGE(n23089:ts20201130T174446:SecondaryNode:IfcAxis2Placement3D {p21_id:23089, ...
INFO:neo4j_middleware.neo4jConnector:[neo4j_connector] Query delta: <neo4j._sync.work.result.Result object at 0x00000228395C5520>
INFO:neo4j_middleware.neo4jConnector:[neo4j_connector] Received response. 
INFO:neo4j_middleware.neo4jConnector:[neo4j_connector] Running query: MERGE(n23087:ts20201130T174446:SecondaryNode:IfcCartesianPoint {Coordinates:"(-0...
INFO:neo4j_middleware.neo4jConnector:[neo4j_connector] Query delta: <neo4j._sync.work.result.Result object at 0x0000022839097A60>
INFO:neo4j_middleware.neo4jConnector:[neo4j_connector] Received response. 
INFO:neo4j_middleware.neo4jConnector:[neo4j_connector] Running query: MERGE(n23085:ts20201130T174446:SecondaryNode:IfcAxis2Placement2D {p21_id:23085, ...
INFO:neo4j_middleware.neo4jConnector:[neo4j_connector] Query delta: <neo4j._sync.work.result.Result object at 0x00000228395CF3D0>
INFO:neo4j_middleware.neo4jConnector:[neo4j_connector] Received response. 
INFO:neo4j_middleware.neo4jConnector:[neo4j_connector] Running query: MERGE(n25069:ts20201130T174446:SecondaryNode:IfcAxis2Placement3D {p21_id:25069, ...
INFO:neo4j_middleware.neo4jConnector:[neo4j_connector] Query delta: <neo4j._sync.work.result.Result object at 0x00000228390B8700>
INFO:neo4j_middleware.neo4jConnector:[neo4j_connector] Received response. 
INFO:neo4j_middleware.neo4jConnector:[neo4j_connector] Running query: MERGE(n23078:ts20201130T174446:PrimaryNode:IfcMember {GlobalId:"1s5utE$rDDfRKgzV...
INFO:neo4j_middleware.neo4jConnector:[neo4j_connector] Query delta: <neo4j._sync.work.result.Result object at 0x0000022839097B50>
INFO:neo4j_middleware.neo4jConnector:[neo4j_connector] Received response. 
INFO:neo4j_middleware.neo4jConnector:[neo4j_connector] Running query: MERGE(n25070:ts20201130T174446:SecondaryNode:IfcExtrudedAreaSolid {Depth:0.1, p2...
INFO:neo4j_middleware.neo4jConnector:[neo4j_connector] Query delta: <neo4j._sync.work.result.Result object at 0x00000228395CE6D0>
INFO:neo4j_middleware.neo4jConnector:[neo4j_connector] Received response. 
INFO:neo4j_middleware.neo4jConnector:[neo4j_connector] Running query: MERGE(n23074:ts20201130T174446:SecondaryNode:IfcCartesianPoint {Coordinates:"(1....
INFO:neo4j_middleware.neo4jConnector:[neo4j_connector] Query delta: <neo4j._sync.work.result.Result object at 0x00000228380144F0>
INFO:neo4j_middleware.neo4jConnector:[neo4j_connector] Received response. 
INFO:neo4j_middleware.neo4jConnector:[neo4j_connector] Running query: MERGE(n23072:ts20201130T174446:SecondaryNode:IfcAxis2Placement3D {p21_id:23072, ...
INFO:neo4j_middleware.neo4jConnector:[neo4j_connector] Query delta: <neo4j._sync.work.result.Result object at 0x00000228395C5460>
INFO:neo4j_middleware.neo4jConnector:[neo4j_connector] Received response. 
INFO:neo4j_middleware.neo4jConnector:[neo4j_connector] Running query: MERGE(n23070:ts20201130T174446:SecondaryNode:IfcCartesianPoint {Coordinates:"(1....
INFO:neo4j_middleware.neo4jConnector:[neo4j_connector] Query delta: <neo4j._sync.work.result.Result object at 0x0000022839097A60>
INFO:neo4j_middleware.neo4jConnector:[neo4j_connector] Received response. 
INFO:neo4j_middleware.neo4jConnector:[neo4j_connector] Running query: MERGE(n23057:ts20201130T174446:SecondaryNode:IfcLocalPlacement {p21_id:23057, En...
INFO:neo4j_middleware.neo4jConnector:[neo4j_connector] Query delta: <neo4j._sync.work.result.Result object at 0x00000228395CF040>
INFO:neo4j_middleware.neo4jConnector:[neo4j_connector] Received response. 
INFO:neo4j_middleware.neo4jConnector:[neo4j_connector] Running query: MERGE(n23052:ts20201130T174446:SecondaryNode:IfcProductDefinitionShape {Name:"No...
INFO:neo4j_middleware.neo4jConnector:[neo4j_connector] Query delta: <neo4j._sync.work.result.Result object at 0x00000228390B8DF0>
INFO:neo4j_middleware.neo4jConnector:[neo4j_connector] Received response. 
INFO:neo4j_middleware.neo4jConnector:[neo4j_connector] Running query: MERGE(n23049:ts20201130T174446:SecondaryNode:IfcMappedItem {p21_id:23049, Entity...
INFO:neo4j_middleware.neo4jConnector:[neo4j_connector] Query delta: <neo4j._sync.work.result.Result object at 0x00000228390A1F40>
INFO:neo4j_middleware.neo4jConnector:[neo4j_connector] Received response. 
INFO:neo4j_middleware.neo4jConnector:[neo4j_connector] Running query: MERGE(n23044:ts20201130T174446:SecondaryNode:IfcPropertySet {GlobalId:"15a3rV33H...
INFO:neo4j_middleware.neo4jConnector:[neo4j_connector] Query delta: <neo4j._sync.work.result.Result object at 0x00000228395CECD0>
INFO:neo4j_middleware.neo4jConnector:[neo4j_connector] Received response. 
INFO:neo4j_middleware.neo4jConnector:[neo4j_connector] Running query: MERGE(n23042:ts20201130T174446:SecondaryNode:IfcPropertySet {GlobalId:"02j0sttOD...
INFO:neo4j_middleware.neo4jConnector:[neo4j_connector] Query delta: <neo4j._sync.work.result.Result object at 0x0000022838039A90>
INFO:neo4j_middleware.neo4jConnector:[neo4j_connector] Received response. 
INFO:neo4j_middleware.neo4jConnector:[neo4j_connector] Running query: MERGE(n23037:ts20201130T174446:SecondaryNode:IfcAxis2Placement3D {p21_id:23037, ...
INFO:neo4j_middleware.neo4jConnector:[neo4j_connector] Query delta: <neo4j._sync.work.result.Result object at 0x00000228390B8D60>
INFO:neo4j_middleware.neo4jConnector:[neo4j_connector] Received response. 
INFO:neo4j_middleware.neo4jConnector:[neo4j_connector] Running query: MERGE(n23034:ts20201130T174446:SecondaryNode:IfcLocalPlacement {p21_id:23034, En...
INFO:neo4j_middleware.neo4jConnector:[neo4j_connector] Query delta: <neo4j._sync.work.result.Result object at 0x00000228395CF0A0>
INFO:neo4j_middleware.neo4jConnector:[neo4j_connector] Received response. 
INFO:neo4j_middleware.neo4jConnector:[neo4j_connector] Running query: MERGE(n23033:ts20201130T174446:SecondaryNode:IfcAxis2Placement3D {p21_id:23033, ...
INFO:neo4j_middleware.neo4jConnector:[neo4j_connector] Query delta: <neo4j._sync.work.result.Result object at 0x00000228395BEEE0>
INFO:neo4j_middleware.neo4jConnector:[neo4j_connector] Received response. 
INFO:neo4j_middleware.neo4jConnector:[neo4j_connector] Running query: MERGE(n23029:ts20201130T174446:SecondaryNode:IfcProductDefinitionShape {Name:"No...
INFO:neo4j_middleware.neo4jConnector:[neo4j_connector] Query delta: <neo4j._sync.work.result.Result object at 0x00000228395CE430>
INFO:neo4j_middleware.neo4jConnector:[neo4j_connector] Received response. 
INFO:neo4j_middleware.neo4jConnector:[neo4j_connector] Running query: MERGE(n23027:ts20201130T174446:SecondaryNode:IfcShapeRepresentation {Representat...
INFO:neo4j_middleware.neo4jConnector:[neo4j_connector] Query delta: <neo4j._sync.work.result.Result object at 0x000002283800A940>
INFO:neo4j_middleware.neo4jConnector:[neo4j_connector] Received response. 
INFO:neo4j_middleware.neo4jConnector:[neo4j_connector] Running query: MERGE(n23025:ts20201130T174446:SecondaryNode:IfcMappedItem {p21_id:23025, Entity...
INFO:neo4j_middleware.neo4jConnector:[neo4j_connector] Query delta: <neo4j._sync.work.result.Result object at 0x00000228395C57F0>
INFO:neo4j_middleware.neo4jConnector:[neo4j_connector] Received response. 
INFO:neo4j_middleware.neo4jConnector:[neo4j_connector] Running query: MERGE(n23022:ts20201130T174446:SecondaryNode:IfcRepresentationMap {p21_id:23022,...
INFO:neo4j_middleware.neo4jConnector:[neo4j_connector] Query delta: <neo4j._sync.work.result.Result object at 0x00000228395BE970>
INFO:neo4j_middleware.neo4jConnector:[neo4j_connector] Received response. 
INFO:neo4j_middleware.neo4jConnector:[neo4j_connector] Running query: MERGE(n23019:ts20201130T174446:SecondaryNode:IfcShapeRepresentation {Representat...
INFO:neo4j_middleware.neo4jConnector:[neo4j_connector] Query delta: <neo4j._sync.work.result.Result object at 0x00000228390B8250>
INFO:neo4j_middleware.neo4jConnector:[neo4j_connector] Received response. 
INFO:neo4j_middleware.neo4jConnector:[neo4j_connector] Running query: MERGE(n23014:ts20201130T174446:SecondaryNode:IfcAxis2Placement3D {p21_id:23014, ...
INFO:neo4j_middleware.neo4jConnector:[neo4j_connector] Query delta: <neo4j._sync.work.result.Result object at 0x00000228395CFA30>
INFO:neo4j_middleware.neo4jConnector:[neo4j_connector] Received response. 
INFO:neo4j_middleware.neo4jConnector:[neo4j_connector] Running query: MERGE(n23012:ts20201130T174446:SecondaryNode:IfcCartesianPoint {Coordinates:"(0....
INFO:neo4j_middleware.neo4jConnector:[neo4j_connector] Query delta: <neo4j._sync.work.result.Result object at 0x00000228395CE940>
INFO:neo4j_middleware.neo4jConnector:[neo4j_connector] Received response. 
INFO:neo4j_middleware.neo4jConnector:[neo4j_connector] Running query: MERGE(n23011:ts20201130T174446:SecondaryNode:IfcRectangleProfileDef {ProfileType...
INFO:neo4j_middleware.neo4jConnector:[neo4j_connector] Query delta: <neo4j._sync.work.result.Result object at 0x00000228395CF760>
INFO:neo4j_middleware.neo4jConnector:[neo4j_connector] Received response. 
INFO:neo4j_middleware.neo4jConnector:[neo4j_connector] Running query: MERGE(n23010:ts20201130T174446:SecondaryNode:IfcAxis2Placement2D {p21_id:23010, ...
INFO:neo4j_middleware.neo4jConnector:[neo4j_connector] Query delta: <neo4j._sync.work.result.Result object at 0x00000228390A65B0>
INFO:neo4j_middleware.neo4jConnector:[neo4j_connector] Received response. 
INFO:neo4j_middleware.neo4jConnector:[neo4j_connector] Running query: MERGE(n23008:ts20201130T174446:SecondaryNode:IfcCartesianPoint {Coordinates:"(0....
INFO:neo4j_middleware.neo4jConnector:[neo4j_connector] Query delta: <neo4j._sync.work.result.Result object at 0x00000228395C5BB0>
INFO:neo4j_middleware.neo4jConnector:[neo4j_connector] Received response. 
INFO:neo4j_middleware.neo4jConnector:[neo4j_connector] Running query: MERGE(n25075:ts20201130T174446:SecondaryNode:IfcCartesianPoint {Coordinates:"(6....
INFO:neo4j_middleware.neo4jConnector:[neo4j_connector] Query delta: <neo4j._sync.work.result.Result object at 0x00000228390A2E50>
INFO:neo4j_middleware.neo4jConnector:[neo4j_connector] Received response. 
INFO:neo4j_middleware.neo4jConnector:[neo4j_connector] Running query: MERGE(n22999:ts20201130T174446:SecondaryNode:IfcPropertySet {GlobalId:"0m8w$nfiT...
INFO:neo4j_middleware.neo4jConnector:[neo4j_connector] Query delta: <neo4j._sync.work.result.Result object at 0x00000228395C5160>
INFO:neo4j_middleware.neo4jConnector:[neo4j_connector] Received response. 
INFO:neo4j_middleware.neo4jConnector:[neo4j_connector] Running query: MERGE(n25077:ts20201130T174446:SecondaryNode:IfcAxis2Placement3D {p21_id:25077, ...
INFO:neo4j_middleware.neo4jConnector:[neo4j_connector] Query delta: <neo4j._sync.work.result.Result object at 0x00000228390A63A0>
INFO:neo4j_middleware.neo4jConnector:[neo4j_connector] Received response. 
INFO:neo4j_middleware.neo4jConnector:[neo4j_connector] Running query: MERGE(n22992:ts20201130T174446:SecondaryNode:IfcCartesianPoint {Coordinates:"(-4...
INFO:neo4j_middleware.neo4jConnector:[neo4j_connector] Query delta: <neo4j._sync.work.result.Result object at 0x00000228395CED60>
INFO:neo4j_middleware.neo4jConnector:[neo4j_connector] Received response. 
INFO:neo4j_middleware.neo4jConnector:[neo4j_connector] Running query: MERGE(n22988:ts20201130T174446:SecondaryNode:IfcCartesianPoint {Coordinates:"(-4...
INFO:neo4j_middleware.neo4jConnector:[neo4j_connector] Query delta: <neo4j._sync.work.result.Result object at 0x00000228395CFA00>
INFO:neo4j_middleware.neo4jConnector:[neo4j_connector] Received response. 
INFO:neo4j_middleware.neo4jConnector:[neo4j_connector] Running query: MERGE(n22984:ts20201130T174446:SecondaryNode:IfcShapeRepresentation {Representat...
INFO:neo4j_middleware.neo4jConnector:[neo4j_connector] Query delta: <neo4j._sync.work.result.Result object at 0x00000228390B8B20>
INFO:neo4j_middleware.neo4jConnector:[neo4j_connector] Received response. 
INFO:neo4j_middleware.neo4jConnector:[neo4j_connector] Running query: MERGE(n22982:ts20201130T174446:SecondaryNode:IfcMappedItem {p21_id:22982, Entity...
INFO:neo4j_middleware.neo4jConnector:[neo4j_connector] Query delta: <neo4j._sync.work.result.Result object at 0x00000228395C5BB0>
INFO:neo4j_middleware.neo4jConnector:[neo4j_connector] Received response. 
INFO:neo4j_middleware.neo4jConnector:[neo4j_connector] Running query: MERGE(n22980:ts20201130T174446:PrimaryNode:IfcMemberType {GlobalId:"3gZpO5KU15lg...
INFO:neo4j_middleware.neo4jConnector:[neo4j_connector] Query delta: <neo4j._sync.work.result.Result object at 0x00000228390A2820>
INFO:neo4j_middleware.neo4jConnector:[neo4j_connector] Received response. 
INFO:neo4j_middleware.neo4jConnector:[neo4j_connector] Running query: MERGE(n22978:ts20201130T174446:SecondaryNode:IfcAxis2Placement3D {p21_id:22978, ...
INFO:neo4j_middleware.neo4jConnector:[neo4j_connector] Query delta: <neo4j._sync.work.result.Result object at 0x00000228395BE7F0>
INFO:neo4j_middleware.neo4jConnector:[neo4j_connector] Received response. 
INFO:neo4j_middleware.neo4jConnector:[neo4j_connector] Running query: MERGE(n22973:ts20201130T174446:SecondaryNode:IfcStyledItem {Name:"None", p21_id:...
INFO:neo4j_middleware.neo4jConnector:[neo4j_connector] Query delta: <neo4j._sync.work.result.Result object at 0x00000228390A6D60>
INFO:neo4j_middleware.neo4jConnector:[neo4j_connector] Received response. 
INFO:neo4j_middleware.neo4jConnector:[neo4j_connector] Running query: MERGE(n22969:ts20201130T174446:SecondaryNode:IfcCartesianPoint {Coordinates:"(-0...
INFO:neo4j_middleware.neo4jConnector:[neo4j_connector] Query delta: <neo4j._sync.work.result.Result object at 0x00000228395CE370>
INFO:neo4j_middleware.neo4jConnector:[neo4j_connector] Received response. 
INFO:neo4j_middleware.neo4jConnector:[neo4j_connector] Running query: MERGE(n22967:ts20201130T174446:SecondaryNode:IfcAxis2Placement2D {p21_id:22967, ...
INFO:neo4j_middleware.neo4jConnector:[neo4j_connector] Query delta: <neo4j._sync.work.result.Result object at 0x0000022830AFA550>
INFO:neo4j_middleware.neo4jConnector:[neo4j_connector] Received response. 
INFO:neo4j_middleware.neo4jConnector:[neo4j_connector] Running query: MERGE(n22965:ts20201130T174446:SecondaryNode:IfcCartesianPoint {Coordinates:"(0....
INFO:neo4j_middleware.neo4jConnector:[neo4j_connector] Query delta: <neo4j._sync.work.result.Result object at 0x00000228390B8EE0>
INFO:neo4j_middleware.neo4jConnector:[neo4j_connector] Received response. 
INFO:neo4j_middleware.neo4jConnector:[neo4j_connector] Running query: MERGE(n22963:ts20201130T174446:SecondaryNode:IfcAxis2Placement3D {p21_id:22963, ...
INFO:neo4j_middleware.neo4jConnector:[neo4j_connector] Query delta: <neo4j._sync.work.result.Result object at 0x00000228395C5730>
INFO:neo4j_middleware.neo4jConnector:[neo4j_connector] Received response. 
INFO:neo4j_middleware.neo4jConnector:[neo4j_connector] Running query: MERGE(n22955:ts20201130T174446:SecondaryNode:IfcPropertySingleValue {Name:"Refer...
INFO:neo4j_middleware.neo4jConnector:[neo4j_connector] Query delta: <neo4j._sync.work.result.Result object at 0x00000228390A2820>
INFO:neo4j_middleware.neo4jConnector:[neo4j_connector] Received response. 
INFO:neo4j_middleware.neo4jConnector:[neo4j_connector] Running query: MERGE(n22952:ts20201130T174446:PrimaryNode:IfcMember {GlobalId:"1s5utE$rDDfRKgzV...
INFO:neo4j_middleware.neo4jConnector:[neo4j_connector] Query delta: <neo4j._sync.work.result.Result object at 0x00000228395C5430>
INFO:neo4j_middleware.neo4jConnector:[neo4j_connector] Received response. 
INFO:neo4j_middleware.neo4jConnector:[neo4j_connector] Running query: MERGE(n25079:ts20201130T174446:PrimaryNode:IfcOpeningElement {GlobalId:"2idC0G3e...
INFO:neo4j_middleware.neo4jConnector:[neo4j_connector] Query delta: <neo4j._sync.work.result.Result object at 0x00000228390A62B0>
INFO:neo4j_middleware.neo4jConnector:[neo4j_connector] Received response. 
INFO:neo4j_middleware.neo4jConnector:[neo4j_connector] Running query: MERGE(n22950:ts20201130T174446:SecondaryNode:IfcAxis2Placement3D {p21_id:22950, ...
INFO:neo4j_middleware.neo4jConnector:[neo4j_connector] Query delta: <neo4j._sync.work.result.Result object at 0x00000228395CF070>
INFO:neo4j_middleware.neo4jConnector:[neo4j_connector] Received response. 
INFO:neo4j_middleware.neo4jConnector:[neo4j_connector] Running query: MERGE(n22948:ts20201130T174446:SecondaryNode:IfcCartesianPoint {Coordinates:"(3....
INFO:neo4j_middleware.neo4jConnector:[neo4j_connector] Query delta: <neo4j._sync.work.result.Result object at 0x00000228395CFF40>
INFO:neo4j_middleware.neo4jConnector:[neo4j_connector] Received response. 
INFO:neo4j_middleware.neo4jConnector:[neo4j_connector] Running query: MERGE(n22944:ts20201130T174446:SecondaryNode:IfcCartesianPoint {Coordinates:"(3....
INFO:neo4j_middleware.neo4jConnector:[neo4j_connector] Query delta: <neo4j._sync.work.result.Result object at 0x00000228395BE820>
INFO:neo4j_middleware.neo4jConnector:[neo4j_connector] Received response. 
INFO:neo4j_middleware.neo4jConnector:[neo4j_connector] Running query: MERGE(n22942:ts20201130T174446:SecondaryNode:IfcProductDefinitionShape {Name:"No...
INFO:neo4j_middleware.neo4jConnector:[neo4j_connector] Query delta: <neo4j._sync.work.result.Result object at 0x00000228395C5790>
INFO:neo4j_middleware.neo4jConnector:[neo4j_connector] Received response. 
INFO:neo4j_middleware.neo4jConnector:[neo4j_connector] Running query: MERGE(n22940:ts20201130T174446:SecondaryNode:IfcShapeRepresentation {Representat...
INFO:neo4j_middleware.neo4jConnector:[neo4j_connector] Query delta: <neo4j._sync.work.result.Result object at 0x0000022839097CD0>
INFO:neo4j_middleware.neo4jConnector:[neo4j_connector] Received response. 
INFO:neo4j_middleware.neo4jConnector:[neo4j_connector] Running query: MERGE(n22929:ts20201130T174446:SecondaryNode:IfcStyledItem {Name:"None", p21_id:...
INFO:neo4j_middleware.neo4jConnector:[neo4j_connector] Query delta: <neo4j._sync.work.result.Result object at 0x0000022838014E50>
INFO:neo4j_middleware.neo4jConnector:[neo4j_connector] Received response. 
INFO:neo4j_middleware.neo4jConnector:[neo4j_connector] Running query: MERGE(n22927:ts20201130T174446:SecondaryNode:IfcAxis2Placement3D {p21_id:22927, ...
INFO:neo4j_middleware.neo4jConnector:[neo4j_connector] Query delta: <neo4j._sync.work.result.Result object at 0x00000228390B8280>
INFO:neo4j_middleware.neo4jConnector:[neo4j_connector] Received response. 
INFO:neo4j_middleware.neo4jConnector:[neo4j_connector] Running query: MERGE(n22925:ts20201130T174446:SecondaryNode:IfcCartesianPoint {Coordinates:"(-0...
INFO:neo4j_middleware.neo4jConnector:[neo4j_connector] Query delta: <neo4j._sync.work.result.Result object at 0x00000228395CE460>
INFO:neo4j_middleware.neo4jConnector:[neo4j_connector] Received response. 
INFO:neo4j_middleware.neo4jConnector:[neo4j_connector] Running query: MERGE(n22924:ts20201130T174446:SecondaryNode:IfcRectangleProfileDef {ProfileType...
INFO:neo4j_middleware.neo4jConnector:[neo4j_connector] Query delta: <neo4j._sync.work.result.Result object at 0x00000228390A6B20>
INFO:neo4j_middleware.neo4jConnector:[neo4j_connector] Received response. 
INFO:neo4j_middleware.neo4jConnector:[neo4j_connector] Running query: MERGE(n25082:ts20201130T174446:ConnectionNode:IfcRelVoidsElement {GlobalId:"2idC...
INFO:neo4j_middleware.neo4jConnector:[neo4j_connector] Query delta: <neo4j._sync.work.result.Result object at 0x00000228390B8CA0>
INFO:neo4j_middleware.neo4jConnector:[neo4j_connector] Received response. 
INFO:neo4j_middleware.neo4jConnector:[neo4j_connector] Running query: MERGE(n22914:ts20201130T174446:SecondaryNode:IfcAxis2Placement3D {p21_id:22914, ...
INFO:neo4j_middleware.neo4jConnector:[neo4j_connector] Query delta: <neo4j._sync.work.result.Result object at 0x00000228390A2A00>
INFO:neo4j_middleware.neo4jConnector:[neo4j_connector] Received response. 
INFO:neo4j_middleware.neo4jConnector:[neo4j_connector] Running query: MERGE(n22912:ts20201130T174446:SecondaryNode:IfcCartesianPoint {Coordinates:"(2....
INFO:neo4j_middleware.neo4jConnector:[neo4j_connector] Query delta: <neo4j._sync.work.result.Result object at 0x0000022838014E50>
INFO:neo4j_middleware.neo4jConnector:[neo4j_connector] Received response. 
INFO:neo4j_middleware.neo4jConnector:[neo4j_connector] Running query: MERGE(n22910:ts20201130T174446:SecondaryNode:IfcAxis2Placement3D {p21_id:22910, ...
INFO:neo4j_middleware.neo4jConnector:[neo4j_connector] Query delta: <neo4j._sync.work.result.Result object at 0x00000228390A6370>
INFO:neo4j_middleware.neo4jConnector:[neo4j_connector] Received response. 
INFO:neo4j_middleware.neo4jConnector:[neo4j_connector] Running query: MERGE(n22904:ts20201130T174446:SecondaryNode:IfcShapeRepresentation {Representat...
INFO:neo4j_middleware.neo4jConnector:[neo4j_connector] Query delta: <neo4j._sync.work.result.Result object at 0x0000022839097BB0>
INFO:neo4j_middleware.neo4jConnector:[neo4j_connector] Received response. 
INFO:neo4j_middleware.neo4jConnector:[neo4j_connector] Running query: MERGE(n22903:ts20201130T174446:SecondaryNode:IfcMappedItem {p21_id:22903, Entity...
INFO:neo4j_middleware.neo4jConnector:[neo4j_connector] Query delta: <neo4j._sync.work.result.Result object at 0x00000228395CFAC0>
INFO:neo4j_middleware.neo4jConnector:[neo4j_connector] Received response. 
INFO:neo4j_middleware.neo4jConnector:[neo4j_connector] Running query: MERGE(n22899:ts20201130T174446:SecondaryNode:IfcLocalPlacement {p21_id:22899, En...
INFO:neo4j_middleware.neo4jConnector:[neo4j_connector] Query delta: <neo4j._sync.work.result.Result object at 0x0000022839097520>
INFO:neo4j_middleware.neo4jConnector:[neo4j_connector] Received response. 
INFO:neo4j_middleware.neo4jConnector:[neo4j_connector] Running query: MERGE(n22892:ts20201130T174446:SecondaryNode:IfcCartesianPoint {Coordinates:"(0....
INFO:neo4j_middleware.neo4jConnector:[neo4j_connector] Query delta: <neo4j._sync.work.result.Result object at 0x00000228390B8820>
INFO:neo4j_middleware.neo4jConnector:[neo4j_connector] Received response. 
INFO:neo4j_middleware.neo4jConnector:[neo4j_connector] Running query: MERGE(n22888:ts20201130T174446:SecondaryNode:IfcShapeRepresentation {Representat...
INFO:neo4j_middleware.neo4jConnector:[neo4j_connector] Query delta: <neo4j._sync.work.result.Result object at 0x00000228395C5FD0>
INFO:neo4j_middleware.neo4jConnector:[neo4j_connector] Received response. 
INFO:neo4j_middleware.neo4jConnector:[neo4j_connector] Running query: MERGE(n22884:ts20201130T174446:PrimaryNode:IfcPlate {GlobalId:"1s5utE$rDDfRKgzV6...
INFO:neo4j_middleware.neo4jConnector:[neo4j_connector] Query delta: <neo4j._sync.work.result.Result object at 0x0000022838014580>
INFO:neo4j_middleware.neo4jConnector:[neo4j_connector] Received response. 
INFO:neo4j_middleware.neo4jConnector:[neo4j_connector] Running query: MERGE(n22882:ts20201130T174446:SecondaryNode:IfcAxis2Placement3D {p21_id:22882, ...
INFO:neo4j_middleware.neo4jConnector:[neo4j_connector] Query delta: <neo4j._sync.work.result.Result object at 0x0000022839056430>
INFO:neo4j_middleware.neo4jConnector:[neo4j_connector] Received response. 
INFO:neo4j_middleware.neo4jConnector:[neo4j_connector] Running query: MERGE(n22880:ts20201130T174446:SecondaryNode:IfcCartesianPoint {Coordinates:"(-1...
INFO:neo4j_middleware.neo4jConnector:[neo4j_connector] Query delta: <neo4j._sync.work.result.Result object at 0x0000022839097B50>
INFO:neo4j_middleware.neo4jConnector:[neo4j_connector] Received response. 
INFO:neo4j_middleware.neo4jConnector:[neo4j_connector] Running query: MERGE(n25091:ts20201130T174446:SecondaryNode:IfcCartesianPoint {Coordinates:"(1....
INFO:neo4j_middleware.neo4jConnector:[neo4j_connector] Query delta: <neo4j._sync.work.result.Result object at 0x00000228395CFCD0>
INFO:neo4j_middleware.neo4jConnector:[neo4j_connector] Received response. 
INFO:neo4j_middleware.neo4jConnector:[neo4j_connector] Running query: MERGE(n22874:ts20201130T174446:SecondaryNode:IfcProductDefinitionShape {Name:"No...
INFO:neo4j_middleware.neo4jConnector:[neo4j_connector] Query delta: <neo4j._sync.work.result.Result object at 0x0000022839097760>
INFO:neo4j_middleware.neo4jConnector:[neo4j_connector] Received response. 
INFO:neo4j_middleware.neo4jConnector:[neo4j_connector] Running query: MERGE(n22867:ts20201130T174446:SecondaryNode:IfcLocalPlacement {p21_id:22867, En...
INFO:neo4j_middleware.neo4jConnector:[neo4j_connector] Query delta: <neo4j._sync.work.result.Result object at 0x00000228390B8B50>
INFO:neo4j_middleware.neo4jConnector:[neo4j_connector] Received response. 
INFO:neo4j_middleware.neo4jConnector:[neo4j_connector] Running query: MERGE(n22866:ts20201130T174446:SecondaryNode:IfcAxis2Placement3D {p21_id:22866, ...
INFO:neo4j_middleware.neo4jConnector:[neo4j_connector] Query delta: <neo4j._sync.work.result.Result object at 0x00000228395C5C10>
INFO:neo4j_middleware.neo4jConnector:[neo4j_connector] Received response. 
INFO:neo4j_middleware.neo4jConnector:[neo4j_connector] Running query: MERGE(n25093:ts20201130T174446:SecondaryNode:IfcAxis2Placement2D {p21_id:25093, ...
INFO:neo4j_middleware.neo4jConnector:[neo4j_connector] Query delta: <neo4j._sync.work.result.Result object at 0x0000022838039A90>
INFO:neo4j_middleware.neo4jConnector:[neo4j_connector] Received response. 
INFO:neo4j_middleware.neo4jConnector:[neo4j_connector] Running query: MERGE(n22862:ts20201130T174446:SecondaryNode:IfcAxis2Placement3D {p21_id:22862, ...
INFO:neo4j_middleware.neo4jConnector:[neo4j_connector] Query delta: <neo4j._sync.work.result.Result object at 0x0000022839056250>
INFO:neo4j_middleware.neo4jConnector:[neo4j_connector] Received response. 
INFO:neo4j_middleware.neo4jConnector:[neo4j_connector] Running query: MERGE(n22858:ts20201130T174446:SecondaryNode:IfcProductDefinitionShape {Name:"No...
INFO:neo4j_middleware.neo4jConnector:[neo4j_connector] Query delta: <neo4j._sync.work.result.Result object at 0x00000228390A6C70>
INFO:neo4j_middleware.neo4jConnector:[neo4j_connector] Received response. 
INFO:neo4j_middleware.neo4jConnector:[neo4j_connector] Running query: MERGE(n22852:ts20201130T174446:PrimaryNode:IfcPlate {GlobalId:"1s5utE$rDDfRKgzV6...
INFO:neo4j_middleware.neo4jConnector:[neo4j_connector] Query delta: <neo4j._sync.work.result.Result object at 0x0000022839097910>
INFO:neo4j_middleware.neo4jConnector:[neo4j_connector] Received response. 
INFO:neo4j_middleware.neo4jConnector:[neo4j_connector] Running query: MERGE(n22851:ts20201130T174446:SecondaryNode:IfcLocalPlacement {p21_id:22851, En...
INFO:neo4j_middleware.neo4jConnector:[neo4j_connector] Query delta: <neo4j._sync.work.result.Result object at 0x0000022830AFA550>
INFO:neo4j_middleware.neo4jConnector:[neo4j_connector] Received response. 
INFO:neo4j_middleware.neo4jConnector:[neo4j_connector] Running query: MERGE(n22850:ts20201130T174446:SecondaryNode:IfcAxis2Placement3D {p21_id:22850, ...
INFO:neo4j_middleware.neo4jConnector:[neo4j_connector] Query delta: <neo4j._sync.work.result.Result object at 0x00000228390B8E20>
INFO:neo4j_middleware.neo4jConnector:[neo4j_connector] Received response. 
INFO:neo4j_middleware.neo4jConnector:[neo4j_connector] Running query: MERGE(n22848:ts20201130T174446:SecondaryNode:IfcCartesianPoint {Coordinates:"(2....
INFO:neo4j_middleware.neo4jConnector:[neo4j_connector] Query delta: <neo4j._sync.work.result.Result object at 0x0000022830AF9CA0>
INFO:neo4j_middleware.neo4jConnector:[neo4j_connector] Received response. 
INFO:neo4j_middleware.neo4jConnector:[neo4j_connector] Running query: MERGE(n25094:ts20201130T174446:SecondaryNode:IfcRectangleProfileDef {ProfileType...
INFO:neo4j_middleware.neo4jConnector:[neo4j_connector] Query delta: <neo4j._sync.work.result.Result object at 0x00000228380144F0>
INFO:neo4j_middleware.neo4jConnector:[neo4j_connector] Received response. 
INFO:neo4j_middleware.neo4jConnector:[neo4j_connector] Running query: MERGE(n22844:ts20201130T174446:SecondaryNode:IfcCartesianPoint {Coordinates:"(2....
INFO:neo4j_middleware.neo4jConnector:[neo4j_connector] Query delta: <neo4j._sync.work.result.Result object at 0x00000228395C5B50>
INFO:neo4j_middleware.neo4jConnector:[neo4j_connector] Received response. 
INFO:neo4j_middleware.neo4jConnector:[neo4j_connector] Running query: MERGE(n22839:ts20201130T174446:SecondaryNode:IfcMappedItem {p21_id:22839, Entity...
INFO:neo4j_middleware.neo4jConnector:[neo4j_connector] Query delta: <neo4j._sync.work.result.Result object at 0x00000228390B8DF0>
INFO:neo4j_middleware.neo4jConnector:[neo4j_connector] Received response. 
INFO:neo4j_middleware.neo4jConnector:[neo4j_connector] Running query: MERGE(n22835:ts20201130T174446:SecondaryNode:IfcLocalPlacement {p21_id:22835, En...
INFO:neo4j_middleware.neo4jConnector:[neo4j_connector] Query delta: <neo4j._sync.work.result.Result object at 0x00000228390978E0>
INFO:neo4j_middleware.neo4jConnector:[neo4j_connector] Received response. 
INFO:neo4j_middleware.neo4jConnector:[neo4j_connector] Running query: MERGE(n22832:ts20201130T174446:SecondaryNode:IfcCartesianPoint {Coordinates:"(0....
INFO:neo4j_middleware.neo4jConnector:[neo4j_connector] Query delta: <neo4j._sync.work.result.Result object at 0x00000228390A67C0>
INFO:neo4j_middleware.neo4jConnector:[neo4j_connector] Received response. 
INFO:neo4j_middleware.neo4jConnector:[neo4j_connector] Running query: MERGE(n22828:ts20201130T174446:SecondaryNode:IfcCartesianPoint {Coordinates:"(0....
INFO:neo4j_middleware.neo4jConnector:[neo4j_connector] Query delta: <neo4j._sync.work.result.Result object at 0x0000022839056610>
INFO:neo4j_middleware.neo4jConnector:[neo4j_connector] Received response. 
INFO:neo4j_middleware.neo4jConnector:[neo4j_connector] Running query: MERGE(n22824:ts20201130T174446:SecondaryNode:IfcShapeRepresentation {Representat...
INFO:neo4j_middleware.neo4jConnector:[neo4j_connector] Query delta: <neo4j._sync.work.result.Result object at 0x00000228395C55E0>
INFO:neo4j_middleware.neo4jConnector:[neo4j_connector] Received response. 
INFO:neo4j_middleware.neo4jConnector:[neo4j_connector] Running query: MERGE(n22820:ts20201130T174446:PrimaryNode:IfcPlate {GlobalId:"1s5utE$rDDfRKgzV6...
INFO:neo4j_middleware.neo4jConnector:[neo4j_connector] Query delta: <neo4j._sync.work.result.Result object at 0x0000022838014550>
INFO:neo4j_middleware.neo4jConnector:[neo4j_connector] Received response. 
INFO:neo4j_middleware.neo4jConnector:[neo4j_connector] Running query: MERGE(n22818:ts20201130T174446:SecondaryNode:IfcAxis2Placement3D {p21_id:22818, ...
INFO:neo4j_middleware.neo4jConnector:[neo4j_connector] Query delta: <neo4j._sync.work.result.Result object at 0x00000228395C5760>
INFO:neo4j_middleware.neo4jConnector:[neo4j_connector] Received response. 
INFO:neo4j_middleware.neo4jConnector:[neo4j_connector] Running query: MERGE(n25096:ts20201130T174446:SecondaryNode:IfcExtrudedAreaSolid {Depth:0.1, p2...
INFO:neo4j_middleware.neo4jConnector:[neo4j_connector] Query delta: <neo4j._sync.work.result.Result object at 0x00000228390B8400>
INFO:neo4j_middleware.neo4jConnector:[neo4j_connector] Received response. 
INFO:neo4j_middleware.neo4jConnector:[neo4j_connector] Running query: MERGE(n22814:ts20201130T174446:SecondaryNode:IfcAxis2Placement3D {p21_id:22814, ...
INFO:neo4j_middleware.neo4jConnector:[neo4j_connector] Query delta: <neo4j._sync.work.result.Result object at 0x0000022839097B50>
INFO:neo4j_middleware.neo4jConnector:[neo4j_connector] Received response. 
INFO:neo4j_middleware.neo4jConnector:[neo4j_connector] Running query: MERGE(n22810:ts20201130T174446:SecondaryNode:IfcProductDefinitionShape {Name:"No...
INFO:neo4j_middleware.neo4jConnector:[neo4j_connector] Query delta: <neo4j._sync.work.result.Result object at 0x00000228390A6640>
INFO:neo4j_middleware.neo4jConnector:[neo4j_connector] Received response. 
INFO:neo4j_middleware.neo4jConnector:[neo4j_connector] Running query: MERGE(n22807:ts20201130T174446:SecondaryNode:IfcMappedItem {p21_id:22807, Entity...
INFO:neo4j_middleware.neo4jConnector:[neo4j_connector] Query delta: <neo4j._sync.work.result.Result object at 0x00000228390569A0>
INFO:neo4j_middleware.neo4jConnector:[neo4j_connector] Received response. 
INFO:neo4j_middleware.neo4jConnector:[neo4j_connector] Running query: MERGE(n22803:ts20201130T174446:SecondaryNode:IfcLocalPlacement {p21_id:22803, En...
INFO:neo4j_middleware.neo4jConnector:[neo4j_connector] Query delta: <neo4j._sync.work.result.Result object at 0x00000228390A2B20>
INFO:neo4j_middleware.neo4jConnector:[neo4j_connector] Received response. 
INFO:neo4j_middleware.neo4jConnector:[neo4j_connector] Running query: MERGE(n22802:ts20201130T174446:SecondaryNode:IfcAxis2Placement3D {p21_id:22802, ...
INFO:neo4j_middleware.neo4jConnector:[neo4j_connector] Query delta: <neo4j._sync.work.result.Result object at 0x0000022838014640>
INFO:neo4j_middleware.neo4jConnector:[neo4j_connector] Received response. 
INFO:neo4j_middleware.neo4jConnector:[neo4j_connector] Running query: MERGE(n22794:ts20201130T174446:SecondaryNode:IfcProductDefinitionShape {Name:"No...
INFO:neo4j_middleware.neo4jConnector:[neo4j_connector] Query delta: <neo4j._sync.work.result.Result object at 0x00000228395C5FD0>
INFO:neo4j_middleware.neo4jConnector:[neo4j_connector] Received response. 
INFO:neo4j_middleware.neo4jConnector:[neo4j_connector] Running query: MERGE(n22792:ts20201130T174446:SecondaryNode:IfcShapeRepresentation {Representat...
INFO:neo4j_middleware.neo4jConnector:[neo4j_connector] Query delta: <neo4j._sync.work.result.Result object at 0x00000228390B8340>
INFO:neo4j_middleware.neo4jConnector:[neo4j_connector] Received response. 
INFO:neo4j_middleware.neo4jConnector:[neo4j_connector] Running query: MERGE(n22788:ts20201130T174446:PrimaryNode:IfcPlate {GlobalId:"1s5utE$rDDfRKgzV6...
INFO:neo4j_middleware.neo4jConnector:[neo4j_connector] Query delta: <neo4j._sync.work.result.Result object at 0x0000022839097A90>
INFO:neo4j_middleware.neo4jConnector:[neo4j_connector] Received response. 
INFO:neo4j_middleware.neo4jConnector:[neo4j_connector] Running query: MERGE(n22784:ts20201130T174446:SecondaryNode:IfcCartesianPoint {Coordinates:"(2....
INFO:neo4j_middleware.neo4jConnector:[neo4j_connector] Query delta: <neo4j._sync.work.result.Result object at 0x00000228390B8AF0>
INFO:neo4j_middleware.neo4jConnector:[neo4j_connector] Received response. 
INFO:neo4j_middleware.neo4jConnector:[neo4j_connector] Running query: MERGE(n25099:ts20201130T174446:SecondaryNode:IfcProductDefinitionShape {Name:"No...
INFO:neo4j_middleware.neo4jConnector:[neo4j_connector] Query delta: <neo4j._sync.work.result.Result object at 0x0000022830AF9CA0>
INFO:neo4j_middleware.neo4jConnector:[neo4j_connector] Received response. 
INFO:neo4j_middleware.neo4jConnector:[neo4j_connector] Running query: MERGE(n22782:ts20201130T174446:SecondaryNode:IfcAxis2Placement3D {p21_id:22782, ...
INFO:neo4j_middleware.neo4jConnector:[neo4j_connector] Query delta: <neo4j._sync.work.result.Result object at 0x00000228395BE820>
INFO:neo4j_middleware.neo4jConnector:[neo4j_connector] Received response. 
INFO:neo4j_middleware.neo4jConnector:[neo4j_connector] Running query: MERGE(n22780:ts20201130T174446:SecondaryNode:IfcCartesianPoint {Coordinates:"(2....
INFO:neo4j_middleware.neo4jConnector:[neo4j_connector] Query delta: <neo4j._sync.work.result.Result object at 0x0000022838039A90>
INFO:neo4j_middleware.neo4jConnector:[neo4j_connector] Received response. 
INFO:neo4j_middleware.neo4jConnector:[neo4j_connector] Running query: MERGE(n22762:ts20201130T174446:SecondaryNode:IfcProductDefinitionShape {Name:"No...
INFO:neo4j_middleware.neo4jConnector:[neo4j_connector] Query delta: <neo4j._sync.work.result.Result object at 0x00000228390B8850>
INFO:neo4j_middleware.neo4jConnector:[neo4j_connector] Received response. 
INFO:neo4j_middleware.neo4jConnector:[neo4j_connector] Running query: MERGE(n22759:ts20201130T174446:SecondaryNode:IfcMappedItem {p21_id:22759, Entity...
INFO:neo4j_middleware.neo4jConnector:[neo4j_connector] Query delta: <neo4j._sync.work.result.Result object at 0x00000228395CED30>
INFO:neo4j_middleware.neo4jConnector:[neo4j_connector] Received response. 
INFO:neo4j_middleware.neo4jConnector:[neo4j_connector] Running query: MERGE(n22754:ts20201130T174446:SecondaryNode:IfcPropertySet {GlobalId:"3w21sw63X...
INFO:neo4j_middleware.neo4jConnector:[neo4j_connector] Query delta: <neo4j._sync.work.result.Result object at 0x00000228395BE490>
INFO:neo4j_middleware.neo4jConnector:[neo4j_connector] Received response. 
INFO:neo4j_middleware.neo4jConnector:[neo4j_connector] Running query: MERGE(n22752:ts20201130T174446:SecondaryNode:IfcPropertySet {GlobalId:"29kGyYdTv...
INFO:neo4j_middleware.neo4jConnector:[neo4j_connector] Query delta: <neo4j._sync.work.result.Result object at 0x00000228390A6C70>
INFO:neo4j_middleware.neo4jConnector:[neo4j_connector] Received response. 
INFO:neo4j_middleware.neo4jConnector:[neo4j_connector] Running query: MERGE(n22747:ts20201130T174446:SecondaryNode:IfcLocalPlacement {p21_id:22747, En...
INFO:neo4j_middleware.neo4jConnector:[neo4j_connector] Query delta: <neo4j._sync.work.result.Result object at 0x0000022839056AF0>
INFO:neo4j_middleware.neo4jConnector:[neo4j_connector] Received response. 
INFO:neo4j_middleware.neo4jConnector:[neo4j_connector] Running query: MERGE(n22744:ts20201130T174446:SecondaryNode:IfcCartesianPoint {Coordinates:"(-1...
INFO:neo4j_middleware.neo4jConnector:[neo4j_connector] Query delta: <neo4j._sync.work.result.Result object at 0x00000228395C5EE0>
INFO:neo4j_middleware.neo4jConnector:[neo4j_connector] Received response. 
INFO:neo4j_middleware.neo4jConnector:[neo4j_connector] Running query: MERGE(n22736:ts20201130T174446:SecondaryNode:IfcShapeRepresentation {Representat...
INFO:neo4j_middleware.neo4jConnector:[neo4j_connector] Query delta: <neo4j._sync.work.result.Result object at 0x0000022838014490>
INFO:neo4j_middleware.neo4jConnector:[neo4j_connector] Received response. 
INFO:neo4j_middleware.neo4jConnector:[neo4j_connector] Running query: MERGE(n22732:ts20201130T174446:PrimaryNode:IfcPlateType {GlobalId:"18B5XxQm59XwA...
INFO:neo4j_middleware.neo4jConnector:[neo4j_connector] Query delta: <neo4j._sync.work.result.Result object at 0x00000228395CE910>
INFO:neo4j_middleware.neo4jConnector:[neo4j_connector] Received response. 
INFO:neo4j_middleware.neo4jConnector:[neo4j_connector] Running query: MERGE(n22728:ts20201130T174446:SecondaryNode:IfcShapeRepresentation {Representat...
INFO:neo4j_middleware.neo4jConnector:[neo4j_connector] Query delta: <neo4j._sync.work.result.Result object at 0x00000228390B86A0>
INFO:neo4j_middleware.neo4jConnector:[neo4j_connector] Received response. 
INFO:neo4j_middleware.neo4jConnector:[neo4j_connector] Running query: MERGE(n22724:ts20201130T174446:SecondaryNode:IfcExtrudedAreaSolid {Depth:0.93333...
INFO:neo4j_middleware.neo4jConnector:[neo4j_connector] Query delta: <neo4j._sync.work.result.Result object at 0x00000228395BEBE0>
INFO:neo4j_middleware.neo4jConnector:[neo4j_connector] Received response. 
INFO:neo4j_middleware.neo4jConnector:[neo4j_connector] Running query: MERGE(n22722:ts20201130T174446:SecondaryNode:IfcRectangleProfileDef {ProfileType...
INFO:neo4j_middleware.neo4jConnector:[neo4j_connector] Query delta: <neo4j._sync.work.result.Result object at 0x00000228390A6820>
INFO:neo4j_middleware.neo4jConnector:[neo4j_connector] Received response. 
INFO:neo4j_middleware.neo4jConnector:[neo4j_connector] Running query: MERGE(n22721:ts20201130T174446:SecondaryNode:IfcAxis2Placement2D {p21_id:22721, ...
INFO:neo4j_middleware.neo4jConnector:[neo4j_connector] Query delta: <neo4j._sync.work.result.Result object at 0x00000228395CEF10>
INFO:neo4j_middleware.neo4jConnector:[neo4j_connector] Received response. 
INFO:neo4j_middleware.neo4jConnector:[neo4j_connector] Running query: MERGE(n25104:ts20201130T174446:SecondaryNode:IfcLocalPlacement {p21_id:25104, En...
INFO:neo4j_middleware.neo4jConnector:[neo4j_connector] Query delta: <neo4j._sync.work.result.Result object at 0x00000228395C5B50>
INFO:neo4j_middleware.neo4jConnector:[neo4j_connector] Received response. 
INFO:neo4j_middleware.neo4jConnector:[neo4j_connector] Running query: MERGE(n22717:ts20201130T174446:SecondaryNode:IfcAxis2Placement3D {p21_id:22717, ...
INFO:neo4j_middleware.neo4jConnector:[neo4j_connector] Query delta: <neo4j._sync.work.result.Result object at 0x0000022838014580>
INFO:neo4j_middleware.neo4jConnector:[neo4j_connector] Received response. 
INFO:neo4j_middleware.neo4jConnector:[neo4j_connector] Running query: MERGE(n22709:ts20201130T174446:SecondaryNode:IfcPropertySingleValue {Name:"Therm...
INFO:neo4j_middleware.neo4jConnector:[neo4j_connector] Query delta: <neo4j._sync.work.result.Result object at 0x00000228395CE550>
INFO:neo4j_middleware.neo4jConnector:[neo4j_connector] Received response. 
INFO:neo4j_middleware.neo4jConnector:[neo4j_connector] Running query: MERGE(n22705:ts20201130T174446:PrimaryNode:IfcPlate {GlobalId:"1s5utE$rDDfRKgzV6...
INFO:neo4j_middleware.neo4jConnector:[neo4j_connector] Query delta: <neo4j._sync.work.result.Result object at 0x0000022839056A60>
INFO:neo4j_middleware.neo4jConnector:[neo4j_connector] Received response. 
INFO:neo4j_middleware.neo4jConnector:[neo4j_connector] Running query: MERGE(n22703:ts20201130T174446:SecondaryNode:IfcLocalPlacement {p21_id:22703, En...
INFO:neo4j_middleware.neo4jConnector:[neo4j_connector] Query delta: <neo4j._sync.work.result.Result object at 0x00000228395BE760>
INFO:neo4j_middleware.neo4jConnector:[neo4j_connector] Received response. 
INFO:neo4j_middleware.neo4jConnector:[neo4j_connector] Running query: MERGE(n22702:ts20201130T174446:SecondaryNode:IfcAxis2Placement3D {p21_id:22702, ...
INFO:neo4j_middleware.neo4jConnector:[neo4j_connector] Query delta: <neo4j._sync.work.result.Result object at 0x00000228390B8EB0>
INFO:neo4j_middleware.neo4jConnector:[neo4j_connector] Received response. 
INFO:neo4j_middleware.neo4jConnector:[neo4j_connector] Running query: MERGE(n22698:ts20201130T174446:SecondaryNode:IfcAxis2Placement3D {p21_id:22698, ...
INFO:neo4j_middleware.neo4jConnector:[neo4j_connector] Query delta: <neo4j._sync.work.result.Result object at 0x00000228395CE550>
INFO:neo4j_middleware.neo4jConnector:[neo4j_connector] Received response. 
INFO:neo4j_middleware.neo4jConnector:[neo4j_connector] Running query: MERGE(n22694:ts20201130T174446:SecondaryNode:IfcProductDefinitionShape {Name:"No...
INFO:neo4j_middleware.neo4jConnector:[neo4j_connector] Query delta: <neo4j._sync.work.result.Result object at 0x00000228390A1520>
INFO:neo4j_middleware.neo4jConnector:[neo4j_connector] Received response. 
INFO:neo4j_middleware.neo4jConnector:[neo4j_connector] Running query: MERGE(n22692:ts20201130T174446:SecondaryNode:IfcShapeRepresentation {Representat...
INFO:neo4j_middleware.neo4jConnector:[neo4j_connector] Query delta: <neo4j._sync.work.result.Result object at 0x00000228390A2910>
INFO:neo4j_middleware.neo4jConnector:[neo4j_connector] Received response. 
INFO:neo4j_middleware.neo4jConnector:[neo4j_connector] Running query: MERGE(n22690:ts20201130T174446:SecondaryNode:IfcMappedItem {p21_id:22690, Entity...
INFO:neo4j_middleware.neo4jConnector:[neo4j_connector] Query delta: <neo4j._sync.work.result.Result object at 0x00000228395CEE80>
INFO:neo4j_middleware.neo4jConnector:[neo4j_connector] Received response. 
INFO:neo4j_middleware.neo4jConnector:[neo4j_connector] Running query: MERGE(n22687:ts20201130T174446:SecondaryNode:IfcMaterialDefinitionRepresentation...
INFO:neo4j_middleware.neo4jConnector:[neo4j_connector] Query delta: <neo4j._sync.work.result.Result object at 0x0000022839056550>
INFO:neo4j_middleware.neo4jConnector:[neo4j_connector] Received response. 
INFO:neo4j_middleware.neo4jConnector:[neo4j_connector] Running query: MERGE(n22683:ts20201130T174446:SecondaryNode:IfcStyledItem {Name:"None", p21_id:...
INFO:neo4j_middleware.neo4jConnector:[neo4j_connector] Query delta: <neo4j._sync.work.result.Result object at 0x00000228395BE700>
INFO:neo4j_middleware.neo4jConnector:[neo4j_connector] Received response. 
INFO:neo4j_middleware.neo4jConnector:[neo4j_connector] Running query: MERGE(n22677:ts20201130T174446:SecondaryNode:IfcRepresentationMap {p21_id:22677,...
INFO:neo4j_middleware.neo4jConnector:[neo4j_connector] Query delta: <neo4j._sync.work.result.Result object at 0x0000022830AFA550>
INFO:neo4j_middleware.neo4jConnector:[neo4j_connector] Received response. 
INFO:neo4j_middleware.neo4jConnector:[neo4j_connector] Running query: MERGE(n22669:ts20201130T174446:SecondaryNode:IfcPresentationStyleAssignment {p21...
INFO:neo4j_middleware.neo4jConnector:[neo4j_connector] Query delta: <neo4j._sync.work.result.Result object at 0x00000228395CEBB0>
INFO:neo4j_middleware.neo4jConnector:[neo4j_connector] Received response. 
INFO:neo4j_middleware.neo4jConnector:[neo4j_connector] Running query: MERGE(n22665:ts20201130T174446:SecondaryNode:IfcColourRgb {Name:"None", Red:0.0,...
INFO:neo4j_middleware.neo4jConnector:[neo4j_connector] Query delta: <neo4j._sync.work.result.Result object at 0x00000228390A2550>
INFO:neo4j_middleware.neo4jConnector:[neo4j_connector] Received response. 
INFO:neo4j_middleware.neo4jConnector:[neo4j_connector] Running query: MERGE(n22664:ts20201130T174446:SecondaryNode:IfcExtrudedAreaSolid {Depth:0.93333...
INFO:neo4j_middleware.neo4jConnector:[neo4j_connector] Query delta: <neo4j._sync.work.result.Result object at 0x00000228395CF490>
INFO:neo4j_middleware.neo4jConnector:[neo4j_connector] Received response. 
INFO:neo4j_middleware.neo4jConnector:[neo4j_connector] Running query: MERGE(n22662:ts20201130T174446:SecondaryNode:IfcRectangleProfileDef {ProfileType...
INFO:neo4j_middleware.neo4jConnector:[neo4j_connector] Query delta: <neo4j._sync.work.result.Result object at 0x0000022838034250>
INFO:neo4j_middleware.neo4jConnector:[neo4j_connector] Received response. 
INFO:neo4j_middleware.neo4jConnector:[neo4j_connector] Running query: MERGE(n22657:ts20201130T174446:SecondaryNode:IfcAxis2Placement3D {p21_id:22657, ...
INFO:neo4j_middleware.neo4jConnector:[neo4j_connector] Query delta: <neo4j._sync.work.result.Result object at 0x0000022839056A90>
INFO:neo4j_middleware.neo4jConnector:[neo4j_connector] Received response. 
INFO:neo4j_middleware.neo4jConnector:[neo4j_connector] Running query: MERGE(n22654:ts20201130T174446:SecondaryNode:IfcLocalPlacement {p21_id:22654, En...
INFO:neo4j_middleware.neo4jConnector:[neo4j_connector] Query delta: <neo4j._sync.work.result.Result object at 0x00000228395BE550>
INFO:neo4j_middleware.neo4jConnector:[neo4j_connector] Received response. 
INFO:neo4j_middleware.neo4jConnector:[neo4j_connector] Running query: MERGE(n22647:ts20201130T174446:SecondaryNode:IfcPropertySet {GlobalId:"3d_uE3gDP...
INFO:neo4j_middleware.neo4jConnector:[neo4j_connector] Query delta: <neo4j._sync.work.result.Result object at 0x00000228390A6C70>
INFO:neo4j_middleware.neo4jConnector:[neo4j_connector] Received response. 
INFO:neo4j_middleware.neo4jConnector:[neo4j_connector] Running query: MERGE(n22645:ts20201130T174446:SecondaryNode:IfcPropertySet {GlobalId:"18LFFwKLr...
INFO:neo4j_middleware.neo4jConnector:[neo4j_connector] Query delta: <neo4j._sync.work.result.Result object at 0x00000228395CE490>
INFO:neo4j_middleware.neo4jConnector:[neo4j_connector] Received response. 
INFO:neo4j_middleware.neo4jConnector:[neo4j_connector] Running query: MERGE(n22639:ts20201130T174446:ConnectionNode:IfcRelDefinesByProperties {GlobalI...
INFO:neo4j_middleware.neo4jConnector:[neo4j_connector] Query delta: <neo4j._sync.work.result.Result object at 0x00000228390A1E20>
INFO:neo4j_middleware.neo4jConnector:[neo4j_connector] Received response. 
INFO:neo4j_middleware.neo4jConnector:[neo4j_connector] Running query: MERGE(n22632:ts20201130T174446:ConnectionNode:IfcRelDefinesByProperties {GlobalI...
INFO:neo4j_middleware.neo4jConnector:[neo4j_connector] Query delta: <neo4j._sync.work.result.Result object at 0x00000228390971C0>
INFO:neo4j_middleware.neo4jConnector:[neo4j_connector] Received response. 
INFO:neo4j_middleware.neo4jConnector:[neo4j_connector] Running query: MERGE(n22628:ts20201130T174446:SecondaryNode:IfcPropertySet {GlobalId:"1q_odae4P...
INFO:neo4j_middleware.neo4jConnector:[neo4j_connector] Query delta: <neo4j._sync.work.result.Result object at 0x00000228395C5520>
INFO:neo4j_middleware.neo4jConnector:[neo4j_connector] Received response. 
INFO:neo4j_middleware.neo4jConnector:[neo4j_connector] Running query: MERGE(n22624:ts20201130T174446:SecondaryNode:IfcMaterialLayerSetUsage {LayerSetD...
INFO:neo4j_middleware.neo4jConnector:[neo4j_connector] Query delta: <neo4j._sync.work.result.Result object at 0x00000228395CEE80>
INFO:neo4j_middleware.neo4jConnector:[neo4j_connector] Received response. 
INFO:neo4j_middleware.neo4jConnector:[neo4j_connector] Running query: MERGE(n22620:ts20201130T174446:PrimaryNode:IfcSlab {GlobalId:"1s5utE$rDDfRKgzV6j...
INFO:neo4j_middleware.neo4jConnector:[neo4j_connector] Query delta: <neo4j._sync.work.result.Result object at 0x00000228390B8250>
INFO:neo4j_middleware.neo4jConnector:[neo4j_connector] Received response. 
INFO:neo4j_middleware.neo4jConnector:[neo4j_connector] Running query: MERGE(n22613:ts20201130T174446:SecondaryNode:IfcStyledItem {Name:"None", p21_id:...
INFO:neo4j_middleware.neo4jConnector:[neo4j_connector] Query delta: <neo4j._sync.work.result.Result object at 0x00000228390567C0>
INFO:neo4j_middleware.neo4jConnector:[neo4j_connector] Received response. 
INFO:neo4j_middleware.neo4jConnector:[neo4j_connector] Running query: MERGE(n22609:ts20201130T174446:SecondaryNode:IfcCartesianPoint {Coordinates:"(-0...
INFO:neo4j_middleware.neo4jConnector:[neo4j_connector] Query delta: <neo4j._sync.work.result.Result object at 0x00000228395CE340>
INFO:neo4j_middleware.neo4jConnector:[neo4j_connector] Received response. 
INFO:neo4j_middleware.neo4jConnector:[neo4j_connector] Running query: MERGE(n22607:ts20201130T174446:SecondaryNode:IfcAxis2Placement2D {p21_id:22607, ...
INFO:neo4j_middleware.neo4jConnector:[neo4j_connector] Query delta: <neo4j._sync.work.result.Result object at 0x00000228390A2340>
INFO:neo4j_middleware.neo4jConnector:[neo4j_connector] Received response. 
INFO:neo4j_middleware.neo4jConnector:[neo4j_connector] Running query: MERGE(n22605:ts20201130T174446:SecondaryNode:IfcCartesianPoint {Coordinates:"(0....
INFO:neo4j_middleware.neo4jConnector:[neo4j_connector] Query delta: <neo4j._sync.work.result.Result object at 0x0000022830AF9CA0>
INFO:neo4j_middleware.neo4jConnector:[neo4j_connector] Received response. 
INFO:neo4j_middleware.neo4jConnector:[neo4j_connector] Running query: MERGE(n22594:ts20201130T174446:SecondaryNode:IfcPropertySet {GlobalId:"0wQknZQiX...
INFO:neo4j_middleware.neo4jConnector:[neo4j_connector] Query delta: <neo4j._sync.work.result.Result object at 0x00000228395CE610>
INFO:neo4j_middleware.neo4jConnector:[neo4j_connector] Received response. 
INFO:neo4j_middleware.neo4jConnector:[neo4j_connector] Running query: MERGE(n22592:ts20201130T174446:SecondaryNode:IfcPropertySet {GlobalId:"1lYfoOZAX...
INFO:neo4j_middleware.neo4jConnector:[neo4j_connector] Query delta: <neo4j._sync.work.result.Result object at 0x0000022839097E20>
INFO:neo4j_middleware.neo4jConnector:[neo4j_connector] Received response. 
INFO:neo4j_middleware.neo4jConnector:[neo4j_connector] Running query: MERGE(n22583:ts20201130T174446:ConnectionNode:IfcRelDefinesByProperties {GlobalI...
INFO:neo4j_middleware.neo4jConnector:[neo4j_connector] Query delta: <neo4j._sync.work.result.Result object at 0x00000228395CFC40>
INFO:neo4j_middleware.neo4jConnector:[neo4j_connector] Received response. 
INFO:neo4j_middleware.neo4jConnector:[neo4j_connector] Running query: MERGE(n22579:ts20201130T174446:ConnectionNode:IfcRelDefinesByProperties {GlobalI...
INFO:neo4j_middleware.neo4jConnector:[neo4j_connector] Query delta: <neo4j._sync.work.result.Result object at 0x0000022839097400>
INFO:neo4j_middleware.neo4jConnector:[neo4j_connector] Received response. 
INFO:neo4j_middleware.neo4jConnector:[neo4j_connector] Running query: MERGE(n22577:ts20201130T174446:SecondaryNode:IfcPropertySet {GlobalId:"1s5utE$rD...
INFO:neo4j_middleware.neo4jConnector:[neo4j_connector] Query delta: <neo4j._sync.work.result.Result object at 0x0000022839056EE0>
INFO:neo4j_middleware.neo4jConnector:[neo4j_connector] Received response. 
INFO:neo4j_middleware.neo4jConnector:[neo4j_connector] Running query: MERGE(n22576:ts20201130T174446:SecondaryNode:IfcPropertySingleValue {Name:"Pitch...
INFO:neo4j_middleware.neo4jConnector:[neo4j_connector] Query delta: <neo4j._sync.work.result.Result object at 0x00000228395CE070>
INFO:neo4j_middleware.neo4jConnector:[neo4j_connector] Received response. 
INFO:neo4j_middleware.neo4jConnector:[neo4j_connector] Running query: MERGE(n22569:ts20201130T174446:SecondaryNode:IfcMaterialLayerSetUsage {LayerSetD...
INFO:neo4j_middleware.neo4jConnector:[neo4j_connector] Query delta: <neo4j._sync.work.result.Result object at 0x00000228390A63A0>
INFO:neo4j_middleware.neo4jConnector:[neo4j_connector] Received response. 
INFO:neo4j_middleware.neo4jConnector:[neo4j_connector] Running query: MERGE(n22562:ts20201130T174446:SecondaryNode:IfcMaterialDefinitionRepresentation...
INFO:neo4j_middleware.neo4jConnector:[neo4j_connector] Query delta: <neo4j._sync.work.result.Result object at 0x000002283137DC40>
INFO:neo4j_middleware.neo4jConnector:[neo4j_connector] Received response. 
INFO:neo4j_middleware.neo4jConnector:[neo4j_connector] Running query: MERGE(n22560:ts20201130T174446:SecondaryNode:IfcStyledRepresentation {Representa...
INFO:neo4j_middleware.neo4jConnector:[neo4j_connector] Query delta: <neo4j._sync.work.result.Result object at 0x00000228390B8280>
INFO:neo4j_middleware.neo4jConnector:[neo4j_connector] Received response. 
INFO:neo4j_middleware.neo4jConnector:[neo4j_connector] Running query: MERGE(n22554:ts20201130T174446:PrimaryNode:IfcSlabType {GlobalId:"0wQknZQiXEOBcv...
INFO:neo4j_middleware.neo4jConnector:[neo4j_connector] Query delta: <neo4j._sync.work.result.Result object at 0x00000228395CF490>
INFO:neo4j_middleware.neo4jConnector:[neo4j_connector] Received response. 
INFO:neo4j_middleware.neo4jConnector:[neo4j_connector] Running query: MERGE(n22549:ts20201130T174446:SecondaryNode:IfcProductDefinitionShape {Name:"No...
INFO:neo4j_middleware.neo4jConnector:[neo4j_connector] Query delta: <neo4j._sync.work.result.Result object at 0x0000022839097100>
INFO:neo4j_middleware.neo4jConnector:[neo4j_connector] Received response. 
INFO:neo4j_middleware.neo4jConnector:[neo4j_connector] Running query: MERGE(n22547:ts20201130T174446:SecondaryNode:IfcShapeRepresentation {Representat...
INFO:neo4j_middleware.neo4jConnector:[neo4j_connector] Query delta: <neo4j._sync.work.result.Result object at 0x0000022838034250>
INFO:neo4j_middleware.neo4jConnector:[neo4j_connector] Received response. 
INFO:neo4j_middleware.neo4jConnector:[neo4j_connector] Running query: MERGE(n22542:ts20201130T174446:SecondaryNode:IfcPresentationStyleAssignment {p21...
INFO:neo4j_middleware.neo4jConnector:[neo4j_connector] Query delta: <neo4j._sync.work.result.Result object at 0x00000228395C5F10>
INFO:neo4j_middleware.neo4jConnector:[neo4j_connector] Received response. 
INFO:neo4j_middleware.neo4jConnector:[neo4j_connector] Running query: MERGE(n22539:ts20201130T174446:SecondaryNode:IfcSurfaceStyleRendering {Transpare...
INFO:neo4j_middleware.neo4jConnector:[neo4j_connector] Query delta: <neo4j._sync.work.result.Result object at 0x00000228390A63D0>
INFO:neo4j_middleware.neo4jConnector:[neo4j_connector] Received response. 
INFO:neo4j_middleware.neo4jConnector:[neo4j_connector] Running query: MERGE(n22538:ts20201130T174446:SecondaryNode:IfcColourRgb {Name:"None", Red:0.83...
INFO:neo4j_middleware.neo4jConnector:[neo4j_connector] Query delta: <neo4j._sync.work.result.Result object at 0x00000228395CEF70>
INFO:neo4j_middleware.neo4jConnector:[neo4j_connector] Received response. 
INFO:neo4j_middleware.neo4jConnector:[neo4j_connector] Running query: MERGE(n22534:ts20201130T174446:SecondaryNode:IfcCartesianPoint {Coordinates:"(-0...
INFO:neo4j_middleware.neo4jConnector:[neo4j_connector] Query delta: <neo4j._sync.work.result.Result object at 0x0000022839097160>
INFO:neo4j_middleware.neo4jConnector:[neo4j_connector] Received response. 
INFO:neo4j_middleware.neo4jConnector:[neo4j_connector] Running query: MERGE(n22532:ts20201130T174446:SecondaryNode:IfcAxis2Placement2D {p21_id:22532, ...
INFO:neo4j_middleware.neo4jConnector:[neo4j_connector] Query delta: <neo4j._sync.work.result.Result object at 0x00000228390A2EB0>
INFO:neo4j_middleware.neo4jConnector:[neo4j_connector] Received response. 
INFO:neo4j_middleware.neo4jConnector:[neo4j_connector] Running query: MERGE(n22530:ts20201130T174446:SecondaryNode:IfcCartesianPoint {Coordinates:"(0....
INFO:neo4j_middleware.neo4jConnector:[neo4j_connector] Query delta: <neo4j._sync.work.result.Result object at 0x00000228390978B0>
INFO:neo4j_middleware.neo4jConnector:[neo4j_connector] Received response. 
INFO:neo4j_middleware.neo4jConnector:[neo4j_connector] Running query: MERGE(n22528:ts20201130T174446:SecondaryNode:IfcAxis2Placement3D {p21_id:22528, ...
INFO:neo4j_middleware.neo4jConnector:[neo4j_connector] Query delta: <neo4j._sync.work.result.Result object at 0x0000022839056550>
INFO:neo4j_middleware.neo4jConnector:[neo4j_connector] Received response. 
INFO:neo4j_middleware.neo4jConnector:[neo4j_connector] Running query: MERGE(n22520:ts20201130T174446:SecondaryNode:IfcPropertySet {GlobalId:"2x3Q2hpk5...
INFO:neo4j_middleware.neo4jConnector:[neo4j_connector] Query delta: <neo4j._sync.work.result.Result object at 0x00000228390A2610>
INFO:neo4j_middleware.neo4jConnector:[neo4j_connector] Received response. 
