INFO:root:Started
INFO:neo4j_middleware.neo4jConnector:[neo4j_connector] Running query: MATCH(n:ts20241114T110912) RETURN COUNT(n)...
INFO:neo4j_middleware.neo4jConnector:[neo4j_connector] Query delta: <neo4j._sync.work.result.Result object at 0x00000158D0CA3FD0>
WARNING:neo4j.notifications:Received notification from DBMS server: {severity: WARNING} {code: Neo.ClientNotification.Statement.UnknownLabelWarning} {category: UNRECOGNIZED} {title: The provided label is not in the database.} {description: One of the labels in your query is not available in the database, make sure you didn't misspell it or that the label is available when you run this statement in your application (the missing label name is: ts20241114T110912)} {position: line: 1, column: 9, offset: 8} for query: 'MATCH(n:ts20241114T110912) RETURN COUNT(n)'
INFO:neo4j_middleware.neo4jConnector:[neo4j_connector] Received response. 
INFO:neo4j_middleware.neo4jConnector:[neo4j_connector] Running query: MERGE(n517:ts20241114T110912:SecondaryNode:IfcProductDefinitionShape {Name:"None...
INFO:neo4j_middleware.neo4jConnector:[neo4j_connector] Query delta: <neo4j._sync.work.result.Result object at 0x00000158D0CF6E20>
INFO:neo4j_middleware.neo4jConnector:[neo4j_connector] Received response. 
INFO:neo4j_middleware.neo4jConnector:[neo4j_connector] Running query: MERGE(n516:ts20241114T110912:SecondaryNode:IfcShapeRepresentation {Representatio...
INFO:neo4j_middleware.neo4jConnector:[neo4j_connector] Query delta: <neo4j._sync.work.result.Result object at 0x00000158D0CFCF40>
INFO:neo4j_middleware.neo4jConnector:[neo4j_connector] Received response. 
INFO:neo4j_middleware.neo4jConnector:[neo4j_connector] Running query: MERGE(n515:ts20241114T110912:SecondaryNode:IfcSurfaceStyle {Name:"virtual_black"...
INFO:neo4j_middleware.neo4jConnector:[neo4j_connector] Query delta: <neo4j._sync.work.result.Result object at 0x00000158D0D01A90>
INFO:neo4j_middleware.neo4jConnector:[neo4j_connector] Received response. 
INFO:neo4j_middleware.neo4jConnector:[neo4j_connector] Running query: MERGE(n514:ts20241114T110912:SecondaryNode:IfcStyledItem {Name:"None", p21_id:51...
INFO:neo4j_middleware.neo4jConnector:[neo4j_connector] Query delta: <neo4j._sync.work.result.Result object at 0x00000158D0D016A0>
INFO:neo4j_middleware.neo4jConnector:[neo4j_connector] Received response. 
INFO:neo4j_middleware.neo4jConnector:[neo4j_connector] Running query: MERGE(n513:ts20241114T110912:SecondaryNode:IfcCartesianPointList3D {CoordList:"(...
INFO:neo4j_middleware.neo4jConnector:[neo4j_connector] Query delta: <neo4j._sync.work.result.Result object at 0x00000158D0D01AC0>
INFO:neo4j_middleware.neo4jConnector:[neo4j_connector] Received response. 
INFO:neo4j_middleware.neo4jConnector:[neo4j_connector] Running query: MERGE(n512:ts20241114T110912:SecondaryNode:IfcTriangulatedFaceSet {Closed:"None"...
INFO:neo4j_middleware.neo4jConnector:[neo4j_connector] Query delta: <neo4j._sync.work.result.Result object at 0x00000158D0D01550>
INFO:neo4j_middleware.neo4jConnector:[neo4j_connector] Received response. 
INFO:neo4j_middleware.neo4jConnector:[neo4j_connector] Running query: MERGE(n511:ts20241114T110912:SecondaryNode:IfcDirection {DirectionRatios:"(0.499...
INFO:neo4j_middleware.neo4jConnector:[neo4j_connector] Query delta: <neo4j._sync.work.result.Result object at 0x00000158D0CFC2B0>
INFO:neo4j_middleware.neo4jConnector:[neo4j_connector] Received response. 
INFO:neo4j_middleware.neo4jConnector:[neo4j_connector] Running query: MERGE(n509:ts20241114T110912:SecondaryNode:IfcCartesianPoint {Coordinates:"(-288...
INFO:neo4j_middleware.neo4jConnector:[neo4j_connector] Query delta: <neo4j._sync.work.result.Result object at 0x00000158D0CF6B50>
INFO:neo4j_middleware.neo4jConnector:[neo4j_connector] Received response. 
INFO:neo4j_middleware.neo4jConnector:[neo4j_connector] Running query: MERGE(n507:ts20241114T110912:SecondaryNode:IfcLocalPlacement {p21_id:507, Entity...
INFO:neo4j_middleware.neo4jConnector:[neo4j_connector] Query delta: <neo4j._sync.work.result.Result object at 0x00000158D0D0AE80>
INFO:neo4j_middleware.neo4jConnector:[neo4j_connector] Received response. 
INFO:neo4j_middleware.neo4jConnector:[neo4j_connector] Running query: MERGE(n505:ts20241114T110912:SecondaryNode:IfcMaterial {Name:"virtual_black", De...
INFO:neo4j_middleware.neo4jConnector:[neo4j_connector] Query delta: <neo4j._sync.work.result.Result object at 0x00000158D0CF6A60>
INFO:neo4j_middleware.neo4jConnector:[neo4j_connector] Received response. 
INFO:neo4j_middleware.neo4jConnector:[neo4j_connector] Running query: MERGE(n504:ts20241114T110912:ConnectionNode:IfcRelAssociatesMaterial {GlobalId:"...
INFO:neo4j_middleware.neo4jConnector:[neo4j_connector] Query delta: <neo4j._sync.work.result.Result object at 0x00000158D0CFCA00>
INFO:neo4j_middleware.neo4jConnector:[neo4j_connector] Received response. 
INFO:neo4j_middleware.neo4jConnector:[neo4j_connector] Running query: MERGE(n502:ts20241114T110912:SecondaryNode:IfcSurfaceStyleRendering {Transparenc...
INFO:neo4j_middleware.neo4jConnector:[neo4j_connector] Query delta: <neo4j._sync.work.result.Result object at 0x00000158D0D01E80>
INFO:neo4j_middleware.neo4jConnector:[neo4j_connector] Received response. 
INFO:neo4j_middleware.neo4jConnector:[neo4j_connector] Running query: MERGE(n500:ts20241114T110912:ConnectionNode:IfcRelDefinesByType {GlobalId:"3530p...
INFO:neo4j_middleware.neo4jConnector:[neo4j_connector] Query delta: <neo4j._sync.work.result.Result object at 0x00000158D0D10A30>
INFO:neo4j_middleware.neo4jConnector:[neo4j_connector] Received response. 
INFO:neo4j_middleware.neo4jConnector:[neo4j_connector] Running query: MERGE(n498:ts20241114T110912:SecondaryNode:IfcProductDefinitionShape {Name:"None...
INFO:neo4j_middleware.neo4jConnector:[neo4j_connector] Query delta: <neo4j._sync.work.result.Result object at 0x00000158D0D01070>
INFO:neo4j_middleware.neo4jConnector:[neo4j_connector] Received response. 
INFO:neo4j_middleware.neo4jConnector:[neo4j_connector] Running query: MERGE(n497:ts20241114T110912:SecondaryNode:IfcShapeRepresentation {Representatio...
INFO:neo4j_middleware.neo4jConnector:[neo4j_connector] Query delta: <neo4j._sync.work.result.Result object at 0x00000158D0CFC970>
INFO:neo4j_middleware.neo4jConnector:[neo4j_connector] Received response. 
INFO:neo4j_middleware.neo4jConnector:[neo4j_connector] Running query: MERGE(n496:ts20241114T110912:SecondaryNode:IfcSurfaceStyle {Name:"virtual_white"...
INFO:neo4j_middleware.neo4jConnector:[neo4j_connector] Query delta: <neo4j._sync.work.result.Result object at 0x00000158D0CF6520>
INFO:neo4j_middleware.neo4jConnector:[neo4j_connector] Received response. 
INFO:neo4j_middleware.neo4jConnector:[neo4j_connector] Running query: MERGE(n495:ts20241114T110912:SecondaryNode:IfcStyledItem {Name:"None", p21_id:49...
INFO:neo4j_middleware.neo4jConnector:[neo4j_connector] Query delta: <neo4j._sync.work.result.Result object at 0x00000158D0CF6550>
INFO:neo4j_middleware.neo4jConnector:[neo4j_connector] Received response. 
INFO:neo4j_middleware.neo4jConnector:[neo4j_connector] Running query: MERGE(n493:ts20241114T110912:SecondaryNode:IfcTriangulatedFaceSet {Closed:"None"...
INFO:neo4j_middleware.neo4jConnector:[neo4j_connector] Query delta: <neo4j._sync.work.result.Result object at 0x00000158D0D10370>
INFO:neo4j_middleware.neo4jConnector:[neo4j_connector] Received response. 
INFO:neo4j_middleware.neo4jConnector:[neo4j_connector] Running query: MERGE(n491:ts20241114T110912:SecondaryNode:IfcDirection {DirectionRatios:"(0.0, ...
INFO:neo4j_middleware.neo4jConnector:[neo4j_connector] Query delta: <neo4j._sync.work.result.Result object at 0x00000158D0CFC2E0>
INFO:neo4j_middleware.neo4jConnector:[neo4j_connector] Received response. 
INFO:neo4j_middleware.neo4jConnector:[neo4j_connector] Running query: MERGE(n489:ts20241114T110912:SecondaryNode:IfcAxis2Placement3D {p21_id:489, Enti...
INFO:neo4j_middleware.neo4jConnector:[neo4j_connector] Query delta: <neo4j._sync.work.result.Result object at 0x00000158D0D01C10>
INFO:neo4j_middleware.neo4jConnector:[neo4j_connector] Received response. 
INFO:neo4j_middleware.neo4jConnector:[neo4j_connector] Running query: MERGE(n488:ts20241114T110912:SecondaryNode:IfcLocalPlacement {p21_id:488, Entity...
INFO:neo4j_middleware.neo4jConnector:[neo4j_connector] Query delta: <neo4j._sync.work.result.Result object at 0x00000158D0D01250>
INFO:neo4j_middleware.neo4jConnector:[neo4j_connector] Received response. 
INFO:neo4j_middleware.neo4jConnector:[neo4j_connector] Running query: MERGE(n486:ts20241114T110912:SecondaryNode:IfcMaterial {Name:"virtual_white", De...
INFO:neo4j_middleware.neo4jConnector:[neo4j_connector] Query delta: <neo4j._sync.work.result.Result object at 0x00000158D0CFC3D0>
INFO:neo4j_middleware.neo4jConnector:[neo4j_connector] Received response. 
INFO:neo4j_middleware.neo4jConnector:[neo4j_connector] Running query: MERGE(n484:ts20241114T110912:SecondaryNode:IfcColourRgb {Name:"None", Red:1.0, G...
INFO:neo4j_middleware.neo4jConnector:[neo4j_connector] Query delta: <neo4j._sync.work.result.Result object at 0x00000158D0CF6A90>
INFO:neo4j_middleware.neo4jConnector:[neo4j_connector] Received response. 
INFO:neo4j_middleware.neo4jConnector:[neo4j_connector] Running query: MERGE(n482:ts20241114T110912:PrimaryNode:IfcBuildingElementProxy {GlobalId:"2F44...
INFO:neo4j_middleware.neo4jConnector:[neo4j_connector] Query delta: <neo4j._sync.work.result.Result object at 0x00000158D0D0A3A0>
INFO:neo4j_middleware.neo4jConnector:[neo4j_connector] Received response. 
INFO:neo4j_middleware.neo4jConnector:[neo4j_connector] Running query: MERGE(n481:ts20241114T110912:ConnectionNode:IfcRelDefinesByType {GlobalId:"21U96...
INFO:neo4j_middleware.neo4jConnector:[neo4j_connector] Query delta: <neo4j._sync.work.result.Result object at 0x00000158D0D10C10>
INFO:neo4j_middleware.neo4jConnector:[neo4j_connector] Received response. 
INFO:neo4j_middleware.neo4jConnector:[neo4j_connector] Running query: MERGE(n479:ts20241114T110912:SecondaryNode:IfcProductDefinitionShape {Name:"None...
INFO:neo4j_middleware.neo4jConnector:[neo4j_connector] Query delta: <neo4j._sync.work.result.Result object at 0x00000158D0CFC760>
INFO:neo4j_middleware.neo4jConnector:[neo4j_connector] Received response. 
INFO:neo4j_middleware.neo4jConnector:[neo4j_connector] Running query: MERGE(n477:ts20241114T110912:SecondaryNode:IfcSurfaceStyle {Name:"bulk-material_...
INFO:neo4j_middleware.neo4jConnector:[neo4j_connector] Query delta: <neo4j._sync.work.result.Result object at 0x00000158D0D01700>
INFO:neo4j_middleware.neo4jConnector:[neo4j_connector] Received response. 
INFO:neo4j_middleware.neo4jConnector:[neo4j_connector] Running query: MERGE(n475:ts20241114T110912:SecondaryNode:IfcCartesianPointList3D {CoordList:"(...
INFO:neo4j_middleware.neo4jConnector:[neo4j_connector] Query delta: <neo4j._sync.work.result.Result object at 0x00000158D0CFC730>
INFO:neo4j_middleware.neo4jConnector:[neo4j_connector] Received response. 
INFO:neo4j_middleware.neo4jConnector:[neo4j_connector] Running query: MERGE(n474:ts20241114T110912:SecondaryNode:IfcTriangulatedFaceSet {Closed:"None"...
INFO:neo4j_middleware.neo4jConnector:[neo4j_connector] Query delta: <neo4j._sync.work.result.Result object at 0x00000158D0D10730>
INFO:neo4j_middleware.neo4jConnector:[neo4j_connector] Received response. 
INFO:neo4j_middleware.neo4jConnector:[neo4j_connector] Running query: MERGE(n472:ts20241114T110912:SecondaryNode:IfcDirection {DirectionRatios:"(0.0, ...
INFO:neo4j_middleware.neo4jConnector:[neo4j_connector] Query delta: <neo4j._sync.work.result.Result object at 0x00000158D0CF6B80>
INFO:neo4j_middleware.neo4jConnector:[neo4j_connector] Received response. 
INFO:neo4j_middleware.neo4jConnector:[neo4j_connector] Running query: MERGE(n470:ts20241114T110912:SecondaryNode:IfcAxis2Placement3D {p21_id:470, Enti...
INFO:neo4j_middleware.neo4jConnector:[neo4j_connector] Query delta: <neo4j._sync.work.result.Result object at 0x00000158D0D0AB50>
INFO:neo4j_middleware.neo4jConnector:[neo4j_connector] Received response. 
INFO:neo4j_middleware.neo4jConnector:[neo4j_connector] Running query: MERGE(n468:ts20241114T110912:SecondaryNode:IfcMaterial {Name:"bulk-material_sand...
INFO:neo4j_middleware.neo4jConnector:[neo4j_connector] Query delta: <neo4j._sync.work.result.Result object at 0x00000158D0D10B80>
INFO:neo4j_middleware.neo4jConnector:[neo4j_connector] Received response. 
INFO:neo4j_middleware.neo4jConnector:[neo4j_connector] Running query: MERGE(n467:ts20241114T110912:ConnectionNode:IfcRelAssociatesMaterial {GlobalId:"...
INFO:neo4j_middleware.neo4jConnector:[neo4j_connector] Query delta: <neo4j._sync.work.result.Result object at 0x00000158D0CFC7C0>
INFO:neo4j_middleware.neo4jConnector:[neo4j_connector] Received response. 
INFO:neo4j_middleware.neo4jConnector:[neo4j_connector] Running query: MERGE(n466:ts20241114T110912:SecondaryNode:IfcColourRgb {Name:"None", Red:0.8588...
INFO:neo4j_middleware.neo4jConnector:[neo4j_connector] Query delta: <neo4j._sync.work.result.Result object at 0x00000158D0D01DC0>
INFO:neo4j_middleware.neo4jConnector:[neo4j_connector] Received response. 
INFO:neo4j_middleware.neo4jConnector:[neo4j_connector] Running query: MERGE(n465:ts20241114T110912:SecondaryNode:IfcSurfaceStyleRendering {Transparenc...
INFO:neo4j_middleware.neo4jConnector:[neo4j_connector] Query delta: <neo4j._sync.work.result.Result object at 0x00000158D0CFC070>
INFO:neo4j_middleware.neo4jConnector:[neo4j_connector] Received response. 
INFO:neo4j_middleware.neo4jConnector:[neo4j_connector] Running query: MERGE(n463:ts20241114T110912:ConnectionNode:IfcRelDefinesByType {GlobalId:"1SihQ...
INFO:neo4j_middleware.neo4jConnector:[neo4j_connector] Query delta: <neo4j._sync.work.result.Result object at 0x00000158D0D10820>
INFO:neo4j_middleware.neo4jConnector:[neo4j_connector] Received response. 
INFO:neo4j_middleware.neo4jConnector:[neo4j_connector] Running query: MERGE(n461:ts20241114T110912:SecondaryNode:IfcProductDefinitionShape {Name:"None...
INFO:neo4j_middleware.neo4jConnector:[neo4j_connector] Query delta: <neo4j._sync.work.result.Result object at 0x00000158D0CF6760>
INFO:neo4j_middleware.neo4jConnector:[neo4j_connector] Received response. 
INFO:neo4j_middleware.neo4jConnector:[neo4j_connector] Running query: MERGE(n459:ts20241114T110912:SecondaryNode:IfcSurfaceStyle {Name:"virtual_spatia...
INFO:neo4j_middleware.neo4jConnector:[neo4j_connector] Query delta: <neo4j._sync.work.result.Result object at 0x00000158D0D1AE20>
INFO:neo4j_middleware.neo4jConnector:[neo4j_connector] Received response. 
INFO:neo4j_middleware.neo4jConnector:[neo4j_connector] Running query: MERGE(n458:ts20241114T110912:SecondaryNode:IfcStyledItem {Name:"None", p21_id:45...
INFO:neo4j_middleware.neo4jConnector:[neo4j_connector] Query delta: <neo4j._sync.work.result.Result object at 0x00000158D0CF6610>
INFO:neo4j_middleware.neo4jConnector:[neo4j_connector] Received response. 
INFO:neo4j_middleware.neo4jConnector:[neo4j_connector] Running query: MERGE(n456:ts20241114T110912:SecondaryNode:IfcSurfaceStyleRendering {Transparenc...
INFO:neo4j_middleware.neo4jConnector:[neo4j_connector] Query delta: <neo4j._sync.work.result.Result object at 0x00000158D0CFC850>
INFO:neo4j_middleware.neo4jConnector:[neo4j_connector] Received response. 
INFO:neo4j_middleware.neo4jConnector:[neo4j_connector] Running query: MERGE(n454:ts20241114T110912:SecondaryNode:IfcTriangulatedFaceSet {Closed:"None"...
INFO:neo4j_middleware.neo4jConnector:[neo4j_connector] Query delta: <neo4j._sync.work.result.Result object at 0x00000158D0D018B0>
INFO:neo4j_middleware.neo4jConnector:[neo4j_connector] Received response. 
INFO:neo4j_middleware.neo4jConnector:[neo4j_connector] Running query: MERGE(n452:ts20241114T110912:SecondaryNode:IfcDirection {DirectionRatios:"(0.0, ...
INFO:neo4j_middleware.neo4jConnector:[neo4j_connector] Query delta: <neo4j._sync.work.result.Result object at 0x00000158D0CFC1C0>
INFO:neo4j_middleware.neo4jConnector:[neo4j_connector] Received response. 
INFO:neo4j_middleware.neo4jConnector:[neo4j_connector] Running query: MERGE(n451:ts20241114T110912:SecondaryNode:IfcCartesianPoint {Coordinates:"(0.0,...
INFO:neo4j_middleware.neo4jConnector:[neo4j_connector] Query delta: <neo4j._sync.work.result.Result object at 0x00000158D0D107C0>
INFO:neo4j_middleware.neo4jConnector:[neo4j_connector] Received response. 
INFO:neo4j_middleware.neo4jConnector:[neo4j_connector] Running query: MERGE(n449:ts20241114T110912:SecondaryNode:IfcLocalPlacement {p21_id:449, Entity...
INFO:neo4j_middleware.neo4jConnector:[neo4j_connector] Query delta: <neo4j._sync.work.result.Result object at 0x00000158D0CF65E0>
INFO:neo4j_middleware.neo4jConnector:[neo4j_connector] Received response. 
INFO:neo4j_middleware.neo4jConnector:[neo4j_connector] Running query: MERGE(n447:ts20241114T110912:ConnectionNode:IfcRelDefinesByType {GlobalId:"0gNxH...
INFO:neo4j_middleware.neo4jConnector:[neo4j_connector] Query delta: <neo4j._sync.work.result.Result object at 0x00000158D0CFC730>
INFO:neo4j_middleware.neo4jConnector:[neo4j_connector] Received response. 
INFO:neo4j_middleware.neo4jConnector:[neo4j_connector] Running query: MERGE(n445:ts20241114T110912:SecondaryNode:IfcProductDefinitionShape {Name:"None...
INFO:neo4j_middleware.neo4jConnector:[neo4j_connector] Query delta: <neo4j._sync.work.result.Result object at 0x00000158D0D01E50>
INFO:neo4j_middleware.neo4jConnector:[neo4j_connector] Received response. 
INFO:neo4j_middleware.neo4jConnector:[neo4j_connector] Running query: MERGE(n444:ts20241114T110912:SecondaryNode:IfcShapeRepresentation {Representatio...
INFO:neo4j_middleware.neo4jConnector:[neo4j_connector] Query delta: <neo4j._sync.work.result.Result object at 0x00000158D0D0A520>
INFO:neo4j_middleware.neo4jConnector:[neo4j_connector] Received response. 
INFO:neo4j_middleware.neo4jConnector:[neo4j_connector] Running query: MERGE(n442:ts20241114T110912:SecondaryNode:IfcCartesianPointList3D {CoordList:"(...
INFO:neo4j_middleware.neo4jConnector:[neo4j_connector] Query delta: <neo4j._sync.work.result.Result object at 0x00000158D0CA37C0>
INFO:neo4j_middleware.neo4jConnector:[neo4j_connector] Received response. 
INFO:neo4j_middleware.neo4jConnector:[neo4j_connector] Running query: MERGE(n440:ts20241114T110912:SecondaryNode:IfcDirection {DirectionRatios:"(-2.52...
INFO:neo4j_middleware.neo4jConnector:[neo4j_connector] Query delta: <neo4j._sync.work.result.Result object at 0x00000158D0D0A6D0>
INFO:neo4j_middleware.neo4jConnector:[neo4j_connector] Received response. 
INFO:neo4j_middleware.neo4jConnector:[neo4j_connector] Running query: MERGE(n438:ts20241114T110912:SecondaryNode:IfcCartesianPoint {Coordinates:"(2100...
INFO:neo4j_middleware.neo4jConnector:[neo4j_connector] Query delta: <neo4j._sync.work.result.Result object at 0x00000158D0D01AC0>
INFO:neo4j_middleware.neo4jConnector:[neo4j_connector] Received response. 
INFO:neo4j_middleware.neo4jConnector:[neo4j_connector] Running query: MERGE(n437:ts20241114T110912:SecondaryNode:IfcAxis2Placement3D {p21_id:437, Enti...
INFO:neo4j_middleware.neo4jConnector:[neo4j_connector] Query delta: <neo4j._sync.work.result.Result object at 0x00000158D0CFCE50>
INFO:neo4j_middleware.neo4jConnector:[neo4j_connector] Received response. 
INFO:neo4j_middleware.neo4jConnector:[neo4j_connector] Running query: MERGE(n436:ts20241114T110912:SecondaryNode:IfcLocalPlacement {p21_id:436, Entity...
INFO:neo4j_middleware.neo4jConnector:[neo4j_connector] Query delta: <neo4j._sync.work.result.Result object at 0x00000158D0D10760>
INFO:neo4j_middleware.neo4jConnector:[neo4j_connector] Received response. 
INFO:neo4j_middleware.neo4jConnector:[neo4j_connector] Running query: MERGE(n435:ts20241114T110912:ConnectionNode:IfcRelDefinesByProperties {GlobalId:...
INFO:neo4j_middleware.neo4jConnector:[neo4j_connector] Query delta: <neo4j._sync.work.result.Result object at 0x00000158D0CFC250>
INFO:neo4j_middleware.neo4jConnector:[neo4j_connector] Received response. 
INFO:neo4j_middleware.neo4jConnector:[neo4j_connector] Running query: MERGE(n433:ts20241114T110912:SecondaryNode:IfcQuantityArea {Name:"NetArea", Desc...
INFO:neo4j_middleware.neo4jConnector:[neo4j_connector] Query delta: <neo4j._sync.work.result.Result object at 0x00000158D0D014C0>
INFO:neo4j_middleware.neo4jConnector:[neo4j_connector] Received response. 
INFO:neo4j_middleware.neo4jConnector:[neo4j_connector] Running query: MERGE(n431:ts20241114T110912:SecondaryNode:IfcQuantityVolume {Name:"NetVolume", ...
INFO:neo4j_middleware.neo4jConnector:[neo4j_connector] Query delta: <neo4j._sync.work.result.Result object at 0x00000158D0D0AFA0>
INFO:neo4j_middleware.neo4jConnector:[neo4j_connector] Received response. 
INFO:neo4j_middleware.neo4jConnector:[neo4j_connector] Running query: MERGE(n429:ts20241114T110912:SecondaryNode:IfcPropertySet {GlobalId:"31yW4FNnfEk...
INFO:neo4j_middleware.neo4jConnector:[neo4j_connector] Query delta: <neo4j._sync.work.result.Result object at 0x00000158D0D0A640>
INFO:neo4j_middleware.neo4jConnector:[neo4j_connector] Received response. 
INFO:neo4j_middleware.neo4jConnector:[neo4j_connector] Running query: MERGE(n428:ts20241114T110912:SecondaryNode:IfcPropertySingleValue {Name:"LoadBea...
INFO:neo4j_middleware.neo4jConnector:[neo4j_connector] Query delta: <neo4j._sync.work.result.Result object at 0x00000158D0CFC850>
INFO:neo4j_middleware.neo4jConnector:[neo4j_connector] Received response. 
INFO:neo4j_middleware.neo4jConnector:[neo4j_connector] Running query: MERGE(n426:ts20241114T110912:SecondaryNode:IfcPropertyEnumeratedValue {Name:"Sta...
INFO:neo4j_middleware.neo4jConnector:[neo4j_connector] Query delta: <neo4j._sync.work.result.Result object at 0x00000158D0D10850>
INFO:neo4j_middleware.neo4jConnector:[neo4j_connector] Received response. 
INFO:neo4j_middleware.neo4jConnector:[neo4j_connector] Running query: MERGE(n424:ts20241114T110912:ConnectionNode:IfcRelDefinesByType {GlobalId:"2LggW...
INFO:neo4j_middleware.neo4jConnector:[neo4j_connector] Query delta: <neo4j._sync.work.result.Result object at 0x00000158D0CF6EE0>
INFO:neo4j_middleware.neo4jConnector:[neo4j_connector] Received response. 
INFO:neo4j_middleware.neo4jConnector:[neo4j_connector] Running query: MERGE(n422:ts20241114T110912:SecondaryNode:IfcProductDefinitionShape {Name:"None...
INFO:neo4j_middleware.neo4jConnector:[neo4j_connector] Query delta: <neo4j._sync.work.result.Result object at 0x00000158D0CFC8E0>
INFO:neo4j_middleware.neo4jConnector:[neo4j_connector] Received response. 
INFO:neo4j_middleware.neo4jConnector:[neo4j_connector] Running query: MERGE(n421:ts20241114T110912:SecondaryNode:IfcShapeRepresentation {Representatio...
INFO:neo4j_middleware.neo4jConnector:[neo4j_connector] Query delta: <neo4j._sync.work.result.Result object at 0x00000158D0D01190>
INFO:neo4j_middleware.neo4jConnector:[neo4j_connector] Received response. 
INFO:neo4j_middleware.neo4jConnector:[neo4j_connector] Running query: MERGE(n419:ts20241114T110912:SecondaryNode:IfcStyledItem {Name:"None", p21_id:41...
INFO:neo4j_middleware.neo4jConnector:[neo4j_connector] Query delta: <neo4j._sync.work.result.Result object at 0x00000158D0D0AFD0>
INFO:neo4j_middleware.neo4jConnector:[neo4j_connector] Received response. 
INFO:neo4j_middleware.neo4jConnector:[neo4j_connector] Running query: MERGE(n417:ts20241114T110912:SecondaryNode:IfcTriangulatedFaceSet {Closed:"None"...
INFO:neo4j_middleware.neo4jConnector:[neo4j_connector] Query delta: <neo4j._sync.work.result.Result object at 0x00000158D0D01DC0>
INFO:neo4j_middleware.neo4jConnector:[neo4j_connector] Received response. 
INFO:neo4j_middleware.neo4jConnector:[neo4j_connector] Running query: MERGE(n415:ts20241114T110912:SecondaryNode:IfcDirection {DirectionRatios:"(-0.70...
INFO:neo4j_middleware.neo4jConnector:[neo4j_connector] Query delta: <neo4j._sync.work.result.Result object at 0x00000158D0CFC0D0>
INFO:neo4j_middleware.neo4jConnector:[neo4j_connector] Received response. 
INFO:neo4j_middleware.neo4jConnector:[neo4j_connector] Running query: MERGE(n414:ts20241114T110912:SecondaryNode:IfcCartesianPoint {Coordinates:"(2100...
INFO:neo4j_middleware.neo4jConnector:[neo4j_connector] Query delta: <neo4j._sync.work.result.Result object at 0x00000158D0D10910>
INFO:neo4j_middleware.neo4jConnector:[neo4j_connector] Received response. 
INFO:neo4j_middleware.neo4jConnector:[neo4j_connector] Running query: MERGE(n412:ts20241114T110912:SecondaryNode:IfcLocalPlacement {p21_id:412, Entity...
INFO:neo4j_middleware.neo4jConnector:[neo4j_connector] Query delta: <neo4j._sync.work.result.Result object at 0x00000158D0CF6A30>
INFO:neo4j_middleware.neo4jConnector:[neo4j_connector] Received response. 
INFO:neo4j_middleware.neo4jConnector:[neo4j_connector] Running query: MERGE(n410:ts20241114T110912:ConnectionNode:IfcRelDefinesByProperties {GlobalId:...
INFO:neo4j_middleware.neo4jConnector:[neo4j_connector] Query delta: <neo4j._sync.work.result.Result object at 0x00000158D0D10B50>
INFO:neo4j_middleware.neo4jConnector:[neo4j_connector] Received response. 
INFO:neo4j_middleware.neo4jConnector:[neo4j_connector] Running query: MERGE(n408:ts20241114T110912:SecondaryNode:IfcQuantityArea {Name:"NetArea", Desc...
INFO:neo4j_middleware.neo4jConnector:[neo4j_connector] Query delta: <neo4j._sync.work.result.Result object at 0x00000158D0D01040>
INFO:neo4j_middleware.neo4jConnector:[neo4j_connector] Received response. 
INFO:neo4j_middleware.neo4jConnector:[neo4j_connector] Running query: MERGE(n407:ts20241114T110912:SecondaryNode:IfcQuantityLength {Name:"Depth", Desc...
INFO:neo4j_middleware.neo4jConnector:[neo4j_connector] Query delta: <neo4j._sync.work.result.Result object at 0x00000158D0D0A8B0>
INFO:neo4j_middleware.neo4jConnector:[neo4j_connector] Received response. 
INFO:neo4j_middleware.neo4jConnector:[neo4j_connector] Running query: MERGE(n406:ts20241114T110912:SecondaryNode:IfcQuantityVolume {Name:"NetVolume", ...
INFO:neo4j_middleware.neo4jConnector:[neo4j_connector] Query delta: <neo4j._sync.work.result.Result object at 0x00000158D0D01B50>
INFO:neo4j_middleware.neo4jConnector:[neo4j_connector] Received response. 
INFO:neo4j_middleware.neo4jConnector:[neo4j_connector] Running query: MERGE(n405:ts20241114T110912:SecondaryNode:IfcMaterial {Name:"composite_element_...
INFO:neo4j_middleware.neo4jConnector:[neo4j_connector] Query delta: <neo4j._sync.work.result.Result object at 0x00000158D0CFC6D0>
INFO:neo4j_middleware.neo4jConnector:[neo4j_connector] Received response. 
INFO:neo4j_middleware.neo4jConnector:[neo4j_connector] Running query: MERGE(n403:ts20241114T110912:SecondaryNode:IfcColourRgb {Name:"None", Red:0.9647...
INFO:neo4j_middleware.neo4jConnector:[neo4j_connector] Query delta: <neo4j._sync.work.result.Result object at 0x00000158D0D10CA0>
INFO:neo4j_middleware.neo4jConnector:[neo4j_connector] Received response. 
INFO:neo4j_middleware.neo4jConnector:[neo4j_connector] Running query: MERGE(n401:ts20241114T110912:ConnectionNode:IfcRelDefinesByProperties {GlobalId:...
INFO:neo4j_middleware.neo4jConnector:[neo4j_connector] Query delta: <neo4j._sync.work.result.Result object at 0x00000158D0CF6DC0>
INFO:neo4j_middleware.neo4jConnector:[neo4j_connector] Received response. 
INFO:neo4j_middleware.neo4jConnector:[neo4j_connector] Running query: MERGE(n399:ts20241114T110912:SecondaryNode:IfcPropertySingleValue {Name:"LoadBea...
INFO:neo4j_middleware.neo4jConnector:[neo4j_connector] Query delta: <neo4j._sync.work.result.Result object at 0x00000158D0D10C40>
INFO:neo4j_middleware.neo4jConnector:[neo4j_connector] Received response. 
INFO:neo4j_middleware.neo4jConnector:[neo4j_connector] Running query: MERGE(n398:ts20241114T110912:SecondaryNode:IfcPropertySingleValue {Name:"IsExter...
INFO:neo4j_middleware.neo4jConnector:[neo4j_connector] Query delta: <neo4j._sync.work.result.Result object at 0x00000158D0D01D60>
INFO:neo4j_middleware.neo4jConnector:[neo4j_connector] Received response. 
INFO:neo4j_middleware.neo4jConnector:[neo4j_connector] Running query: MERGE(n396:ts20241114T110912:SecondaryNode:IfcPropertyEnumeratedValue {Name:"Sta...
INFO:neo4j_middleware.neo4jConnector:[neo4j_connector] Query delta: <neo4j._sync.work.result.Result object at 0x00000158D0D0A5E0>
INFO:neo4j_middleware.neo4jConnector:[neo4j_connector] Received response. 
INFO:neo4j_middleware.neo4jConnector:[neo4j_connector] Running query: MERGE(n394:ts20241114T110912:ConnectionNode:IfcRelDefinesByType {GlobalId:"2i47u...
INFO:neo4j_middleware.neo4jConnector:[neo4j_connector] Query delta: <neo4j._sync.work.result.Result object at 0x00000158D0D01250>
INFO:neo4j_middleware.neo4jConnector:[neo4j_connector] Received response. 
INFO:neo4j_middleware.neo4jConnector:[neo4j_connector] Running query: MERGE(n392:ts20241114T110912:SecondaryNode:IfcDirection {DirectionRatios:"(1.0, ...
INFO:neo4j_middleware.neo4jConnector:[neo4j_connector] Query delta: <neo4j._sync.work.result.Result object at 0x00000158D0CFCAF0>
INFO:neo4j_middleware.neo4jConnector:[neo4j_connector] Received response. 
INFO:neo4j_middleware.neo4jConnector:[neo4j_connector] Running query: MERGE(n391:ts20241114T110912:SecondaryNode:IfcDirection {DirectionRatios:"(0.0, ...
INFO:neo4j_middleware.neo4jConnector:[neo4j_connector] Query delta: <neo4j._sync.work.result.Result object at 0x00000158D0D25AC0>
INFO:neo4j_middleware.neo4jConnector:[neo4j_connector] Received response. 
INFO:neo4j_middleware.neo4jConnector:[neo4j_connector] Running query: MERGE(n389:ts20241114T110912:SecondaryNode:IfcAxis2Placement3D {p21_id:389, Enti...
INFO:neo4j_middleware.neo4jConnector:[neo4j_connector] Query delta: <neo4j._sync.work.result.Result object at 0x00000158D0CF6E50>
INFO:neo4j_middleware.neo4jConnector:[neo4j_connector] Received response. 
INFO:neo4j_middleware.neo4jConnector:[neo4j_connector] Running query: MERGE(n387:ts20241114T110912:ConnectionNode:IfcRelContainedInSpatialStructure {G...
INFO:neo4j_middleware.neo4jConnector:[neo4j_connector] Query delta: <neo4j._sync.work.result.Result object at 0x00000158D0D109A0>
INFO:neo4j_middleware.neo4jConnector:[neo4j_connector] Received response. 
INFO:neo4j_middleware.neo4jConnector:[neo4j_connector] Running query: MERGE(n385:ts20241114T110912:SecondaryNode:IfcPropertySet {GlobalId:"3OGrhaEG9CL...
INFO:neo4j_middleware.neo4jConnector:[neo4j_connector] Query delta: <neo4j._sync.work.result.Result object at 0x00000158D0CFC8B0>
INFO:neo4j_middleware.neo4jConnector:[neo4j_connector] Received response. 
INFO:neo4j_middleware.neo4jConnector:[neo4j_connector] Running query: MERGE(n384:ts20241114T110912:SecondaryNode:IfcPropertySingleValue {Name:"IsExter...
INFO:neo4j_middleware.neo4jConnector:[neo4j_connector] Query delta: <neo4j._sync.work.result.Result object at 0x00000158D0D01730>
INFO:neo4j_middleware.neo4jConnector:[neo4j_connector] Received response. 
INFO:neo4j_middleware.neo4jConnector:[neo4j_connector] Running query: MERGE(n382:ts20241114T110912:PrimaryNode:IfcRoof {GlobalId:"2iPwJwpPDCSgMheXwk9c...
INFO:neo4j_middleware.neo4jConnector:[neo4j_connector] Query delta: <neo4j._sync.work.result.Result object at 0x00000158D0D01430>
INFO:neo4j_middleware.neo4jConnector:[neo4j_connector] Received response. 
INFO:neo4j_middleware.neo4jConnector:[neo4j_connector] Running query: MERGE(n380:ts20241114T110912:PrimaryNode:IfcRoofType {GlobalId:"0GE$iSXKL8jAEeHi...
INFO:neo4j_middleware.neo4jConnector:[neo4j_connector] Query delta: <neo4j._sync.work.result.Result object at 0x00000158D0D10F40>
INFO:neo4j_middleware.neo4jConnector:[neo4j_connector] Received response. 
INFO:neo4j_middleware.neo4jConnector:[neo4j_connector] Running query: MERGE(n378:ts20241114T110912:SecondaryNode:IfcShapeRepresentation {Representatio...
INFO:neo4j_middleware.neo4jConnector:[neo4j_connector] Query delta: <neo4j._sync.work.result.Result object at 0x00000158D0D0F2B0>
INFO:neo4j_middleware.neo4jConnector:[neo4j_connector] Received response. 
INFO:neo4j_middleware.neo4jConnector:[neo4j_connector] Running query: MERGE(n377:ts20241114T110912:SecondaryNode:IfcSurfaceStyle {Name:"gypsum_fiber-b...
INFO:neo4j_middleware.neo4jConnector:[neo4j_connector] Query delta: <neo4j._sync.work.result.Result object at 0x00000158D0CFC4C0>
INFO:neo4j_middleware.neo4jConnector:[neo4j_connector] Received response. 
INFO:neo4j_middleware.neo4jConnector:[neo4j_connector] Running query: MERGE(n376:ts20241114T110912:SecondaryNode:IfcStyledItem {Name:"None", p21_id:37...
INFO:neo4j_middleware.neo4jConnector:[neo4j_connector] Query delta: <neo4j._sync.work.result.Result object at 0x00000158D0D01040>
INFO:neo4j_middleware.neo4jConnector:[neo4j_connector] Received response. 
INFO:neo4j_middleware.neo4jConnector:[neo4j_connector] Running query: MERGE(n375:ts20241114T110912:SecondaryNode:IfcCartesianPointList3D {CoordList:"(...
INFO:neo4j_middleware.neo4jConnector:[neo4j_connector] Query delta: <neo4j._sync.work.result.Result object at 0x00000158D0D0F940>
INFO:neo4j_middleware.neo4jConnector:[neo4j_connector] Received response. 
INFO:neo4j_middleware.neo4jConnector:[neo4j_connector] Running query: MERGE(n374:ts20241114T110912:SecondaryNode:IfcTriangulatedFaceSet {Closed:"None"...
INFO:neo4j_middleware.neo4jConnector:[neo4j_connector] Query delta: <neo4j._sync.work.result.Result object at 0x00000158D0D0AC40>
INFO:neo4j_middleware.neo4jConnector:[neo4j_connector] Received response. 
INFO:neo4j_middleware.neo4jConnector:[neo4j_connector] Running query: MERGE(n373:ts20241114T110912:SecondaryNode:IfcDirection {DirectionRatios:"(-1.26...
INFO:neo4j_middleware.neo4jConnector:[neo4j_connector] Query delta: <neo4j._sync.work.result.Result object at 0x00000158D0D0A4F0>
INFO:neo4j_middleware.neo4jConnector:[neo4j_connector] Received response. 
INFO:neo4j_middleware.neo4jConnector:[neo4j_connector] Running query: MERGE(n372:ts20241114T110912:SecondaryNode:IfcDirection {DirectionRatios:"(0.0, ...
INFO:neo4j_middleware.neo4jConnector:[neo4j_connector] Query delta: <neo4j._sync.work.result.Result object at 0x00000158D0D01A90>
INFO:neo4j_middleware.neo4jConnector:[neo4j_connector] Received response. 
INFO:neo4j_middleware.neo4jConnector:[neo4j_connector] Running query: MERGE(n371:ts20241114T110912:SecondaryNode:IfcCartesianPoint {Coordinates:"(250....
INFO:neo4j_middleware.neo4jConnector:[neo4j_connector] Query delta: <neo4j._sync.work.result.Result object at 0x00000158D0CFC8B0>
INFO:neo4j_middleware.neo4jConnector:[neo4j_connector] Received response. 
INFO:neo4j_middleware.neo4jConnector:[neo4j_connector] Running query: MERGE(n370:ts20241114T110912:SecondaryNode:IfcAxis2Placement3D {p21_id:370, Enti...
INFO:neo4j_middleware.neo4jConnector:[neo4j_connector] Query delta: <neo4j._sync.work.result.Result object at 0x00000158D0CFC730>
INFO:neo4j_middleware.neo4jConnector:[neo4j_connector] Received response. 
INFO:neo4j_middleware.neo4jConnector:[neo4j_connector] Running query: MERGE(n369:ts20241114T110912:SecondaryNode:IfcLocalPlacement {p21_id:369, Entity...
INFO:neo4j_middleware.neo4jConnector:[neo4j_connector] Query delta: <neo4j._sync.work.result.Result object at 0x00000158D0D01040>
INFO:neo4j_middleware.neo4jConnector:[neo4j_connector] Received response. 
INFO:neo4j_middleware.neo4jConnector:[neo4j_connector] Running query: MERGE(n368:ts20241114T110912:ConnectionNode:IfcRelDefinesByProperties {GlobalId:...
INFO:neo4j_middleware.neo4jConnector:[neo4j_connector] Query delta: <neo4j._sync.work.result.Result object at 0x00000158D0D0FE20>
INFO:neo4j_middleware.neo4jConnector:[neo4j_connector] Received response. 
INFO:neo4j_middleware.neo4jConnector:[neo4j_connector] Running query: MERGE(n367:ts20241114T110912:SecondaryNode:IfcElementQuantity {GlobalId:"3UFVdTl...
INFO:neo4j_middleware.neo4jConnector:[neo4j_connector] Query delta: <neo4j._sync.work.result.Result object at 0x00000158D0D0AF40>
INFO:neo4j_middleware.neo4jConnector:[neo4j_connector] Received response. 
INFO:neo4j_middleware.neo4jConnector:[neo4j_connector] Running query: MERGE(n366:ts20241114T110912:SecondaryNode:IfcQuantityArea {Name:"NetSideArea", ...
INFO:neo4j_middleware.neo4jConnector:[neo4j_connector] Query delta: <neo4j._sync.work.result.Result object at 0x00000158D0D0F610>
INFO:neo4j_middleware.neo4jConnector:[neo4j_connector] Received response. 
INFO:neo4j_middleware.neo4jConnector:[neo4j_connector] Running query: MERGE(n365:ts20241114T110912:SecondaryNode:IfcQuantityLength {Name:"Length", Des...
INFO:neo4j_middleware.neo4jConnector:[neo4j_connector] Query delta: <neo4j._sync.work.result.Result object at 0x00000158D0D019A0>
INFO:neo4j_middleware.neo4jConnector:[neo4j_connector] Received response. 
INFO:neo4j_middleware.neo4jConnector:[neo4j_connector] Running query: MERGE(n364:ts20241114T110912:SecondaryNode:IfcQuantityLength {Name:"Width", Desc...
INFO:neo4j_middleware.neo4jConnector:[neo4j_connector] Query delta: <neo4j._sync.work.result.Result object at 0x00000158D0CFC220>
INFO:neo4j_middleware.neo4jConnector:[neo4j_connector] Received response. 
INFO:neo4j_middleware.neo4jConnector:[neo4j_connector] Running query: MERGE(n363:ts20241114T110912:SecondaryNode:IfcQuantityVolume {Name:"NetVolume", ...
INFO:neo4j_middleware.neo4jConnector:[neo4j_connector] Query delta: <neo4j._sync.work.result.Result object at 0x00000158D0D25190>
INFO:neo4j_middleware.neo4jConnector:[neo4j_connector] Received response. 
INFO:neo4j_middleware.neo4jConnector:[neo4j_connector] Running query: MERGE(n362:ts20241114T110912:SecondaryNode:IfcMaterial {Name:"gypsum_fiber-board...
INFO:neo4j_middleware.neo4jConnector:[neo4j_connector] Query delta: <neo4j._sync.work.result.Result object at 0x00000158D0D01070>
INFO:neo4j_middleware.neo4jConnector:[neo4j_connector] Received response. 
INFO:neo4j_middleware.neo4jConnector:[neo4j_connector] Running query: MERGE(n361:ts20241114T110912:ConnectionNode:IfcRelAssociatesMaterial {GlobalId:"...
INFO:neo4j_middleware.neo4jConnector:[neo4j_connector] Query delta: <neo4j._sync.work.result.Result object at 0x00000158D0D0F910>
INFO:neo4j_middleware.neo4jConnector:[neo4j_connector] Received response. 
INFO:neo4j_middleware.neo4jConnector:[neo4j_connector] Running query: MERGE(n360:ts20241114T110912:SecondaryNode:IfcColourRgb {Name:"None", Red:1.0, G...
INFO:neo4j_middleware.neo4jConnector:[neo4j_connector] Query delta: <neo4j._sync.work.result.Result object at 0x00000158D0D0AF70>
INFO:neo4j_middleware.neo4jConnector:[neo4j_connector] Received response. 
INFO:neo4j_middleware.neo4jConnector:[neo4j_connector] Running query: MERGE(n359:ts20241114T110912:SecondaryNode:IfcSurfaceStyleRendering {Transparenc...
INFO:neo4j_middleware.neo4jConnector:[neo4j_connector] Query delta: <neo4j._sync.work.result.Result object at 0x00000158D0D0F400>
INFO:neo4j_middleware.neo4jConnector:[neo4j_connector] Received response. 
INFO:neo4j_middleware.neo4jConnector:[neo4j_connector] Running query: MERGE(n358:ts20241114T110912:ConnectionNode:IfcRelDefinesByProperties {GlobalId:...
INFO:neo4j_middleware.neo4jConnector:[neo4j_connector] Query delta: <neo4j._sync.work.result.Result object at 0x00000158D0D01970>
INFO:neo4j_middleware.neo4jConnector:[neo4j_connector] Received response. 
INFO:neo4j_middleware.neo4jConnector:[neo4j_connector] Running query: MERGE(n357:ts20241114T110912:SecondaryNode:IfcPropertySet {GlobalId:"0nh5ee_PzBq...
INFO:neo4j_middleware.neo4jConnector:[neo4j_connector] Query delta: <neo4j._sync.work.result.Result object at 0x00000158D0CFC8B0>
INFO:neo4j_middleware.neo4jConnector:[neo4j_connector] Received response. 
INFO:neo4j_middleware.neo4jConnector:[neo4j_connector] Running query: MERGE(n356:ts20241114T110912:SecondaryNode:IfcPropertySingleValue {Name:"LoadBea...
INFO:neo4j_middleware.neo4jConnector:[neo4j_connector] Query delta: <neo4j._sync.work.result.Result object at 0x00000158D0D25EE0>
INFO:neo4j_middleware.neo4jConnector:[neo4j_connector] Received response. 
INFO:neo4j_middleware.neo4jConnector:[neo4j_connector] Running query: MERGE(n355:ts20241114T110912:SecondaryNode:IfcPropertySingleValue {Name:"IsExter...
INFO:neo4j_middleware.neo4jConnector:[neo4j_connector] Query delta: <neo4j._sync.work.result.Result object at 0x00000158D0D01FA0>
INFO:neo4j_middleware.neo4jConnector:[neo4j_connector] Received response. 
INFO:neo4j_middleware.neo4jConnector:[neo4j_connector] Running query: MERGE(n354:ts20241114T110912:SecondaryNode:IfcPropertyEnumeratedValue {Name:"Sta...
INFO:neo4j_middleware.neo4jConnector:[neo4j_connector] Query delta: <neo4j._sync.work.result.Result object at 0x00000158D0D0F5B0>
INFO:neo4j_middleware.neo4jConnector:[neo4j_connector] Received response. 
INFO:neo4j_middleware.neo4jConnector:[neo4j_connector] Running query: MERGE(n352:ts20241114T110912:ConnectionNode:IfcRelDefinesByType {GlobalId:"2zGea...
INFO:neo4j_middleware.neo4jConnector:[neo4j_connector] Query delta: <neo4j._sync.work.result.Result object at 0x00000158D0D10850>
INFO:neo4j_middleware.neo4jConnector:[neo4j_connector] Received response. 
INFO:neo4j_middleware.neo4jConnector:[neo4j_connector] Running query: MERGE(n351:ts20241114T110912:PrimaryNode:IfcWallType {GlobalId:"2S9_r4C7nDjgFt_4...
INFO:neo4j_middleware.neo4jConnector:[neo4j_connector] Query delta: <neo4j._sync.work.result.Result object at 0x00000158D0D0FCD0>
INFO:neo4j_middleware.neo4jConnector:[neo4j_connector] Received response. 
INFO:neo4j_middleware.neo4jConnector:[neo4j_connector] Running query: MERGE(n350:ts20241114T110912:SecondaryNode:IfcDirection {DirectionRatios:"(1.0, ...
INFO:neo4j_middleware.neo4jConnector:[neo4j_connector] Query delta: <neo4j._sync.work.result.Result object at 0x00000158D0D01D30>
INFO:neo4j_middleware.neo4jConnector:[neo4j_connector] Received response. 
INFO:neo4j_middleware.neo4jConnector:[neo4j_connector] Running query: MERGE(n349:ts20241114T110912:SecondaryNode:IfcDirection {DirectionRatios:"(0.0, ...
INFO:neo4j_middleware.neo4jConnector:[neo4j_connector] Query delta: <neo4j._sync.work.result.Result object at 0x00000158D0CFC580>
INFO:neo4j_middleware.neo4jConnector:[neo4j_connector] Received response. 
INFO:neo4j_middleware.neo4jConnector:[neo4j_connector] Running query: MERGE(n348:ts20241114T110912:SecondaryNode:IfcCartesianPoint {Coordinates:"(5150...
INFO:neo4j_middleware.neo4jConnector:[neo4j_connector] Query delta: <neo4j._sync.work.result.Result object at 0x00000158D0D25850>
INFO:neo4j_middleware.neo4jConnector:[neo4j_connector] Received response. 
INFO:neo4j_middleware.neo4jConnector:[neo4j_connector] Running query: MERGE(n347:ts20241114T110912:SecondaryNode:IfcAxis2Placement3D {p21_id:347, Enti...
INFO:neo4j_middleware.neo4jConnector:[neo4j_connector] Query delta: <neo4j._sync.work.result.Result object at 0x00000158D0CFC100>
INFO:neo4j_middleware.neo4jConnector:[neo4j_connector] Received response. 
INFO:neo4j_middleware.neo4jConnector:[neo4j_connector] Running query: MERGE(n346:ts20241114T110912:SecondaryNode:IfcLocalPlacement {p21_id:346, Entity...
INFO:neo4j_middleware.neo4jConnector:[neo4j_connector] Query delta: <neo4j._sync.work.result.Result object at 0x00000158D0D0F160>
INFO:neo4j_middleware.neo4jConnector:[neo4j_connector] Received response. 
INFO:neo4j_middleware.neo4jConnector:[neo4j_connector] Running query: MERGE(n345:ts20241114T110912:PrimaryNode:IfcBuildingElementProxy {GlobalId:"0bo7...
INFO:neo4j_middleware.neo4jConnector:[neo4j_connector] Query delta: <neo4j._sync.work.result.Result object at 0x00000158D0D0F880>
INFO:neo4j_middleware.neo4jConnector:[neo4j_connector] Received response. 
INFO:neo4j_middleware.neo4jConnector:[neo4j_connector] Running query: MERGE(n344:ts20241114T110912:SecondaryNode:IfcDirection {DirectionRatios:"(-1.33...
INFO:neo4j_middleware.neo4jConnector:[neo4j_connector] Query delta: <neo4j._sync.work.result.Result object at 0x00000158D0D0FAC0>
INFO:neo4j_middleware.neo4jConnector:[neo4j_connector] Received response. 
INFO:neo4j_middleware.neo4jConnector:[neo4j_connector] Running query: MERGE(n343:ts20241114T110912:SecondaryNode:IfcDirection {DirectionRatios:"(0.0, ...
INFO:neo4j_middleware.neo4jConnector:[neo4j_connector] Query delta: <neo4j._sync.work.result.Result object at 0x00000158D0D015E0>
INFO:neo4j_middleware.neo4jConnector:[neo4j_connector] Received response. 
INFO:neo4j_middleware.neo4jConnector:[neo4j_connector] Running query: MERGE(n342:ts20241114T110912:SecondaryNode:IfcCartesianPoint {Coordinates:"(4700...
INFO:neo4j_middleware.neo4jConnector:[neo4j_connector] Query delta: <neo4j._sync.work.result.Result object at 0x00000158D0CFC4C0>
INFO:neo4j_middleware.neo4jConnector:[neo4j_connector] Received response. 
INFO:neo4j_middleware.neo4jConnector:[neo4j_connector] Running query: MERGE(n341:ts20241114T110912:SecondaryNode:IfcAxis2Placement3D {p21_id:341, Enti...
INFO:neo4j_middleware.neo4jConnector:[neo4j_connector] Query delta: <neo4j._sync.work.result.Result object at 0x00000158D0CF6A00>
INFO:neo4j_middleware.neo4jConnector:[neo4j_connector] Received response. 
INFO:neo4j_middleware.neo4jConnector:[neo4j_connector] Running query: MERGE(n340:ts20241114T110912:SecondaryNode:IfcLocalPlacement {p21_id:340, Entity...
INFO:neo4j_middleware.neo4jConnector:[neo4j_connector] Query delta: <neo4j._sync.work.result.Result object at 0x00000158D0CFCCD0>
INFO:neo4j_middleware.neo4jConnector:[neo4j_connector] Received response. 
INFO:neo4j_middleware.neo4jConnector:[neo4j_connector] Running query: MERGE(n339:ts20241114T110912:PrimaryNode:IfcChimney {GlobalId:"3dkFAzOGrAIuOzY_R...
INFO:neo4j_middleware.neo4jConnector:[neo4j_connector] Query delta: <neo4j._sync.work.result.Result object at 0x00000158D0D01A90>
INFO:neo4j_middleware.neo4jConnector:[neo4j_connector] Received response. 
INFO:neo4j_middleware.neo4jConnector:[neo4j_connector] Running query: MERGE(n338:ts20241114T110912:ConnectionNode:IfcRelDefinesByType {GlobalId:"22pEI...
INFO:neo4j_middleware.neo4jConnector:[neo4j_connector] Query delta: <neo4j._sync.work.result.Result object at 0x00000158D0D0F7C0>
INFO:neo4j_middleware.neo4jConnector:[neo4j_connector] Received response. 
INFO:neo4j_middleware.neo4jConnector:[neo4j_connector] Running query: MERGE(n337:ts20241114T110912:PrimaryNode:IfcChimneyType {GlobalId:"10FwQBcdzD9ve...
INFO:neo4j_middleware.neo4jConnector:[neo4j_connector] Query delta: <neo4j._sync.work.result.Result object at 0x00000158D0D0F580>
INFO:neo4j_middleware.neo4jConnector:[neo4j_connector] Received response. 
INFO:neo4j_middleware.neo4jConnector:[neo4j_connector] Running query: MERGE(n336:ts20241114T110912:SecondaryNode:IfcProductDefinitionShape {Name:"None...
INFO:neo4j_middleware.neo4jConnector:[neo4j_connector] Query delta: <neo4j._sync.work.result.Result object at 0x00000158D0D10D00>
INFO:neo4j_middleware.neo4jConnector:[neo4j_connector] Received response. 
INFO:neo4j_middleware.neo4jConnector:[neo4j_connector] Running query: MERGE(n335:ts20241114T110912:SecondaryNode:IfcShapeRepresentation {Representatio...
INFO:neo4j_middleware.neo4jConnector:[neo4j_connector] Query delta: <neo4j._sync.work.result.Result object at 0x00000158D0D253A0>
INFO:neo4j_middleware.neo4jConnector:[neo4j_connector] Received response. 
INFO:neo4j_middleware.neo4jConnector:[neo4j_connector] Running query: MERGE(n334:ts20241114T110912:SecondaryNode:IfcStyledItem {Name:"None", p21_id:33...
INFO:neo4j_middleware.neo4jConnector:[neo4j_connector] Query delta: <neo4j._sync.work.result.Result object at 0x00000158D0CFC580>
INFO:neo4j_middleware.neo4jConnector:[neo4j_connector] Received response. 
INFO:neo4j_middleware.neo4jConnector:[neo4j_connector] Running query: MERGE(n333:ts20241114T110912:SecondaryNode:IfcCartesianPointList3D {CoordList:"(...
INFO:neo4j_middleware.neo4jConnector:[neo4j_connector] Query delta: <neo4j._sync.work.result.Result object at 0x00000158D0D01070>
INFO:neo4j_middleware.neo4jConnector:[neo4j_connector] Received response. 
INFO:neo4j_middleware.neo4jConnector:[neo4j_connector] Running query: MERGE(n332:ts20241114T110912:SecondaryNode:IfcTriangulatedFaceSet {Closed:"None"...
INFO:neo4j_middleware.neo4jConnector:[neo4j_connector] Query delta: <neo4j._sync.work.result.Result object at 0x00000158D0D2F220>
INFO:neo4j_middleware.neo4jConnector:[neo4j_connector] Received response. 
INFO:neo4j_middleware.neo4jConnector:[neo4j_connector] Running query: MERGE(n331:ts20241114T110912:SecondaryNode:IfcDirection {DirectionRatios:"(1.332...
INFO:neo4j_middleware.neo4jConnector:[neo4j_connector] Query delta: <neo4j._sync.work.result.Result object at 0x00000158D0D0F370>
INFO:neo4j_middleware.neo4jConnector:[neo4j_connector] Received response. 
INFO:neo4j_middleware.neo4jConnector:[neo4j_connector] Running query: MERGE(n330:ts20241114T110912:SecondaryNode:IfcDirection {DirectionRatios:"(0.0, ...
INFO:neo4j_middleware.neo4jConnector:[neo4j_connector] Query delta: <neo4j._sync.work.result.Result object at 0x00000158D0D016A0>
INFO:neo4j_middleware.neo4jConnector:[neo4j_connector] Received response. 
INFO:neo4j_middleware.neo4jConnector:[neo4j_connector] Running query: MERGE(n329:ts20241114T110912:SecondaryNode:IfcCartesianPoint {Coordinates:"(99.9...
INFO:neo4j_middleware.neo4jConnector:[neo4j_connector] Query delta: <neo4j._sync.work.result.Result object at 0x00000158D0D2FEE0>
INFO:neo4j_middleware.neo4jConnector:[neo4j_connector] Received response. 
INFO:neo4j_middleware.neo4jConnector:[neo4j_connector] Running query: MERGE(n328:ts20241114T110912:SecondaryNode:IfcAxis2Placement3D {p21_id:328, Enti...
INFO:neo4j_middleware.neo4jConnector:[neo4j_connector] Query delta: <neo4j._sync.work.result.Result object at 0x00000158D0CFC700>
INFO:neo4j_middleware.neo4jConnector:[neo4j_connector] Received response. 
INFO:neo4j_middleware.neo4jConnector:[neo4j_connector] Running query: MERGE(n327:ts20241114T110912:SecondaryNode:IfcLocalPlacement {p21_id:327, Entity...
INFO:neo4j_middleware.neo4jConnector:[neo4j_connector] Query delta: <neo4j._sync.work.result.Result object at 0x00000158D0D0FCA0>
INFO:neo4j_middleware.neo4jConnector:[neo4j_connector] Received response. 
INFO:neo4j_middleware.neo4jConnector:[neo4j_connector] Running query: MERGE(n326:ts20241114T110912:ConnectionNode:IfcRelDefinesByProperties {GlobalId:...
INFO:neo4j_middleware.neo4jConnector:[neo4j_connector] Query delta: <neo4j._sync.work.result.Result object at 0x00000158D0CFC6D0>
INFO:neo4j_middleware.neo4jConnector:[neo4j_connector] Received response. 
INFO:neo4j_middleware.neo4jConnector:[neo4j_connector] Running query: MERGE(n325:ts20241114T110912:SecondaryNode:IfcElementQuantity {GlobalId:"3Rpfb7w...
INFO:neo4j_middleware.neo4jConnector:[neo4j_connector] Query delta: <neo4j._sync.work.result.Result object at 0x00000158D0D013A0>
INFO:neo4j_middleware.neo4jConnector:[neo4j_connector] Received response. 
INFO:neo4j_middleware.neo4jConnector:[neo4j_connector] Running query: MERGE(n324:ts20241114T110912:SecondaryNode:IfcQuantityArea {Name:"NetSideArea", ...
INFO:neo4j_middleware.neo4jConnector:[neo4j_connector] Query delta: <neo4j._sync.work.result.Result object at 0x00000158D0CF6AC0>
INFO:neo4j_middleware.neo4jConnector:[neo4j_connector] Received response. 
INFO:neo4j_middleware.neo4jConnector:[neo4j_connector] Running query: MERGE(n322:ts20241114T110912:SecondaryNode:IfcQuantityLength {Name:"Width", Desc...
INFO:neo4j_middleware.neo4jConnector:[neo4j_connector] Query delta: <neo4j._sync.work.result.Result object at 0x00000158D0D01130>
INFO:neo4j_middleware.neo4jConnector:[neo4j_connector] Received response. 
INFO:neo4j_middleware.neo4jConnector:[neo4j_connector] Running query: MERGE(n321:ts20241114T110912:SecondaryNode:IfcQuantityVolume {Name:"NetVolume", ...
INFO:neo4j_middleware.neo4jConnector:[neo4j_connector] Query delta: <neo4j._sync.work.result.Result object at 0x00000158D0D2FA90>
INFO:neo4j_middleware.neo4jConnector:[neo4j_connector] Received response. 
INFO:neo4j_middleware.neo4jConnector:[neo4j_connector] Running query: MERGE(n320:ts20241114T110912:ConnectionNode:IfcRelDefinesByProperties {GlobalId:...
INFO:neo4j_middleware.neo4jConnector:[neo4j_connector] Query delta: <neo4j._sync.work.result.Result object at 0x00000158D0D0FB50>
INFO:neo4j_middleware.neo4jConnector:[neo4j_connector] Received response. 
INFO:neo4j_middleware.neo4jConnector:[neo4j_connector] Running query: MERGE(n319:ts20241114T110912:SecondaryNode:IfcPropertySet {GlobalId:"1azMeVPPf0w...
INFO:neo4j_middleware.neo4jConnector:[neo4j_connector] Query delta: <neo4j._sync.work.result.Result object at 0x00000158D0D10430>
INFO:neo4j_middleware.neo4jConnector:[neo4j_connector] Received response. 
INFO:neo4j_middleware.neo4jConnector:[neo4j_connector] Running query: MERGE(n318:ts20241114T110912:SecondaryNode:IfcPropertySingleValue {Name:"LoadBea...
INFO:neo4j_middleware.neo4jConnector:[neo4j_connector] Query delta: <neo4j._sync.work.result.Result object at 0x00000158D0CFC100>
INFO:neo4j_middleware.neo4jConnector:[neo4j_connector] Received response. 
INFO:neo4j_middleware.neo4jConnector:[neo4j_connector] Running query: MERGE(n317:ts20241114T110912:SecondaryNode:IfcPropertySingleValue {Name:"IsExter...
INFO:neo4j_middleware.neo4jConnector:[neo4j_connector] Query delta: <neo4j._sync.work.result.Result object at 0x00000158D0D2FA30>
INFO:neo4j_middleware.neo4jConnector:[neo4j_connector] Received response. 
INFO:neo4j_middleware.neo4jConnector:[neo4j_connector] Running query: MERGE(n316:ts20241114T110912:SecondaryNode:IfcPropertyEnumeratedValue {Name:"Sta...
INFO:neo4j_middleware.neo4jConnector:[neo4j_connector] Query delta: <neo4j._sync.work.result.Result object at 0x00000158D0CF64C0>
INFO:neo4j_middleware.neo4jConnector:[neo4j_connector] Received response. 
INFO:neo4j_middleware.neo4jConnector:[neo4j_connector] Running query: MERGE(n315:ts20241114T110912:PrimaryNode:IfcWall {GlobalId:"0OfZwWc8j9QP5uX8xPTx...
INFO:neo4j_middleware.neo4jConnector:[neo4j_connector] Query delta: <neo4j._sync.work.result.Result object at 0x00000158D0D01130>
INFO:neo4j_middleware.neo4jConnector:[neo4j_connector] Received response. 
INFO:neo4j_middleware.neo4jConnector:[neo4j_connector] Running query: MERGE(n314:ts20241114T110912:ConnectionNode:IfcRelDefinesByType {GlobalId:"3EfLx...
INFO:neo4j_middleware.neo4jConnector:[neo4j_connector] Query delta: <neo4j._sync.work.result.Result object at 0x00000158D0CFC6A0>
INFO:neo4j_middleware.neo4jConnector:[neo4j_connector] Received response. 
INFO:neo4j_middleware.neo4jConnector:[neo4j_connector] Running query: MERGE(n313:ts20241114T110912:PrimaryNode:IfcWallType {GlobalId:"3zoiwePjTDQAyswD...
INFO:neo4j_middleware.neo4jConnector:[neo4j_connector] Query delta: <neo4j._sync.work.result.Result object at 0x00000158D0D0F0D0>
INFO:neo4j_middleware.neo4jConnector:[neo4j_connector] Received response. 
INFO:neo4j_middleware.neo4jConnector:[neo4j_connector] Running query: MERGE(n312:ts20241114T110912:SecondaryNode:IfcProductDefinitionShape {Name:"None...
INFO:neo4j_middleware.neo4jConnector:[neo4j_connector] Query delta: <neo4j._sync.work.result.Result object at 0x00000158D0D10520>
INFO:neo4j_middleware.neo4jConnector:[neo4j_connector] Received response. 
INFO:neo4j_middleware.neo4jConnector:[neo4j_connector] Running query: MERGE(n311:ts20241114T110912:SecondaryNode:IfcShapeRepresentation {Representatio...
INFO:neo4j_middleware.neo4jConnector:[neo4j_connector] Query delta: <neo4j._sync.work.result.Result object at 0x00000158D0CFC9D0>
INFO:neo4j_middleware.neo4jConnector:[neo4j_connector] Received response. 
INFO:neo4j_middleware.neo4jConnector:[neo4j_connector] Running query: MERGE(n310:ts20241114T110912:SecondaryNode:IfcStyledItem {Name:"None", p21_id:31...
INFO:neo4j_middleware.neo4jConnector:[neo4j_connector] Query delta: <neo4j._sync.work.result.Result object at 0x00000158D0CA37C0>
INFO:neo4j_middleware.neo4jConnector:[neo4j_connector] Received response. 
INFO:neo4j_middleware.neo4jConnector:[neo4j_connector] Running query: MERGE(n309:ts20241114T110912:SecondaryNode:IfcCartesianPointList3D {CoordList:"(...
INFO:neo4j_middleware.neo4jConnector:[neo4j_connector] Query delta: <neo4j._sync.work.result.Result object at 0x00000158D0CF6DF0>
INFO:neo4j_middleware.neo4jConnector:[neo4j_connector] Received response. 
INFO:neo4j_middleware.neo4jConnector:[neo4j_connector] Running query: MERGE(n308:ts20241114T110912:SecondaryNode:IfcTriangulatedFaceSet {Closed:"None"...
INFO:neo4j_middleware.neo4jConnector:[neo4j_connector] Query delta: <neo4j._sync.work.result.Result object at 0x00000158D0D01730>
INFO:neo4j_middleware.neo4jConnector:[neo4j_connector] Received response. 
INFO:neo4j_middleware.neo4jConnector:[neo4j_connector] Running query: MERGE(n307:ts20241114T110912:SecondaryNode:IfcDirection {DirectionRatios:"(-1.16...
INFO:neo4j_middleware.neo4jConnector:[neo4j_connector] Query delta: <neo4j._sync.work.result.Result object at 0x00000158D0CFC790>
INFO:neo4j_middleware.neo4jConnector:[neo4j_connector] Received response. 
INFO:neo4j_middleware.neo4jConnector:[neo4j_connector] Running query: MERGE(n306:ts20241114T110912:SecondaryNode:IfcDirection {DirectionRatios:"(0.0, ...
INFO:neo4j_middleware.neo4jConnector:[neo4j_connector] Query delta: <neo4j._sync.work.result.Result object at 0x00000158D0D10D60>
INFO:neo4j_middleware.neo4jConnector:[neo4j_connector] Received response. 
INFO:neo4j_middleware.neo4jConnector:[neo4j_connector] Running query: MERGE(n305:ts20241114T110912:SecondaryNode:IfcCartesianPoint {Coordinates:"(5500...
INFO:neo4j_middleware.neo4jConnector:[neo4j_connector] Query delta: <neo4j._sync.work.result.Result object at 0x00000158D0D25A30>
INFO:neo4j_middleware.neo4jConnector:[neo4j_connector] Received response. 
INFO:neo4j_middleware.neo4jConnector:[neo4j_connector] Running query: MERGE(n304:ts20241114T110912:SecondaryNode:IfcAxis2Placement3D {p21_id:304, Enti...
INFO:neo4j_middleware.neo4jConnector:[neo4j_connector] Query delta: <neo4j._sync.work.result.Result object at 0x00000158D0D0FA60>
INFO:neo4j_middleware.neo4jConnector:[neo4j_connector] Received response. 
INFO:neo4j_middleware.neo4jConnector:[neo4j_connector] Running query: MERGE(n303:ts20241114T110912:SecondaryNode:IfcLocalPlacement {p21_id:303, Entity...
INFO:neo4j_middleware.neo4jConnector:[neo4j_connector] Query delta: <neo4j._sync.work.result.Result object at 0x00000158D0D2F0A0>
INFO:neo4j_middleware.neo4jConnector:[neo4j_connector] Received response. 
INFO:neo4j_middleware.neo4jConnector:[neo4j_connector] Running query: MERGE(n302:ts20241114T110912:ConnectionNode:IfcRelDefinesByProperties {GlobalId:...
INFO:neo4j_middleware.neo4jConnector:[neo4j_connector] Query delta: <neo4j._sync.work.result.Result object at 0x00000158D0D01520>
INFO:neo4j_middleware.neo4jConnector:[neo4j_connector] Received response. 
INFO:neo4j_middleware.neo4jConnector:[neo4j_connector] Running query: MERGE(n301:ts20241114T110912:SecondaryNode:IfcElementQuantity {GlobalId:"0EmMoES...
INFO:neo4j_middleware.neo4jConnector:[neo4j_connector] Query delta: <neo4j._sync.work.result.Result object at 0x00000158D0D2FA90>
INFO:neo4j_middleware.neo4jConnector:[neo4j_connector] Received response. 
INFO:neo4j_middleware.neo4jConnector:[neo4j_connector] Running query: MERGE(n300:ts20241114T110912:SecondaryNode:IfcQuantityArea {Name:"NetSideArea", ...
INFO:neo4j_middleware.neo4jConnector:[neo4j_connector] Query delta: <neo4j._sync.work.result.Result object at 0x00000158D0CFC4C0>
INFO:neo4j_middleware.neo4jConnector:[neo4j_connector] Received response. 
INFO:neo4j_middleware.neo4jConnector:[neo4j_connector] Running query: MERGE(n299:ts20241114T110912:SecondaryNode:IfcQuantityLength {Name:"Length", Des...
INFO:neo4j_middleware.neo4jConnector:[neo4j_connector] Query delta: <neo4j._sync.work.result.Result object at 0x00000158D0D107F0>
INFO:neo4j_middleware.neo4jConnector:[neo4j_connector] Received response. 
INFO:neo4j_middleware.neo4jConnector:[neo4j_connector] Running query: MERGE(n298:ts20241114T110912:SecondaryNode:IfcQuantityLength {Name:"Width", Desc...
INFO:neo4j_middleware.neo4jConnector:[neo4j_connector] Query delta: <neo4j._sync.work.result.Result object at 0x00000158D0D25BB0>
INFO:neo4j_middleware.neo4jConnector:[neo4j_connector] Received response. 
INFO:neo4j_middleware.neo4jConnector:[neo4j_connector] Running query: MERGE(n297:ts20241114T110912:SecondaryNode:IfcQuantityVolume {Name:"NetVolume", ...
INFO:neo4j_middleware.neo4jConnector:[neo4j_connector] Query delta: <neo4j._sync.work.result.Result object at 0x00000158D0D0F1F0>
INFO:neo4j_middleware.neo4jConnector:[neo4j_connector] Received response. 
INFO:neo4j_middleware.neo4jConnector:[neo4j_connector] Running query: MERGE(n296:ts20241114T110912:ConnectionNode:IfcRelDefinesByProperties {GlobalId:...
INFO:neo4j_middleware.neo4jConnector:[neo4j_connector] Query delta: <neo4j._sync.work.result.Result object at 0x00000158D0D2FEB0>
INFO:neo4j_middleware.neo4jConnector:[neo4j_connector] Received response. 
INFO:neo4j_middleware.neo4jConnector:[neo4j_connector] Running query: MERGE(n295:ts20241114T110912:SecondaryNode:IfcPropertySet {GlobalId:"0dct$Q4rL8O...
INFO:neo4j_middleware.neo4jConnector:[neo4j_connector] Query delta: <neo4j._sync.work.result.Result object at 0x00000158D0D01C10>
INFO:neo4j_middleware.neo4jConnector:[neo4j_connector] Received response. 
INFO:neo4j_middleware.neo4jConnector:[neo4j_connector] Running query: MERGE(n294:ts20241114T110912:SecondaryNode:IfcPropertySingleValue {Name:"LoadBea...
INFO:neo4j_middleware.neo4jConnector:[neo4j_connector] Query delta: <neo4j._sync.work.result.Result object at 0x00000158D0D2FAC0>
INFO:neo4j_middleware.neo4jConnector:[neo4j_connector] Received response. 
INFO:neo4j_middleware.neo4jConnector:[neo4j_connector] Running query: MERGE(n292:ts20241114T110912:SecondaryNode:IfcPropertyEnumeratedValue {Name:"Sta...
INFO:neo4j_middleware.neo4jConnector:[neo4j_connector] Query delta: <neo4j._sync.work.result.Result object at 0x00000158D0CFCEE0>
INFO:neo4j_middleware.neo4jConnector:[neo4j_connector] Received response. 
INFO:neo4j_middleware.neo4jConnector:[neo4j_connector] Running query: MERGE(n291:ts20241114T110912:PrimaryNode:IfcWall {GlobalId:"3wdauVJT5Fx9drrREiDq...
INFO:neo4j_middleware.neo4jConnector:[neo4j_connector] Query delta: <neo4j._sync.work.result.Result object at 0x00000158D0D0F520>
INFO:neo4j_middleware.neo4jConnector:[neo4j_connector] Received response. 
INFO:neo4j_middleware.neo4jConnector:[neo4j_connector] Running query: MERGE(n290:ts20241114T110912:ConnectionNode:IfcRelDefinesByType {GlobalId:"2SJ_E...
INFO:neo4j_middleware.neo4jConnector:[neo4j_connector] Query delta: <neo4j._sync.work.result.Result object at 0x00000158D0CFC8B0>
INFO:neo4j_middleware.neo4jConnector:[neo4j_connector] Received response. 
INFO:neo4j_middleware.neo4jConnector:[neo4j_connector] Running query: MERGE(n289:ts20241114T110912:PrimaryNode:IfcWallType {GlobalId:"1t790TYSH528FFF3...
INFO:neo4j_middleware.neo4jConnector:[neo4j_connector] Query delta: <neo4j._sync.work.result.Result object at 0x00000158D0D2F310>
INFO:neo4j_middleware.neo4jConnector:[neo4j_connector] Received response. 
INFO:neo4j_middleware.neo4jConnector:[neo4j_connector] Running query: MERGE(n288:ts20241114T110912:SecondaryNode:IfcProductDefinitionShape {Name:"None...
INFO:neo4j_middleware.neo4jConnector:[neo4j_connector] Query delta: <neo4j._sync.work.result.Result object at 0x00000158D0D0A400>
INFO:neo4j_middleware.neo4jConnector:[neo4j_connector] Received response. 
INFO:neo4j_middleware.neo4jConnector:[neo4j_connector] Running query: MERGE(n287:ts20241114T110912:SecondaryNode:IfcShapeRepresentation {Representatio...
INFO:neo4j_middleware.neo4jConnector:[neo4j_connector] Query delta: <neo4j._sync.work.result.Result object at 0x00000158D0D01970>
INFO:neo4j_middleware.neo4jConnector:[neo4j_connector] Received response. 
INFO:neo4j_middleware.neo4jConnector:[neo4j_connector] Running query: MERGE(n286:ts20241114T110912:SecondaryNode:IfcSurfaceStyle {Name:"stone_sand-lim...
INFO:neo4j_middleware.neo4jConnector:[neo4j_connector] Query delta: <neo4j._sync.work.result.Result object at 0x00000158D0D256A0>
INFO:neo4j_middleware.neo4jConnector:[neo4j_connector] Received response. 
INFO:neo4j_middleware.neo4jConnector:[neo4j_connector] Running query: MERGE(n285:ts20241114T110912:SecondaryNode:IfcStyledItem {Name:"None", p21_id:28...
INFO:neo4j_middleware.neo4jConnector:[neo4j_connector] Query delta: <neo4j._sync.work.result.Result object at 0x00000158D0CA37C0>
INFO:neo4j_middleware.neo4jConnector:[neo4j_connector] Received response. 
INFO:neo4j_middleware.neo4jConnector:[neo4j_connector] Running query: MERGE(n284:ts20241114T110912:SecondaryNode:IfcCartesianPointList3D {CoordList:"(...
INFO:neo4j_middleware.neo4jConnector:[neo4j_connector] Query delta: <neo4j._sync.work.result.Result object at 0x00000158D0CFC3D0>
INFO:neo4j_middleware.neo4jConnector:[neo4j_connector] Received response. 
INFO:neo4j_middleware.neo4jConnector:[neo4j_connector] Running query: MERGE(n283:ts20241114T110912:SecondaryNode:IfcTriangulatedFaceSet {Closed:"None"...
INFO:neo4j_middleware.neo4jConnector:[neo4j_connector] Query delta: <neo4j._sync.work.result.Result object at 0x00000158D0CFC2E0>
INFO:neo4j_middleware.neo4jConnector:[neo4j_connector] Received response. 
INFO:neo4j_middleware.neo4jConnector:[neo4j_connector] Running query: MERGE(n282:ts20241114T110912:SecondaryNode:IfcDirection {DirectionRatios:"(2.525...
INFO:neo4j_middleware.neo4jConnector:[neo4j_connector] Query delta: <neo4j._sync.work.result.Result object at 0x00000158D0D0A070>
INFO:neo4j_middleware.neo4jConnector:[neo4j_connector] Received response. 
INFO:neo4j_middleware.neo4jConnector:[neo4j_connector] Running query: MERGE(n281:ts20241114T110912:SecondaryNode:IfcDirection {DirectionRatios:"(3.747...
INFO:neo4j_middleware.neo4jConnector:[neo4j_connector] Query delta: <neo4j._sync.work.result.Result object at 0x00000158D0D251F0>
INFO:neo4j_middleware.neo4jConnector:[neo4j_connector] Received response. 
INFO:neo4j_middleware.neo4jConnector:[neo4j_connector] Running query: MERGE(n280:ts20241114T110912:SecondaryNode:IfcCartesianPoint {Coordinates:"(4100...
INFO:neo4j_middleware.neo4jConnector:[neo4j_connector] Query delta: <neo4j._sync.work.result.Result object at 0x00000158D0D10E20>
INFO:neo4j_middleware.neo4jConnector:[neo4j_connector] Received response. 
INFO:neo4j_middleware.neo4jConnector:[neo4j_connector] Running query: MERGE(n279:ts20241114T110912:SecondaryNode:IfcAxis2Placement3D {p21_id:279, Enti...
INFO:neo4j_middleware.neo4jConnector:[neo4j_connector] Query delta: <neo4j._sync.work.result.Result object at 0x00000158D0D25820>
INFO:neo4j_middleware.neo4jConnector:[neo4j_connector] Received response. 
INFO:neo4j_middleware.neo4jConnector:[neo4j_connector] Running query: MERGE(n278:ts20241114T110912:SecondaryNode:IfcLocalPlacement {p21_id:278, Entity...
INFO:neo4j_middleware.neo4jConnector:[neo4j_connector] Query delta: <neo4j._sync.work.result.Result object at 0x00000158D0D0A4F0>
INFO:neo4j_middleware.neo4jConnector:[neo4j_connector] Received response. 
INFO:neo4j_middleware.neo4jConnector:[neo4j_connector] Running query: MERGE(n277:ts20241114T110912:ConnectionNode:IfcRelDefinesByProperties {GlobalId:...
INFO:neo4j_middleware.neo4jConnector:[neo4j_connector] Query delta: <neo4j._sync.work.result.Result object at 0x00000158D0CFC460>
INFO:neo4j_middleware.neo4jConnector:[neo4j_connector] Received response. 
INFO:neo4j_middleware.neo4jConnector:[neo4j_connector] Running query: MERGE(n276:ts20241114T110912:SecondaryNode:IfcElementQuantity {GlobalId:"0z88Obo...
INFO:neo4j_middleware.neo4jConnector:[neo4j_connector] Query delta: <neo4j._sync.work.result.Result object at 0x00000158D0D10A60>
INFO:neo4j_middleware.neo4jConnector:[neo4j_connector] Received response. 
INFO:neo4j_middleware.neo4jConnector:[neo4j_connector] Running query: MERGE(n275:ts20241114T110912:SecondaryNode:IfcQuantityArea {Name:"NetSideArea", ...
INFO:neo4j_middleware.neo4jConnector:[neo4j_connector] Query delta: <neo4j._sync.work.result.Result object at 0x00000158D0D2F7F0>
INFO:neo4j_middleware.neo4jConnector:[neo4j_connector] Received response. 
INFO:neo4j_middleware.neo4jConnector:[neo4j_connector] Running query: MERGE(n274:ts20241114T110912:SecondaryNode:IfcQuantityLength {Name:"Length", Des...
INFO:neo4j_middleware.neo4jConnector:[neo4j_connector] Query delta: <neo4j._sync.work.result.Result object at 0x00000158D0D0A1F0>
INFO:neo4j_middleware.neo4jConnector:[neo4j_connector] Received response. 
INFO:neo4j_middleware.neo4jConnector:[neo4j_connector] Running query: MERGE(n273:ts20241114T110912:SecondaryNode:IfcQuantityLength {Name:"Width", Desc...
INFO:neo4j_middleware.neo4jConnector:[neo4j_connector] Query delta: <neo4j._sync.work.result.Result object at 0x00000158D0D25910>
INFO:neo4j_middleware.neo4jConnector:[neo4j_connector] Received response. 
INFO:neo4j_middleware.neo4jConnector:[neo4j_connector] Running query: MERGE(n272:ts20241114T110912:SecondaryNode:IfcQuantityVolume {Name:"NetVolume", ...
INFO:neo4j_middleware.neo4jConnector:[neo4j_connector] Query delta: <neo4j._sync.work.result.Result object at 0x00000158D0D25BB0>
INFO:neo4j_middleware.neo4jConnector:[neo4j_connector] Received response. 
INFO:neo4j_middleware.neo4jConnector:[neo4j_connector] Running query: MERGE(n271:ts20241114T110912:SecondaryNode:IfcMaterial {Name:"stone_sand-lime", ...
INFO:neo4j_middleware.neo4jConnector:[neo4j_connector] Query delta: <neo4j._sync.work.result.Result object at 0x00000158D0D2F700>
INFO:neo4j_middleware.neo4jConnector:[neo4j_connector] Received response. 
INFO:neo4j_middleware.neo4jConnector:[neo4j_connector] Running query: MERGE(n270:ts20241114T110912:ConnectionNode:IfcRelAssociatesMaterial {GlobalId:"...
INFO:neo4j_middleware.neo4jConnector:[neo4j_connector] Query delta: <neo4j._sync.work.result.Result object at 0x00000158D0CFC7F0>
INFO:neo4j_middleware.neo4jConnector:[neo4j_connector] Received response. 
INFO:neo4j_middleware.neo4jConnector:[neo4j_connector] Running query: MERGE(n269:ts20241114T110912:SecondaryNode:IfcColourRgb {Name:"None", Red:1.0, G...
INFO:neo4j_middleware.neo4jConnector:[neo4j_connector] Query delta: <neo4j._sync.work.result.Result object at 0x00000158D0D10070>
INFO:neo4j_middleware.neo4jConnector:[neo4j_connector] Received response. 
INFO:neo4j_middleware.neo4jConnector:[neo4j_connector] Running query: MERGE(n268:ts20241114T110912:SecondaryNode:IfcSurfaceStyleRendering {Transparenc...
INFO:neo4j_middleware.neo4jConnector:[neo4j_connector] Query delta: <neo4j._sync.work.result.Result object at 0x00000158D0CFCF10>
INFO:neo4j_middleware.neo4jConnector:[neo4j_connector] Received response. 
INFO:neo4j_middleware.neo4jConnector:[neo4j_connector] Running query: MERGE(n267:ts20241114T110912:ConnectionNode:IfcRelDefinesByProperties {GlobalId:...
INFO:neo4j_middleware.neo4jConnector:[neo4j_connector] Query delta: <neo4j._sync.work.result.Result object at 0x00000158D0D0AAC0>
INFO:neo4j_middleware.neo4jConnector:[neo4j_connector] Received response. 
INFO:neo4j_middleware.neo4jConnector:[neo4j_connector] Running query: MERGE(n266:ts20241114T110912:SecondaryNode:IfcPropertySet {GlobalId:"1Bo5FYnDLEK...
INFO:neo4j_middleware.neo4jConnector:[neo4j_connector] Query delta: <neo4j._sync.work.result.Result object at 0x00000158D0D255B0>
INFO:neo4j_middleware.neo4jConnector:[neo4j_connector] Received response. 
INFO:neo4j_middleware.neo4jConnector:[neo4j_connector] Running query: MERGE(n265:ts20241114T110912:SecondaryNode:IfcPropertySingleValue {Name:"LoadBea...
INFO:neo4j_middleware.neo4jConnector:[neo4j_connector] Query delta: <neo4j._sync.work.result.Result object at 0x00000158D0D0A520>
INFO:neo4j_middleware.neo4jConnector:[neo4j_connector] Received response. 
INFO:neo4j_middleware.neo4jConnector:[neo4j_connector] Running query: MERGE(n264:ts20241114T110912:SecondaryNode:IfcPropertySingleValue {Name:"IsExter...
INFO:neo4j_middleware.neo4jConnector:[neo4j_connector] Query delta: <neo4j._sync.work.result.Result object at 0x00000158D0D2FBB0>
INFO:neo4j_middleware.neo4jConnector:[neo4j_connector] Received response. 
INFO:neo4j_middleware.neo4jConnector:[neo4j_connector] Running query: MERGE(n262:ts20241114T110912:PrimaryNode:IfcWall {GlobalId:"1AQAupaRP1txwK1AGiN6...
INFO:neo4j_middleware.neo4jConnector:[neo4j_connector] Query delta: <neo4j._sync.work.result.Result object at 0x00000158D0D10CD0>
INFO:neo4j_middleware.neo4jConnector:[neo4j_connector] Received response. 
INFO:neo4j_middleware.neo4jConnector:[neo4j_connector] Running query: MERGE(n261:ts20241114T110912:ConnectionNode:IfcRelDefinesByType {GlobalId:"1f7Mc...
INFO:neo4j_middleware.neo4jConnector:[neo4j_connector] Query delta: <neo4j._sync.work.result.Result object at 0x00000158D0D0F250>
INFO:neo4j_middleware.neo4jConnector:[neo4j_connector] Received response. 
INFO:neo4j_middleware.neo4jConnector:[neo4j_connector] Running query: MERGE(n260:ts20241114T110912:PrimaryNode:IfcWallType {GlobalId:"2YJwrhcCv9v8UXU8...
INFO:neo4j_middleware.neo4jConnector:[neo4j_connector] Query delta: <neo4j._sync.work.result.Result object at 0x00000158D0CFC4C0>
INFO:neo4j_middleware.neo4jConnector:[neo4j_connector] Received response. 
INFO:neo4j_middleware.neo4jConnector:[neo4j_connector] Running query: MERGE(n259:ts20241114T110912:SecondaryNode:IfcProductDefinitionShape {Name:"None...
INFO:neo4j_middleware.neo4jConnector:[neo4j_connector] Query delta: <neo4j._sync.work.result.Result object at 0x00000158D0D2FAC0>
INFO:neo4j_middleware.neo4jConnector:[neo4j_connector] Received response. 
INFO:neo4j_middleware.neo4jConnector:[neo4j_connector] Running query: MERGE(n258:ts20241114T110912:SecondaryNode:IfcShapeRepresentation {Representatio...
INFO:neo4j_middleware.neo4jConnector:[neo4j_connector] Query delta: <neo4j._sync.work.result.Result object at 0x00000158D0D25790>
INFO:neo4j_middleware.neo4jConnector:[neo4j_connector] Received response. 
INFO:neo4j_middleware.neo4jConnector:[neo4j_connector] Running query: MERGE(n257:ts20241114T110912:SecondaryNode:IfcStyledItem {Name:"None", p21_id:25...
INFO:neo4j_middleware.neo4jConnector:[neo4j_connector] Query delta: <neo4j._sync.work.result.Result object at 0x00000158D0D0AD60>
INFO:neo4j_middleware.neo4jConnector:[neo4j_connector] Received response. 
INFO:neo4j_middleware.neo4jConnector:[neo4j_connector] Running query: MERGE(n256:ts20241114T110912:SecondaryNode:IfcDirection {DirectionRatios:"(-6.07...
INFO:neo4j_middleware.neo4jConnector:[neo4j_connector] Query delta: <neo4j._sync.work.result.Result object at 0x00000158D0CFCA60>
INFO:neo4j_middleware.neo4jConnector:[neo4j_connector] Received response. 
INFO:neo4j_middleware.neo4jConnector:[neo4j_connector] Running query: MERGE(n255:ts20241114T110912:SecondaryNode:IfcArbitraryClosedProfileDef {Profile...
INFO:neo4j_middleware.neo4jConnector:[neo4j_connector] Query delta: <neo4j._sync.work.result.Result object at 0x00000158D0D101C0>
INFO:neo4j_middleware.neo4jConnector:[neo4j_connector] Received response. 
INFO:neo4j_middleware.neo4jConnector:[neo4j_connector] Running query: MERGE(n251:ts20241114T110912:SecondaryNode:IfcCartesianPoint {Coordinates:"(3800...
INFO:neo4j_middleware.neo4jConnector:[neo4j_connector] Query delta: <neo4j._sync.work.result.Result object at 0x00000158D0D0F250>
INFO:neo4j_middleware.neo4jConnector:[neo4j_connector] Received response. 
INFO:neo4j_middleware.neo4jConnector:[neo4j_connector] Running query: MERGE(n246:ts20241114T110912:SecondaryNode:IfcAxis2Placement3D {p21_id:246, Enti...
INFO:neo4j_middleware.neo4jConnector:[neo4j_connector] Query delta: <neo4j._sync.work.result.Result object at 0x00000158D0C62280>
INFO:neo4j_middleware.neo4jConnector:[neo4j_connector] Received response. 
INFO:neo4j_middleware.neo4jConnector:[neo4j_connector] Running query: MERGE(n242:ts20241114T110912:SecondaryNode:IfcFaceOuterBound {Orientation:True, ...
INFO:neo4j_middleware.neo4jConnector:[neo4j_connector] Query delta: <neo4j._sync.work.result.Result object at 0x00000158D0D2F760>
INFO:neo4j_middleware.neo4jConnector:[neo4j_connector] Received response. 
INFO:neo4j_middleware.neo4jConnector:[neo4j_connector] Running query: MERGE(n241:ts20241114T110912:SecondaryNode:IfcFace {p21_id:241, EntityType:"IfcF...
INFO:neo4j_middleware.neo4jConnector:[neo4j_connector] Query delta: <neo4j._sync.work.result.Result object at 0x00000158D0D0AE20>
INFO:neo4j_middleware.neo4jConnector:[neo4j_connector] Received response. 
INFO:neo4j_middleware.neo4jConnector:[neo4j_connector] Running query: MERGE(n237:ts20241114T110912:SecondaryNode:IfcPolyLoop {p21_id:237, EntityType:"...
INFO:neo4j_middleware.neo4jConnector:[neo4j_connector] Query delta: <neo4j._sync.work.result.Result object at 0x00000158D0D0AEB0>
INFO:neo4j_middleware.neo4jConnector:[neo4j_connector] Received response. 
INFO:neo4j_middleware.neo4jConnector:[neo4j_connector] Running query: MERGE(n233:ts20241114T110912:SecondaryNode:IfcPolyLoop {p21_id:233, EntityType:"...
INFO:neo4j_middleware.neo4jConnector:[neo4j_connector] Query delta: <neo4j._sync.work.result.Result object at 0x00000158D0CFCFD0>
INFO:neo4j_middleware.neo4jConnector:[neo4j_connector] Received response. 
INFO:neo4j_middleware.neo4jConnector:[neo4j_connector] Running query: MERGE(n232:ts20241114T110912:SecondaryNode:IfcFaceOuterBound {Orientation:True, ...
INFO:neo4j_middleware.neo4jConnector:[neo4j_connector] Query delta: <neo4j._sync.work.result.Result object at 0x00000158D0CF6AC0>
INFO:neo4j_middleware.neo4jConnector:[neo4j_connector] Received response. 
INFO:neo4j_middleware.neo4jConnector:[neo4j_connector] Running query: MERGE(n230:ts20241114T110912:SecondaryNode:IfcCartesianPoint {Coordinates:"(3800...
INFO:neo4j_middleware.neo4jConnector:[neo4j_connector] Query delta: <neo4j._sync.work.result.Result object at 0x00000158D0CFC6D0>
INFO:neo4j_middleware.neo4jConnector:[neo4j_connector] Received response. 
INFO:neo4j_middleware.neo4jConnector:[neo4j_connector] Running query: MERGE(n229:ts20241114T110912:SecondaryNode:IfcPolyLoop {p21_id:229, EntityType:"...
INFO:neo4j_middleware.neo4jConnector:[neo4j_connector] Query delta: <neo4j._sync.work.result.Result object at 0x00000158D0D2F040>
INFO:neo4j_middleware.neo4jConnector:[neo4j_connector] Received response. 
INFO:neo4j_middleware.neo4jConnector:[neo4j_connector] Running query: MERGE(n228:ts20241114T110912:SecondaryNode:IfcFaceOuterBound {Orientation:True, ...
INFO:neo4j_middleware.neo4jConnector:[neo4j_connector] Query delta: <neo4j._sync.work.result.Result object at 0x00000158D0D0A2E0>
INFO:neo4j_middleware.neo4jConnector:[neo4j_connector] Received response. 
INFO:neo4j_middleware.neo4jConnector:[neo4j_connector] Running query: MERGE(n226:ts20241114T110912:SecondaryNode:IfcCartesianPoint {Coordinates:"(3800...
INFO:neo4j_middleware.neo4jConnector:[neo4j_connector] Query delta: <neo4j._sync.work.result.Result object at 0x00000158D0D0FF70>
INFO:neo4j_middleware.neo4jConnector:[neo4j_connector] Received response. 
INFO:neo4j_middleware.neo4jConnector:[neo4j_connector] Running query: MERGE(n225:ts20241114T110912:SecondaryNode:IfcCartesianPoint {Coordinates:"(3800...
INFO:neo4j_middleware.neo4jConnector:[neo4j_connector] Query delta: <neo4j._sync.work.result.Result object at 0x00000158D0D0A880>
INFO:neo4j_middleware.neo4jConnector:[neo4j_connector] Received response. 
INFO:neo4j_middleware.neo4jConnector:[neo4j_connector] Running query: MERGE(n224:ts20241114T110912:SecondaryNode:IfcPolyLoop {p21_id:224, EntityType:"...
INFO:neo4j_middleware.neo4jConnector:[neo4j_connector] Query delta: <neo4j._sync.work.result.Result object at 0x00000158D0D2FE50>
INFO:neo4j_middleware.neo4jConnector:[neo4j_connector] Received response. 
INFO:neo4j_middleware.neo4jConnector:[neo4j_connector] Running query: MERGE(n223:ts20241114T110912:SecondaryNode:IfcFaceOuterBound {Orientation:True, ...
INFO:neo4j_middleware.neo4jConnector:[neo4j_connector] Query delta: <neo4j._sync.work.result.Result object at 0x00000158D0CFCEB0>
INFO:neo4j_middleware.neo4jConnector:[neo4j_connector] Received response. 
INFO:neo4j_middleware.neo4jConnector:[neo4j_connector] Running query: MERGE(n221:ts20241114T110912:SecondaryNode:IfcCartesianPoint {Coordinates:"(2.66...
INFO:neo4j_middleware.neo4jConnector:[neo4j_connector] Query delta: <neo4j._sync.work.result.Result object at 0x00000158D0CFC6D0>
INFO:neo4j_middleware.neo4jConnector:[neo4j_connector] Received response. 
INFO:neo4j_middleware.neo4jConnector:[neo4j_connector] Running query: MERGE(n220:ts20241114T110912:SecondaryNode:IfcCartesianPoint {Coordinates:"(-4.5...
INFO:neo4j_middleware.neo4jConnector:[neo4j_connector] Query delta: <neo4j._sync.work.result.Result object at 0x00000158D0D0FDF0>
INFO:neo4j_middleware.neo4jConnector:[neo4j_connector] Received response. 
INFO:neo4j_middleware.neo4jConnector:[neo4j_connector] Running query: MERGE(n219:ts20241114T110912:SecondaryNode:IfcCartesianPoint {Coordinates:"(2.67...
INFO:neo4j_middleware.neo4jConnector:[neo4j_connector] Query delta: <neo4j._sync.work.result.Result object at 0x00000158D0CF6DF0>
INFO:neo4j_middleware.neo4jConnector:[neo4j_connector] Received response. 
INFO:neo4j_middleware.neo4jConnector:[neo4j_connector] Running query: MERGE(n218:ts20241114T110912:SecondaryNode:IfcCartesianPoint {Coordinates:"(2.67...
INFO:neo4j_middleware.neo4jConnector:[neo4j_connector] Query delta: <neo4j._sync.work.result.Result object at 0x00000158D0D0A2E0>
INFO:neo4j_middleware.neo4jConnector:[neo4j_connector] Received response. 
INFO:neo4j_middleware.neo4jConnector:[neo4j_connector] Running query: MERGE(n216:ts20241114T110912:SecondaryNode:IfcFacetedBrep {p21_id:216, EntityTyp...
INFO:neo4j_middleware.neo4jConnector:[neo4j_connector] Query delta: <neo4j._sync.work.result.Result object at 0x00000158D0CF6F10>
INFO:neo4j_middleware.neo4jConnector:[neo4j_connector] Received response. 
INFO:neo4j_middleware.neo4jConnector:[neo4j_connector] Running query: MERGE(n215:ts20241114T110912:SecondaryNode:IfcDirection {DirectionRatios:"(1.0, ...
INFO:neo4j_middleware.neo4jConnector:[neo4j_connector] Query delta: <neo4j._sync.work.result.Result object at 0x00000158D0D2F7F0>
INFO:neo4j_middleware.neo4jConnector:[neo4j_connector] Received response. 
INFO:neo4j_middleware.neo4jConnector:[neo4j_connector] Running query: MERGE(n214:ts20241114T110912:SecondaryNode:IfcDirection {DirectionRatios:"(0.0, ...
INFO:neo4j_middleware.neo4jConnector:[neo4j_connector] Query delta: <neo4j._sync.work.result.Result object at 0x00000158D0CFC940>
INFO:neo4j_middleware.neo4jConnector:[neo4j_connector] Received response. 
INFO:neo4j_middleware.neo4jConnector:[neo4j_connector] Running query: MERGE(n212:ts20241114T110912:SecondaryNode:IfcAxis2Placement3D {p21_id:212, Enti...
INFO:neo4j_middleware.neo4jConnector:[neo4j_connector] Query delta: <neo4j._sync.work.result.Result object at 0x00000158D0D10E80>
INFO:neo4j_middleware.neo4jConnector:[neo4j_connector] Received response. 
INFO:neo4j_middleware.neo4jConnector:[neo4j_connector] Running query: MERGE(n211:ts20241114T110912:SecondaryNode:IfcLocalPlacement {p21_id:211, Entity...
INFO:neo4j_middleware.neo4jConnector:[neo4j_connector] Query delta: <neo4j._sync.work.result.Result object at 0x00000158D0D0FA60>
INFO:neo4j_middleware.neo4jConnector:[neo4j_connector] Received response. 
INFO:neo4j_middleware.neo4jConnector:[neo4j_connector] Running query: MERGE(n443:ts20241114T110912:SecondaryNode:IfcStyledItem {Name:"None", p21_id:44...
INFO:neo4j_middleware.neo4jConnector:[neo4j_connector] Query delta: <neo4j._sync.work.result.Result object at 0x00000158D0D2F310>
INFO:neo4j_middleware.neo4jConnector:[neo4j_connector] Received response. 
INFO:neo4j_middleware.neo4jConnector:[neo4j_connector] Running query: MERGE(n210:ts20241114T110912:ConnectionNode:IfcRelDefinesByProperties {GlobalId:...
INFO:neo4j_middleware.neo4jConnector:[neo4j_connector] Query delta: <neo4j._sync.work.result.Result object at 0x00000158D0CF6A30>
INFO:neo4j_middleware.neo4jConnector:[neo4j_connector] Received response. 
INFO:neo4j_middleware.neo4jConnector:[neo4j_connector] Running query: MERGE(n209:ts20241114T110912:SecondaryNode:IfcPropertySet {GlobalId:"0Ic1wZuNf4d...
INFO:neo4j_middleware.neo4jConnector:[neo4j_connector] Query delta: <neo4j._sync.work.result.Result object at 0x00000158D0CF6FA0>
INFO:neo4j_middleware.neo4jConnector:[neo4j_connector] Received response. 
INFO:neo4j_middleware.neo4jConnector:[neo4j_connector] Running query: MERGE(n207:ts20241114T110912:SecondaryNode:IfcPropertySingleValue {Name:"Publicl...
INFO:neo4j_middleware.neo4jConnector:[neo4j_connector] Query delta: <neo4j._sync.work.result.Result object at 0x00000158D0D0FB50>
INFO:neo4j_middleware.neo4jConnector:[neo4j_connector] Received response. 
INFO:neo4j_middleware.neo4jConnector:[neo4j_connector] Running query: MERGE(n206:ts20241114T110912:SecondaryNode:IfcPropertySingleValue {Name:"NetPlan...
INFO:neo4j_middleware.neo4jConnector:[neo4j_connector] Query delta: <neo4j._sync.work.result.Result object at 0x00000158D0CFCA30>
INFO:neo4j_middleware.neo4jConnector:[neo4j_connector] Received response. 
INFO:neo4j_middleware.neo4jConnector:[neo4j_connector] Running query: MERGE(n205:ts20241114T110912:SecondaryNode:IfcPropertySingleValue {Name:"GrossPl...
INFO:neo4j_middleware.neo4jConnector:[neo4j_connector] Query delta: <neo4j._sync.work.result.Result object at 0x00000158D0D014F0>
INFO:neo4j_middleware.neo4jConnector:[neo4j_connector] Received response. 
INFO:neo4j_middleware.neo4jConnector:[neo4j_connector] Running query: MERGE(n204:ts20241114T110912:SecondaryNode:IfcPropertySingleValue {Name:"IsExter...
INFO:neo4j_middleware.neo4jConnector:[neo4j_connector] Query delta: <neo4j._sync.work.result.Result object at 0x00000158D0CFC370>
INFO:neo4j_middleware.neo4jConnector:[neo4j_connector] Received response. 
INFO:neo4j_middleware.neo4jConnector:[neo4j_connector] Running query: MERGE(n203:ts20241114T110912:PrimaryNode:IfcSpace {GlobalId:"18QhMtUIXBvQktPHXXx...
INFO:neo4j_middleware.neo4jConnector:[neo4j_connector] Query delta: <neo4j._sync.work.result.Result object at 0x00000158D0D2F490>
INFO:neo4j_middleware.neo4jConnector:[neo4j_connector] Received response. 
INFO:neo4j_middleware.neo4jConnector:[neo4j_connector] Running query: MERGE(n202:ts20241114T110912:ConnectionNode:IfcRelDefinesByType {GlobalId:"1F9yK...
INFO:neo4j_middleware.neo4jConnector:[neo4j_connector] Query delta: <neo4j._sync.work.result.Result object at 0x00000158D0D0A670>
INFO:neo4j_middleware.neo4jConnector:[neo4j_connector] Received response. 
INFO:neo4j_middleware.neo4jConnector:[neo4j_connector] Running query: MERGE(n201:ts20241114T110912:PrimaryNode:IfcSpaceType {GlobalId:"30wkH7SyH7gvhog...
INFO:neo4j_middleware.neo4jConnector:[neo4j_connector] Query delta: <neo4j._sync.work.result.Result object at 0x00000158D0CF68E0>
INFO:neo4j_middleware.neo4jConnector:[neo4j_connector] Received response. 
INFO:neo4j_middleware.neo4jConnector:[neo4j_connector] Running query: MERGE(n200:ts20241114T110912:SecondaryNode:IfcDirection {DirectionRatios:"(1.0, ...
INFO:neo4j_middleware.neo4jConnector:[neo4j_connector] Query delta: <neo4j._sync.work.result.Result object at 0x00000158D0D0F970>
INFO:neo4j_middleware.neo4jConnector:[neo4j_connector] Received response. 
INFO:neo4j_middleware.neo4jConnector:[neo4j_connector] Running query: MERGE(n198:ts20241114T110912:SecondaryNode:IfcCartesianPoint {Coordinates:"(4500...
INFO:neo4j_middleware.neo4jConnector:[neo4j_connector] Query delta: <neo4j._sync.work.result.Result object at 0x00000158D0CFCF40>
INFO:neo4j_middleware.neo4jConnector:[neo4j_connector] Received response. 
INFO:neo4j_middleware.neo4jConnector:[neo4j_connector] Running query: MERGE(n197:ts20241114T110912:SecondaryNode:IfcAxis2Placement3D {p21_id:197, Enti...
INFO:neo4j_middleware.neo4jConnector:[neo4j_connector] Query delta: <neo4j._sync.work.result.Result object at 0x00000158D0D01AF0>
INFO:neo4j_middleware.neo4jConnector:[neo4j_connector] Received response. 
INFO:neo4j_middleware.neo4jConnector:[neo4j_connector] Running query: MERGE(n196:ts20241114T110912:SecondaryNode:IfcLocalPlacement {p21_id:196, Entity...
INFO:neo4j_middleware.neo4jConnector:[neo4j_connector] Query delta: <neo4j._sync.work.result.Result object at 0x00000158D0CFC6D0>
INFO:neo4j_middleware.neo4jConnector:[neo4j_connector] Received response. 
INFO:neo4j_middleware.neo4jConnector:[neo4j_connector] Running query: MERGE(n195:ts20241114T110912:SecondaryNode:IfcMaterial {Name:"Default", Descript...
INFO:neo4j_middleware.neo4jConnector:[neo4j_connector] Query delta: <neo4j._sync.work.result.Result object at 0x00000158D0D2F400>
INFO:neo4j_middleware.neo4jConnector:[neo4j_connector] Received response. 
INFO:neo4j_middleware.neo4jConnector:[neo4j_connector] Running query: MERGE(n193:ts20241114T110912:PrimaryNode:IfcBuildingElementProxy {GlobalId:"1wAD...
INFO:neo4j_middleware.neo4jConnector:[neo4j_connector] Query delta: <neo4j._sync.work.result.Result object at 0x00000158D0CF69A0>
INFO:neo4j_middleware.neo4jConnector:[neo4j_connector] Received response. 
INFO:neo4j_middleware.neo4jConnector:[neo4j_connector] Running query: MERGE(n192:ts20241114T110912:SecondaryNode:IfcProductDefinitionShape {Name:"None...
INFO:neo4j_middleware.neo4jConnector:[neo4j_connector] Query delta: <neo4j._sync.work.result.Result object at 0x00000158D0D2F2B0>
INFO:neo4j_middleware.neo4jConnector:[neo4j_connector] Received response. 
INFO:neo4j_middleware.neo4jConnector:[neo4j_connector] Running query: MERGE(n191:ts20241114T110912:SecondaryNode:IfcShapeRepresentation {Representatio...
INFO:neo4j_middleware.neo4jConnector:[neo4j_connector] Query delta: <neo4j._sync.work.result.Result object at 0x00000158D0D0FF40>
INFO:neo4j_middleware.neo4jConnector:[neo4j_connector] Received response. 
INFO:neo4j_middleware.neo4jConnector:[neo4j_connector] Running query: MERGE(n189:ts20241114T110912:SecondaryNode:IfcStyledItem {Name:"None", p21_id:18...
INFO:neo4j_middleware.neo4jConnector:[neo4j_connector] Query delta: <neo4j._sync.work.result.Result object at 0x00000158D0CFC1F0>
INFO:neo4j_middleware.neo4jConnector:[neo4j_connector] Received response. 
INFO:neo4j_middleware.neo4jConnector:[neo4j_connector] Running query: MERGE(n188:ts20241114T110912:SecondaryNode:IfcCartesianPointList3D {CoordList:"(...
INFO:neo4j_middleware.neo4jConnector:[neo4j_connector] Query delta: <neo4j._sync.work.result.Result object at 0x00000158D0D018B0>
INFO:neo4j_middleware.neo4jConnector:[neo4j_connector] Received response. 
INFO:neo4j_middleware.neo4jConnector:[neo4j_connector] Running query: MERGE(n187:ts20241114T110912:SecondaryNode:IfcTriangulatedFaceSet {Closed:"None"...
INFO:neo4j_middleware.neo4jConnector:[neo4j_connector] Query delta: <neo4j._sync.work.result.Result object at 0x00000158D0D10E20>
INFO:neo4j_middleware.neo4jConnector:[neo4j_connector] Received response. 
INFO:neo4j_middleware.neo4jConnector:[neo4j_connector] Running query: MERGE(n186:ts20241114T110912:SecondaryNode:IfcDirection {DirectionRatios:"(-1.55...
INFO:neo4j_middleware.neo4jConnector:[neo4j_connector] Query delta: <neo4j._sync.work.result.Result object at 0x00000158D0D2FDF0>
INFO:neo4j_middleware.neo4jConnector:[neo4j_connector] Received response. 
INFO:neo4j_middleware.neo4jConnector:[neo4j_connector] Running query: MERGE(n184:ts20241114T110912:SecondaryNode:IfcCartesianPoint {Coordinates:"(4950...
INFO:neo4j_middleware.neo4jConnector:[neo4j_connector] Query delta: <neo4j._sync.work.result.Result object at 0x00000158D0DA1B80>
INFO:neo4j_middleware.neo4jConnector:[neo4j_connector] Received response. 
INFO:neo4j_middleware.neo4jConnector:[neo4j_connector] Running query: MERGE(n183:ts20241114T110912:SecondaryNode:IfcAxis2Placement3D {p21_id:183, Enti...
INFO:neo4j_middleware.neo4jConnector:[neo4j_connector] Query delta: <neo4j._sync.work.result.Result object at 0x00000158D0CF6A00>
INFO:neo4j_middleware.neo4jConnector:[neo4j_connector] Received response. 
INFO:neo4j_middleware.neo4jConnector:[neo4j_connector] Running query: MERGE(n182:ts20241114T110912:SecondaryNode:IfcLocalPlacement {p21_id:182, Entity...
INFO:neo4j_middleware.neo4jConnector:[neo4j_connector] Query delta: <neo4j._sync.work.result.Result object at 0x00000158D0D0FE50>
INFO:neo4j_middleware.neo4jConnector:[neo4j_connector] Received response. 
INFO:neo4j_middleware.neo4jConnector:[neo4j_connector] Running query: MERGE(n181:ts20241114T110912:ConnectionNode:IfcRelContainedInSpatialStructure {G...
INFO:neo4j_middleware.neo4jConnector:[neo4j_connector] Query delta: <neo4j._sync.work.result.Result object at 0x00000158D0CFCAF0>
INFO:neo4j_middleware.neo4jConnector:[neo4j_connector] Received response. 
INFO:neo4j_middleware.neo4jConnector:[neo4j_connector] Running query: MERGE(n179:ts20241114T110912:ConnectionNode:IfcRelAssociatesMaterial {GlobalId:"...
INFO:neo4j_middleware.neo4jConnector:[neo4j_connector] Query delta: <neo4j._sync.work.result.Result object at 0x00000158D0C622E0>
INFO:neo4j_middleware.neo4jConnector:[neo4j_connector] Received response. 
INFO:neo4j_middleware.neo4jConnector:[neo4j_connector] Running query: MERGE(n178:ts20241114T110912:SecondaryNode:IfcColourRgb {Name:"None", Red:1.0, G...
INFO:neo4j_middleware.neo4jConnector:[neo4j_connector] Query delta: <neo4j._sync.work.result.Result object at 0x00000158D0D2F100>
INFO:neo4j_middleware.neo4jConnector:[neo4j_connector] Received response. 
INFO:neo4j_middleware.neo4jConnector:[neo4j_connector] Running query: MERGE(n177:ts20241114T110912:SecondaryNode:IfcSurfaceStyleRendering {Transparenc...
INFO:neo4j_middleware.neo4jConnector:[neo4j_connector] Query delta: <neo4j._sync.work.result.Result object at 0x00000158D0DA1D00>
INFO:neo4j_middleware.neo4jConnector:[neo4j_connector] Received response. 
INFO:neo4j_middleware.neo4jConnector:[neo4j_connector] Running query: MERGE(n175:ts20241114T110912:ConnectionNode:IfcRelDefinesByType {GlobalId:"3y6FA...
INFO:neo4j_middleware.neo4jConnector:[neo4j_connector] Query delta: <neo4j._sync.work.result.Result object at 0x00000158D0CF65B0>
INFO:neo4j_middleware.neo4jConnector:[neo4j_connector] Received response. 
INFO:neo4j_middleware.neo4jConnector:[neo4j_connector] Running query: MERGE(n174:ts20241114T110912:PrimaryNode:IfcFurnitureType {GlobalId:"38qaFzdvb6K...
INFO:neo4j_middleware.neo4jConnector:[neo4j_connector] Query delta: <neo4j._sync.work.result.Result object at 0x00000158D0CF6CA0>
INFO:neo4j_middleware.neo4jConnector:[neo4j_connector] Received response. 
INFO:neo4j_middleware.neo4jConnector:[neo4j_connector] Running query: MERGE(n173:ts20241114T110912:SecondaryNode:IfcProductDefinitionShape {Name:"None...
INFO:neo4j_middleware.neo4jConnector:[neo4j_connector] Query delta: <neo4j._sync.work.result.Result object at 0x00000158D0DA1220>
INFO:neo4j_middleware.neo4jConnector:[neo4j_connector] Received response. 
INFO:neo4j_middleware.neo4jConnector:[neo4j_connector] Running query: MERGE(n172:ts20241114T110912:SecondaryNode:IfcShapeRepresentation {Representatio...
INFO:neo4j_middleware.neo4jConnector:[neo4j_connector] Query delta: <neo4j._sync.work.result.Result object at 0x00000158D0D2F430>
INFO:neo4j_middleware.neo4jConnector:[neo4j_connector] Received response. 
INFO:neo4j_middleware.neo4jConnector:[neo4j_connector] Running query: MERGE(n170:ts20241114T110912:SecondaryNode:IfcDirection {DirectionRatios:"(-1.83...
INFO:neo4j_middleware.neo4jConnector:[neo4j_connector] Query delta: <neo4j._sync.work.result.Result object at 0x00000158D0D012B0>
INFO:neo4j_middleware.neo4jConnector:[neo4j_connector] Received response. 
INFO:neo4j_middleware.neo4jConnector:[neo4j_connector] Running query: MERGE(n169:ts20241114T110912:SecondaryNode:IfcArbitraryClosedProfileDef {Profile...
INFO:neo4j_middleware.neo4jConnector:[neo4j_connector] Query delta: <neo4j._sync.work.result.Result object at 0x00000158D0CFC550>
INFO:neo4j_middleware.neo4jConnector:[neo4j_connector] Received response. 
INFO:neo4j_middleware.neo4jConnector:[neo4j_connector] Running query: MERGE(n168:ts20241114T110912:SecondaryNode:IfcPolyline {p21_id:168, EntityType:"...
INFO:neo4j_middleware.neo4jConnector:[neo4j_connector] Query delta: <neo4j._sync.work.result.Result object at 0x00000158D0DA1CD0>
INFO:neo4j_middleware.neo4jConnector:[neo4j_connector] Received response. 
INFO:neo4j_middleware.neo4jConnector:[neo4j_connector] Running query: MERGE(n166:ts20241114T110912:SecondaryNode:IfcCartesianPoint {Coordinates:"(4500...
INFO:neo4j_middleware.neo4jConnector:[neo4j_connector] Query delta: <neo4j._sync.work.result.Result object at 0x00000158D0CF6F70>
INFO:neo4j_middleware.neo4jConnector:[neo4j_connector] Received response. 
INFO:neo4j_middleware.neo4jConnector:[neo4j_connector] Running query: MERGE(n165:ts20241114T110912:SecondaryNode:IfcCartesianPoint {Coordinates:"(4950...
INFO:neo4j_middleware.neo4jConnector:[neo4j_connector] Query delta: <neo4j._sync.work.result.Result object at 0x00000158D0CF6880>
INFO:neo4j_middleware.neo4jConnector:[neo4j_connector] Received response. 
INFO:neo4j_middleware.neo4jConnector:[neo4j_connector] Running query: MERGE(n164:ts20241114T110912:SecondaryNode:IfcCartesianPoint {Coordinates:"(4950...
INFO:neo4j_middleware.neo4jConnector:[neo4j_connector] Query delta: <neo4j._sync.work.result.Result object at 0x00000158D0DA1A60>
INFO:neo4j_middleware.neo4jConnector:[neo4j_connector] Received response. 
INFO:neo4j_middleware.neo4jConnector:[neo4j_connector] Running query: MERGE(n163:ts20241114T110912:SecondaryNode:IfcCartesianPoint {Coordinates:"(2.59...
INFO:neo4j_middleware.neo4jConnector:[neo4j_connector] Query delta: <neo4j._sync.work.result.Result object at 0x00000158D0C62130>
INFO:neo4j_middleware.neo4jConnector:[neo4j_connector] Received response. 
INFO:neo4j_middleware.neo4jConnector:[neo4j_connector] Running query: MERGE(n161:ts20241114T110912:SecondaryNode:IfcCartesianPoint {Coordinates:"(4950...
INFO:neo4j_middleware.neo4jConnector:[neo4j_connector] Query delta: <neo4j._sync.work.result.Result object at 0x00000158D0D01490>
INFO:neo4j_middleware.neo4jConnector:[neo4j_connector] Received response. 
INFO:neo4j_middleware.neo4jConnector:[neo4j_connector] Running query: MERGE(n160:ts20241114T110912:SecondaryNode:IfcCartesianPoint {Coordinates:"(4950...
INFO:neo4j_middleware.neo4jConnector:[neo4j_connector] Query delta: <neo4j._sync.work.result.Result object at 0x00000158D0D2F100>
INFO:neo4j_middleware.neo4jConnector:[neo4j_connector] Received response. 
INFO:neo4j_middleware.neo4jConnector:[neo4j_connector] Running query: MERGE(n159:ts20241114T110912:SecondaryNode:IfcDirection {DirectionRatios:"(1.0, ...
INFO:neo4j_middleware.neo4jConnector:[neo4j_connector] Query delta: <neo4j._sync.work.result.Result object at 0x00000158D0DA1C40>
INFO:neo4j_middleware.neo4jConnector:[neo4j_connector] Received response. 
INFO:neo4j_middleware.neo4jConnector:[neo4j_connector] Running query: MERGE(n158:ts20241114T110912:SecondaryNode:IfcDirection {DirectionRatios:"(0.0, ...
INFO:neo4j_middleware.neo4jConnector:[neo4j_connector] Query delta: <neo4j._sync.work.result.Result object at 0x00000158D0CF6F10>
INFO:neo4j_middleware.neo4jConnector:[neo4j_connector] Received response. 
INFO:neo4j_middleware.neo4jConnector:[neo4j_connector] Running query: MERGE(n156:ts20241114T110912:SecondaryNode:IfcAxis2Placement3D {p21_id:156, Enti...
INFO:neo4j_middleware.neo4jConnector:[neo4j_connector] Query delta: <neo4j._sync.work.result.Result object at 0x00000158D0CF6970>
INFO:neo4j_middleware.neo4jConnector:[neo4j_connector] Received response. 
INFO:neo4j_middleware.neo4jConnector:[neo4j_connector] Running query: MERGE(n155:ts20241114T110912:SecondaryNode:IfcExtrudedAreaSolid {Depth:2200.0000...
INFO:neo4j_middleware.neo4jConnector:[neo4j_connector] Query delta: <neo4j._sync.work.result.Result object at 0x00000158D0DA1CA0>
INFO:neo4j_middleware.neo4jConnector:[neo4j_connector] Received response. 
INFO:neo4j_middleware.neo4jConnector:[neo4j_connector] Running query: MERGE(n154:ts20241114T110912:SecondaryNode:IfcSurfaceStyle {Name:"virtual_space"...
INFO:neo4j_middleware.neo4jConnector:[neo4j_connector] Query delta: <neo4j._sync.work.result.Result object at 0x00000158D0C62220>
INFO:neo4j_middleware.neo4jConnector:[neo4j_connector] Received response. 
INFO:neo4j_middleware.neo4jConnector:[neo4j_connector] Running query: MERGE(n152:ts20241114T110912:SecondaryNode:IfcSurfaceStyleRendering {Transparenc...
INFO:neo4j_middleware.neo4jConnector:[neo4j_connector] Query delta: <neo4j._sync.work.result.Result object at 0x00000158D0D10730>
INFO:neo4j_middleware.neo4jConnector:[neo4j_connector] Received response. 
INFO:neo4j_middleware.neo4jConnector:[neo4j_connector] Running query: MERGE(n151:ts20241114T110912:SecondaryNode:IfcStyledItem {Name:"None", p21_id:15...
INFO:neo4j_middleware.neo4jConnector:[neo4j_connector] Query delta: <neo4j._sync.work.result.Result object at 0x00000158D0CFCB50>
INFO:neo4j_middleware.neo4jConnector:[neo4j_connector] Received response. 
INFO:neo4j_middleware.neo4jConnector:[neo4j_connector] Running query: MERGE(n383:ts20241114T110912:SecondaryNode:IfcPropertyEnumeratedValue {Name:"Sta...
INFO:neo4j_middleware.neo4jConnector:[neo4j_connector] Query delta: <neo4j._sync.work.result.Result object at 0x00000158D0DA1F70>
INFO:neo4j_middleware.neo4jConnector:[neo4j_connector] Received response. 
INFO:neo4j_middleware.neo4jConnector:[neo4j_connector] Running query: MERGE(n150:ts20241114T110912:SecondaryNode:IfcPolyLoop {p21_id:150, EntityType:"...
INFO:neo4j_middleware.neo4jConnector:[neo4j_connector] Query delta: <neo4j._sync.work.result.Result object at 0x00000158D0CF65E0>
INFO:neo4j_middleware.neo4jConnector:[neo4j_connector] Received response. 
INFO:neo4j_middleware.neo4jConnector:[neo4j_connector] Running query: MERGE(n149:ts20241114T110912:SecondaryNode:IfcFaceOuterBound {Orientation:True, ...
INFO:neo4j_middleware.neo4jConnector:[neo4j_connector] Query delta: <neo4j._sync.work.result.Result object at 0x00000158D0D10940>
INFO:neo4j_middleware.neo4jConnector:[neo4j_connector] Received response. 
INFO:neo4j_middleware.neo4jConnector:[neo4j_connector] Running query: MERGE(n147:ts20241114T110912:SecondaryNode:IfcPolyLoop {p21_id:147, EntityType:"...
INFO:neo4j_middleware.neo4jConnector:[neo4j_connector] Query delta: <neo4j._sync.work.result.Result object at 0x00000158D0D25520>
INFO:neo4j_middleware.neo4jConnector:[neo4j_connector] Received response. 
INFO:neo4j_middleware.neo4jConnector:[neo4j_connector] Running query: MERGE(n146:ts20241114T110912:SecondaryNode:IfcFaceOuterBound {Orientation:True, ...
INFO:neo4j_middleware.neo4jConnector:[neo4j_connector] Query delta: <neo4j._sync.work.result.Result object at 0x00000158D0DA1AC0>
INFO:neo4j_middleware.neo4jConnector:[neo4j_connector] Received response. 
INFO:neo4j_middleware.neo4jConnector:[neo4j_connector] Running query: MERGE(n145:ts20241114T110912:SecondaryNode:IfcFace {p21_id:145, EntityType:"IfcF...
INFO:neo4j_middleware.neo4jConnector:[neo4j_connector] Query delta: <neo4j._sync.work.result.Result object at 0x00000158D0CFC250>
INFO:neo4j_middleware.neo4jConnector:[neo4j_connector] Received response. 
INFO:neo4j_middleware.neo4jConnector:[neo4j_connector] Running query: MERGE(n144:ts20241114T110912:SecondaryNode:IfcPolyLoop {p21_id:144, EntityType:"...
INFO:neo4j_middleware.neo4jConnector:[neo4j_connector] Query delta: <neo4j._sync.work.result.Result object at 0x00000158D0D2FBE0>
INFO:neo4j_middleware.neo4jConnector:[neo4j_connector] Received response. 
INFO:neo4j_middleware.neo4jConnector:[neo4j_connector] Running query: MERGE(n143:ts20241114T110912:SecondaryNode:IfcFaceOuterBound {Orientation:True, ...
INFO:neo4j_middleware.neo4jConnector:[neo4j_connector] Query delta: <neo4j._sync.work.result.Result object at 0x00000158D0DA1220>
INFO:neo4j_middleware.neo4jConnector:[neo4j_connector] Received response. 
INFO:neo4j_middleware.neo4jConnector:[neo4j_connector] Running query: MERGE(n142:ts20241114T110912:SecondaryNode:IfcFace {p21_id:142, EntityType:"IfcF...
INFO:neo4j_middleware.neo4jConnector:[neo4j_connector] Query delta: <neo4j._sync.work.result.Result object at 0x00000158D0CF6A60>
INFO:neo4j_middleware.neo4jConnector:[neo4j_connector] Received response. 
INFO:neo4j_middleware.neo4jConnector:[neo4j_connector] Running query: MERGE(n141:ts20241114T110912:SecondaryNode:IfcPolyLoop {p21_id:141, EntityType:"...
INFO:neo4j_middleware.neo4jConnector:[neo4j_connector] Query delta: <neo4j._sync.work.result.Result object at 0x00000158D0CF6EB0>
INFO:neo4j_middleware.neo4jConnector:[neo4j_connector] Received response. 
INFO:neo4j_middleware.neo4jConnector:[neo4j_connector] Running query: MERGE(n140:ts20241114T110912:SecondaryNode:IfcFaceOuterBound {Orientation:True, ...
INFO:neo4j_middleware.neo4jConnector:[neo4j_connector] Query delta: <neo4j._sync.work.result.Result object at 0x00000158D0DA15B0>
INFO:neo4j_middleware.neo4jConnector:[neo4j_connector] Received response. 
INFO:neo4j_middleware.neo4jConnector:[neo4j_connector] Running query: MERGE(n139:ts20241114T110912:SecondaryNode:IfcFace {p21_id:139, EntityType:"IfcF...
INFO:neo4j_middleware.neo4jConnector:[neo4j_connector] Query delta: <neo4j._sync.work.result.Result object at 0x00000158D0D2F3A0>
INFO:neo4j_middleware.neo4jConnector:[neo4j_connector] Received response. 
INFO:neo4j_middleware.neo4jConnector:[neo4j_connector] Running query: MERGE(n138:ts20241114T110912:SecondaryNode:IfcPolyLoop {p21_id:138, EntityType:"...
INFO:neo4j_middleware.neo4jConnector:[neo4j_connector] Query delta: <neo4j._sync.work.result.Result object at 0x00000158D0D0A070>
INFO:neo4j_middleware.neo4jConnector:[neo4j_connector] Received response. 
INFO:neo4j_middleware.neo4jConnector:[neo4j_connector] Running query: MERGE(n137:ts20241114T110912:SecondaryNode:IfcFaceOuterBound {Orientation:True, ...
INFO:neo4j_middleware.neo4jConnector:[neo4j_connector] Query delta: <neo4j._sync.work.result.Result object at 0x00000158D0D2F670>
INFO:neo4j_middleware.neo4jConnector:[neo4j_connector] Received response. 
INFO:neo4j_middleware.neo4jConnector:[neo4j_connector] Running query: MERGE(n136:ts20241114T110912:SecondaryNode:IfcFace {p21_id:136, EntityType:"IfcF...
INFO:neo4j_middleware.neo4jConnector:[neo4j_connector] Query delta: <neo4j._sync.work.result.Result object at 0x00000158D0DA1CD0>
INFO:neo4j_middleware.neo4jConnector:[neo4j_connector] Received response. 
INFO:neo4j_middleware.neo4jConnector:[neo4j_connector] Running query: MERGE(n135:ts20241114T110912:SecondaryNode:IfcPolyLoop {p21_id:135, EntityType:"...
INFO:neo4j_middleware.neo4jConnector:[neo4j_connector] Query delta: <neo4j._sync.work.result.Result object at 0x00000158D0CF6FD0>
INFO:neo4j_middleware.neo4jConnector:[neo4j_connector] Received response. 
INFO:neo4j_middleware.neo4jConnector:[neo4j_connector] Running query: MERGE(n134:ts20241114T110912:SecondaryNode:IfcFaceOuterBound {Orientation:True, ...
INFO:neo4j_middleware.neo4jConnector:[neo4j_connector] Query delta: <neo4j._sync.work.result.Result object at 0x00000158D0D105B0>
INFO:neo4j_middleware.neo4jConnector:[neo4j_connector] Received response. 
INFO:neo4j_middleware.neo4jConnector:[neo4j_connector] Running query: MERGE(n510:ts20241114T110912:SecondaryNode:IfcDirection {DirectionRatios:"(0.0, ...
INFO:neo4j_middleware.neo4jConnector:[neo4j_connector] Query delta: <neo4j._sync.work.result.Result object at 0x00000158D0D25070>
INFO:neo4j_middleware.neo4jConnector:[neo4j_connector] Received response. 
INFO:neo4j_middleware.neo4jConnector:[neo4j_connector] Running query: MERGE(n133:ts20241114T110912:SecondaryNode:IfcFace {p21_id:133, EntityType:"IfcF...
INFO:neo4j_middleware.neo4jConnector:[neo4j_connector] Query delta: <neo4j._sync.work.result.Result object at 0x00000158D0DA1250>
INFO:neo4j_middleware.neo4jConnector:[neo4j_connector] Received response. 
INFO:neo4j_middleware.neo4jConnector:[neo4j_connector] Running query: MERGE(n132:ts20241114T110912:SecondaryNode:IfcPolyLoop {p21_id:132, EntityType:"...
INFO:neo4j_middleware.neo4jConnector:[neo4j_connector] Query delta: <neo4j._sync.work.result.Result object at 0x00000158D0CFCA60>
INFO:neo4j_middleware.neo4jConnector:[neo4j_connector] Received response. 
INFO:neo4j_middleware.neo4jConnector:[neo4j_connector] Running query: MERGE(n508:ts20241114T110912:SecondaryNode:IfcAxis2Placement3D {p21_id:508, Enti...
INFO:neo4j_middleware.neo4jConnector:[neo4j_connector] Query delta: <neo4j._sync.work.result.Result object at 0x00000158D0DA1520>
INFO:neo4j_middleware.neo4jConnector:[neo4j_connector] Received response. 
INFO:neo4j_middleware.neo4jConnector:[neo4j_connector] Running query: MERGE(n131:ts20241114T110912:SecondaryNode:IfcFaceOuterBound {Orientation:True, ...
INFO:neo4j_middleware.neo4jConnector:[neo4j_connector] Query delta: <neo4j._sync.work.result.Result object at 0x00000158D0D25280>
INFO:neo4j_middleware.neo4jConnector:[neo4j_connector] Received response. 
INFO:neo4j_middleware.neo4jConnector:[neo4j_connector] Running query: MERGE(n130:ts20241114T110912:SecondaryNode:IfcFace {p21_id:130, EntityType:"IfcF...
INFO:neo4j_middleware.neo4jConnector:[neo4j_connector] Query delta: <neo4j._sync.work.result.Result object at 0x00000158D0D0ABE0>
INFO:neo4j_middleware.neo4jConnector:[neo4j_connector] Received response. 
INFO:neo4j_middleware.neo4jConnector:[neo4j_connector] Running query: MERGE(n506:ts20241114T110912:ConnectionNode:IfcRelContainedInSpatialStructure {G...
INFO:neo4j_middleware.neo4jConnector:[neo4j_connector] Query delta: <neo4j._sync.work.result.Result object at 0x00000158D0D10760>
INFO:neo4j_middleware.neo4jConnector:[neo4j_connector] Received response. 
INFO:neo4j_middleware.neo4jConnector:[neo4j_connector] Running query: MERGE(n129:ts20241114T110912:SecondaryNode:IfcPolyLoop {p21_id:129, EntityType:"...
INFO:neo4j_middleware.neo4jConnector:[neo4j_connector] Query delta: <neo4j._sync.work.result.Result object at 0x00000158D0D0A1F0>
INFO:neo4j_middleware.neo4jConnector:[neo4j_connector] Received response. 
INFO:neo4j_middleware.neo4jConnector:[neo4j_connector] Running query: MERGE(n125:ts20241114T110912:SecondaryNode:IfcCartesianPoint {Coordinates:"(4500...
INFO:neo4j_middleware.neo4jConnector:[neo4j_connector] Query delta: <neo4j._sync.work.result.Result object at 0x00000158D0D25580>
INFO:neo4j_middleware.neo4jConnector:[neo4j_connector] Received response. 
INFO:neo4j_middleware.neo4jConnector:[neo4j_connector] Running query: MERGE(n501:ts20241114T110912:PrimaryNode:IfcBuildingElementProxy {GlobalId:"3Fit...
INFO:neo4j_middleware.neo4jConnector:[neo4j_connector] Query delta: <neo4j._sync.work.result.Result object at 0x00000158D0D2FA90>
INFO:neo4j_middleware.neo4jConnector:[neo4j_connector] Received response. 
INFO:neo4j_middleware.neo4jConnector:[neo4j_connector] Running query: MERGE(n124:ts20241114T110912:SecondaryNode:IfcCartesianPoint {Coordinates:"(4950...
INFO:neo4j_middleware.neo4jConnector:[neo4j_connector] Query delta: <neo4j._sync.work.result.Result object at 0x00000158D0DA1D60>
INFO:neo4j_middleware.neo4jConnector:[neo4j_connector] Received response. 
INFO:neo4j_middleware.neo4jConnector:[neo4j_connector] Running query: MERGE(n123:ts20241114T110912:SecondaryNode:IfcCartesianPoint {Coordinates:"(4950...
INFO:neo4j_middleware.neo4jConnector:[neo4j_connector] Query delta: <neo4j._sync.work.result.Result object at 0x00000158D0CF6B50>
INFO:neo4j_middleware.neo4jConnector:[neo4j_connector] Received response. 
INFO:neo4j_middleware.neo4jConnector:[neo4j_connector] Running query: MERGE(n499:ts20241114T110912:PrimaryNode:IfcBuildingElementProxyType {GlobalId:"...
INFO:neo4j_middleware.neo4jConnector:[neo4j_connector] Query delta: <neo4j._sync.work.result.Result object at 0x00000158D0D10610>
INFO:neo4j_middleware.neo4jConnector:[neo4j_connector] Received response. 
INFO:neo4j_middleware.neo4jConnector:[neo4j_connector] Running query: MERGE(n122:ts20241114T110912:SecondaryNode:IfcCartesianPoint {Coordinates:"(4950...
INFO:neo4j_middleware.neo4jConnector:[neo4j_connector] Query delta: <neo4j._sync.work.result.Result object at 0x00000158D0D10D60>
INFO:neo4j_middleware.neo4jConnector:[neo4j_connector] Received response. 
INFO:neo4j_middleware.neo4jConnector:[neo4j_connector] Running query: MERGE(n121:ts20241114T110912:SecondaryNode:IfcCartesianPoint {Coordinates:"(4950...
INFO:neo4j_middleware.neo4jConnector:[neo4j_connector] Query delta: <neo4j._sync.work.result.Result object at 0x00000158D0D0A0A0>
INFO:neo4j_middleware.neo4jConnector:[neo4j_connector] Received response. 
INFO:neo4j_middleware.neo4jConnector:[neo4j_connector] Running query: MERGE(n353:ts20241114T110912:PrimaryNode:IfcWall {GlobalId:"1uS5vfZPn9R8PlAaVd73...
INFO:neo4j_middleware.neo4jConnector:[neo4j_connector] Query delta: <neo4j._sync.work.result.Result object at 0x00000158D0D25760>
INFO:neo4j_middleware.neo4jConnector:[neo4j_connector] Received response. 
INFO:neo4j_middleware.neo4jConnector:[neo4j_connector] Running query: MERGE(n120:ts20241114T110912:SecondaryNode:IfcPolyLoop {p21_id:120, EntityType:"...
INFO:neo4j_middleware.neo4jConnector:[neo4j_connector] Query delta: <neo4j._sync.work.result.Result object at 0x00000158D0DA1BB0>
INFO:neo4j_middleware.neo4jConnector:[neo4j_connector] Received response. 
INFO:neo4j_middleware.neo4jConnector:[neo4j_connector] Running query: MERGE(n116:ts20241114T110912:SecondaryNode:IfcCartesianPoint {Coordinates:"(2.59...
INFO:neo4j_middleware.neo4jConnector:[neo4j_connector] Query delta: <neo4j._sync.work.result.Result object at 0x00000158D0DA1CA0>
INFO:neo4j_middleware.neo4jConnector:[neo4j_connector] Received response. 
INFO:neo4j_middleware.neo4jConnector:[neo4j_connector] Running query: MERGE(n492:ts20241114T110912:SecondaryNode:IfcDirection {DirectionRatios:"(1.0, ...
INFO:neo4j_middleware.neo4jConnector:[neo4j_connector] Query delta: <neo4j._sync.work.result.Result object at 0x00000158D0CA37C0>
INFO:neo4j_middleware.neo4jConnector:[neo4j_connector] Received response. 
INFO:neo4j_middleware.neo4jConnector:[neo4j_connector] Running query: MERGE(n115:ts20241114T110912:SecondaryNode:IfcPolyLoop {p21_id:115, EntityType:"...
INFO:neo4j_middleware.neo4jConnector:[neo4j_connector] Query delta: <neo4j._sync.work.result.Result object at 0x00000158D0D10580>
INFO:neo4j_middleware.neo4jConnector:[neo4j_connector] Received response. 
INFO:neo4j_middleware.neo4jConnector:[neo4j_connector] Running query: MERGE(n114:ts20241114T110912:SecondaryNode:IfcFaceOuterBound {Orientation:True, ...
INFO:neo4j_middleware.neo4jConnector:[neo4j_connector] Query delta: <neo4j._sync.work.result.Result object at 0x00000158D0D01FD0>
INFO:neo4j_middleware.neo4jConnector:[neo4j_connector] Received response. 
INFO:neo4j_middleware.neo4jConnector:[neo4j_connector] Running query: MERGE(n490:ts20241114T110912:SecondaryNode:IfcCartesianPoint {Coordinates:"(-580...
INFO:neo4j_middleware.neo4jConnector:[neo4j_connector] Query delta: <neo4j._sync.work.result.Result object at 0x00000158D0D0A820>
INFO:neo4j_middleware.neo4jConnector:[neo4j_connector] Received response. 
INFO:neo4j_middleware.neo4jConnector:[neo4j_connector] Running query: MERGE(n113:ts20241114T110912:SecondaryNode:IfcFace {p21_id:113, EntityType:"IfcF...
INFO:neo4j_middleware.neo4jConnector:[neo4j_connector] Query delta: <neo4j._sync.work.result.Result object at 0x00000158D0D252B0>
INFO:neo4j_middleware.neo4jConnector:[neo4j_connector] Received response. 
INFO:neo4j_middleware.neo4jConnector:[neo4j_connector] Running query: MERGE(n112:ts20241114T110912:SecondaryNode:IfcCartesianPoint {Coordinates:"(0.0,...
INFO:neo4j_middleware.neo4jConnector:[neo4j_connector] Query delta: <neo4j._sync.work.result.Result object at 0x00000158D0D2F310>
INFO:neo4j_middleware.neo4jConnector:[neo4j_connector] Received response. 
INFO:neo4j_middleware.neo4jConnector:[neo4j_connector] Running query: MERGE(n111:ts20241114T110912:SecondaryNode:IfcCartesianPoint {Coordinates:"(0.0,...
INFO:neo4j_middleware.neo4jConnector:[neo4j_connector] Query delta: <neo4j._sync.work.result.Result object at 0x00000158D0D25910>
INFO:neo4j_middleware.neo4jConnector:[neo4j_connector] Received response. 
INFO:neo4j_middleware.neo4jConnector:[neo4j_connector] Running query: MERGE(n107:ts20241114T110912:SecondaryNode:IfcCartesianPoint {Coordinates:"(4500...
INFO:neo4j_middleware.neo4jConnector:[neo4j_connector] Query delta: <neo4j._sync.work.result.Result object at 0x00000158D0CF6A30>
INFO:neo4j_middleware.neo4jConnector:[neo4j_connector] Received response. 
INFO:neo4j_middleware.neo4jConnector:[neo4j_connector] Running query: MERGE(n250:ts20241114T110912:SecondaryNode:IfcCartesianPoint {Coordinates:"(3800...
INFO:neo4j_middleware.neo4jConnector:[neo4j_connector] Query delta: <neo4j._sync.work.result.Result object at 0x00000158D0D10F70>
INFO:neo4j_middleware.neo4jConnector:[neo4j_connector] Received response. 
INFO:neo4j_middleware.neo4jConnector:[neo4j_connector] Running query: MERGE(n483:ts20241114T110912:SecondaryNode:IfcSurfaceStyleRendering {Transparenc...
INFO:neo4j_middleware.neo4jConnector:[neo4j_connector] Query delta: <neo4j._sync.work.result.Result object at 0x00000158D0D018B0>
INFO:neo4j_middleware.neo4jConnector:[neo4j_connector] Received response. 
INFO:neo4j_middleware.neo4jConnector:[neo4j_connector] Running query: MERGE(n106:ts20241114T110912:SecondaryNode:IfcCartesianPoint {Coordinates:"(4950...
INFO:neo4j_middleware.neo4jConnector:[neo4j_connector] Query delta: <neo4j._sync.work.result.Result object at 0x00000158D0D0AFA0>
INFO:neo4j_middleware.neo4jConnector:[neo4j_connector] Received response. 
INFO:neo4j_middleware.neo4jConnector:[neo4j_connector] Running query: MERGE(n105:ts20241114T110912:SecondaryNode:IfcCartesianPoint {Coordinates:"(4949...
INFO:neo4j_middleware.neo4jConnector:[neo4j_connector] Query delta: <neo4j._sync.work.result.Result object at 0x00000158D0CF6B50>
INFO:neo4j_middleware.neo4jConnector:[neo4j_connector] Received response. 
INFO:neo4j_middleware.neo4jConnector:[neo4j_connector] Running query: MERGE(n104:ts20241114T110912:SecondaryNode:IfcClosedShell {p21_id:104, EntityTyp...
INFO:neo4j_middleware.neo4jConnector:[neo4j_connector] Query delta: <neo4j._sync.work.result.Result object at 0x00000158D0D0F3D0>
INFO:neo4j_middleware.neo4jConnector:[neo4j_connector] Received response. 
INFO:neo4j_middleware.neo4jConnector:[neo4j_connector] Running query: MERGE(n480:ts20241114T110912:PrimaryNode:IfcBuildingElementProxyType {GlobalId:"...
INFO:neo4j_middleware.neo4jConnector:[neo4j_connector] Query delta: <neo4j._sync.work.result.Result object at 0x00000158D0D0A070>
INFO:neo4j_middleware.neo4jConnector:[neo4j_connector] Received response. 
INFO:neo4j_middleware.neo4jConnector:[neo4j_connector] Running query: MERGE(n103:ts20241114T110912:SecondaryNode:IfcFacetedBrep {p21_id:103, EntityTyp...
INFO:neo4j_middleware.neo4jConnector:[neo4j_connector] Query delta: <neo4j._sync.work.result.Result object at 0x00000158D0D10C70>
INFO:neo4j_middleware.neo4jConnector:[neo4j_connector] Received response. 
INFO:neo4j_middleware.neo4jConnector:[neo4j_connector] Running query: MERGE(n102:ts20241114T110912:SecondaryNode:IfcDirection {DirectionRatios:"(1.0, ...
INFO:neo4j_middleware.neo4jConnector:[neo4j_connector] Query delta: <neo4j._sync.work.result.Result object at 0x00000158D0D01F70>
INFO:neo4j_middleware.neo4jConnector:[neo4j_connector] Received response. 
INFO:neo4j_middleware.neo4jConnector:[neo4j_connector] Running query: MERGE(n98:ts20241114T110912:SecondaryNode:IfcLocalPlacement {p21_id:98, EntityTy...
INFO:neo4j_middleware.neo4jConnector:[neo4j_connector] Query delta: <neo4j._sync.work.result.Result object at 0x00000158D0D25070>
INFO:neo4j_middleware.neo4jConnector:[neo4j_connector] Received response. 
INFO:neo4j_middleware.neo4jConnector:[neo4j_connector] Running query: MERGE(n97:ts20241114T110912:ConnectionNode:IfcRelAggregates {GlobalId:"1HMzR8GaP...
INFO:neo4j_middleware.neo4jConnector:[neo4j_connector] Query delta: <neo4j._sync.work.result.Result object at 0x00000158D0D0FFD0>
INFO:neo4j_middleware.neo4jConnector:[neo4j_connector] Received response. 
INFO:neo4j_middleware.neo4jConnector:[neo4j_connector] Running query: MERGE(n473:ts20241114T110912:SecondaryNode:IfcDirection {DirectionRatios:"(1.0, ...
INFO:neo4j_middleware.neo4jConnector:[neo4j_connector] Query delta: <neo4j._sync.work.result.Result object at 0x00000158D0C62190>
INFO:neo4j_middleware.neo4jConnector:[neo4j_connector] Received response. 
INFO:neo4j_middleware.neo4jConnector:[neo4j_connector] Running query: MERGE(n240:ts20241114T110912:SecondaryNode:IfcPolyLoop {p21_id:240, EntityType:"...
INFO:neo4j_middleware.neo4jConnector:[neo4j_connector] Query delta: <neo4j._sync.work.result.Result object at 0x00000158D0CF67C0>
INFO:neo4j_middleware.neo4jConnector:[neo4j_connector] Received response. 
INFO:neo4j_middleware.neo4jConnector:[neo4j_connector] Running query: MERGE(n96:ts20241114T110912:ConnectionNode:IfcRelDefinesByProperties {GlobalId:"...
INFO:neo4j_middleware.neo4jConnector:[neo4j_connector] Query delta: <neo4j._sync.work.result.Result object at 0x00000158D0D0AD30>
INFO:neo4j_middleware.neo4jConnector:[neo4j_connector] Received response. 
INFO:neo4j_middleware.neo4jConnector:[neo4j_connector] Running query: MERGE(n95:ts20241114T110912:SecondaryNode:IfcPropertySet {GlobalId:"0OQXKQ2$DCjg...
INFO:neo4j_middleware.neo4jConnector:[neo4j_connector] Query delta: <neo4j._sync.work.result.Result object at 0x00000158D0D10DC0>
INFO:neo4j_middleware.neo4jConnector:[neo4j_connector] Received response. 
INFO:neo4j_middleware.neo4jConnector:[neo4j_connector] Running query: MERGE(n471:ts20241114T110912:SecondaryNode:IfcCartesianPoint {Coordinates:"(0.0,...
INFO:neo4j_middleware.neo4jConnector:[neo4j_connector] Query delta: <neo4j._sync.work.result.Result object at 0x00000158D0D25340>
INFO:neo4j_middleware.neo4jConnector:[neo4j_connector] Received response. 
INFO:neo4j_middleware.neo4jConnector:[neo4j_connector] Running query: MERGE(n94:ts20241114T110912:SecondaryNode:IfcPropertySingleValue {Name:"Handicap...
INFO:neo4j_middleware.neo4jConnector:[neo4j_connector] Query delta: <neo4j._sync.work.result.Result object at 0x00000158D0D250D0>
INFO:neo4j_middleware.neo4jConnector:[neo4j_connector] Received response. 
INFO:neo4j_middleware.neo4jConnector:[neo4j_connector] Running query: MERGE(n93:ts20241114T110912:SecondaryNode:IfcPropertySingleValue {Name:"Publicly...
INFO:neo4j_middleware.neo4jConnector:[neo4j_connector] Query delta: <neo4j._sync.work.result.Result object at 0x00000158D0D01790>
INFO:neo4j_middleware.neo4jConnector:[neo4j_connector] Received response. 
INFO:neo4j_middleware.neo4jConnector:[neo4j_connector] Running query: MERGE(n89:ts20241114T110912:PrimaryNode:IfcSpace {GlobalId:"0xY$LvXaDEswJDk_VU74...
INFO:neo4j_middleware.neo4jConnector:[neo4j_connector] Query delta: <neo4j._sync.work.result.Result object at 0x00000158D0D10CD0>
INFO:neo4j_middleware.neo4jConnector:[neo4j_connector] Received response. 
INFO:neo4j_middleware.neo4jConnector:[neo4j_connector] Running query: MERGE(n88:ts20241114T110912:ConnectionNode:IfcRelDefinesByType {GlobalId:"1DDWFf...
INFO:neo4j_middleware.neo4jConnector:[neo4j_connector] Query delta: <neo4j._sync.work.result.Result object at 0x00000158D0CF6880>
INFO:neo4j_middleware.neo4jConnector:[neo4j_connector] Received response. 
INFO:neo4j_middleware.neo4jConnector:[neo4j_connector] Running query: MERGE(n231:ts20241114T110912:SecondaryNode:IfcFace {p21_id:231, EntityType:"IfcF...
INFO:neo4j_middleware.neo4jConnector:[neo4j_connector] Query delta: <neo4j._sync.work.result.Result object at 0x00000158D0D25DC0>
INFO:neo4j_middleware.neo4jConnector:[neo4j_connector] Received response. 
INFO:neo4j_middleware.neo4jConnector:[neo4j_connector] Running query: MERGE(n464:ts20241114T110912:PrimaryNode:IfcBuildingElementProxy {GlobalId:"3_4V...
INFO:neo4j_middleware.neo4jConnector:[neo4j_connector] Query delta: <neo4j._sync.work.result.Result object at 0x00000158D0D0F7C0>
INFO:neo4j_middleware.neo4jConnector:[neo4j_connector] Received response. 
INFO:neo4j_middleware.neo4jConnector:[neo4j_connector] Running query: MERGE(n87:ts20241114T110912:PrimaryNode:IfcSpaceType {GlobalId:"1hq0sM3Q5Cq9DOc9...
INFO:neo4j_middleware.neo4jConnector:[neo4j_connector] Query delta: <neo4j._sync.work.result.Result object at 0x00000158D0D01550>
INFO:neo4j_middleware.neo4jConnector:[neo4j_connector] Received response. 
INFO:neo4j_middleware.neo4jConnector:[neo4j_connector] Running query: MERGE(n86:ts20241114T110912:ConnectionNode:IfcRelDefinesByProperties {GlobalId:"...
INFO:neo4j_middleware.neo4jConnector:[neo4j_connector] Query delta: <neo4j._sync.work.result.Result object at 0x00000158D0D2FFA0>
INFO:neo4j_middleware.neo4jConnector:[neo4j_connector] Received response. 
INFO:neo4j_middleware.neo4jConnector:[neo4j_connector] Running query: MERGE(n462:ts20241114T110912:PrimaryNode:IfcBuildingElementProxyType {GlobalId:"...
INFO:neo4j_middleware.neo4jConnector:[neo4j_connector] Query delta: <neo4j._sync.work.result.Result object at 0x00000158D0CFC070>
INFO:neo4j_middleware.neo4jConnector:[neo4j_connector] Received response. 
INFO:neo4j_middleware.neo4jConnector:[neo4j_connector] Running query: MERGE(n85:ts20241114T110912:SecondaryNode:IfcPropertySet {GlobalId:"1ADkwlCmL6xB...
INFO:neo4j_middleware.neo4jConnector:[neo4j_connector] Query delta: <neo4j._sync.work.result.Result object at 0x00000158D0D0FF70>
INFO:neo4j_middleware.neo4jConnector:[neo4j_connector] Received response. 
INFO:neo4j_middleware.neo4jConnector:[neo4j_connector] Running query: MERGE(n84:ts20241114T110912:SecondaryNode:IfcPropertySingleValue {Name:"Handicap...
INFO:neo4j_middleware.neo4jConnector:[neo4j_connector] Query delta: <neo4j._sync.work.result.Result object at 0x00000158D0D0AD90>
INFO:neo4j_middleware.neo4jConnector:[neo4j_connector] Received response. 
INFO:neo4j_middleware.neo4jConnector:[neo4j_connector] Running query: MERGE(n227:ts20241114T110912:SecondaryNode:IfcFace {p21_id:227, EntityType:"IfcF...
INFO:neo4j_middleware.neo4jConnector:[neo4j_connector] Query delta: <neo4j._sync.work.result.Result object at 0x00000158D0CA37C0>
INFO:neo4j_middleware.neo4jConnector:[neo4j_connector] Received response. 
INFO:neo4j_middleware.neo4jConnector:[neo4j_connector] Running query: MERGE(n460:ts20241114T110912:SecondaryNode:IfcShapeRepresentation {Representatio...
INFO:neo4j_middleware.neo4jConnector:[neo4j_connector] Query delta: <neo4j._sync.work.result.Result object at 0x00000158D0D0FD30>
INFO:neo4j_middleware.neo4jConnector:[neo4j_connector] Received response. 
INFO:neo4j_middleware.neo4jConnector:[neo4j_connector] Running query: MERGE(n83:ts20241114T110912:SecondaryNode:IfcPropertySingleValue {Name:"Publicly...
INFO:neo4j_middleware.neo4jConnector:[neo4j_connector] Query delta: <neo4j._sync.work.result.Result object at 0x00000158D0D01160>
INFO:neo4j_middleware.neo4jConnector:[neo4j_connector] Received response. 
INFO:neo4j_middleware.neo4jConnector:[neo4j_connector] Running query: MERGE(n82:ts20241114T110912:SecondaryNode:IfcPropertySingleValue {Name:"IsExtern...
INFO:neo4j_middleware.neo4jConnector:[neo4j_connector] Query delta: <neo4j._sync.work.result.Result object at 0x00000158D0D2FAC0>
INFO:neo4j_middleware.neo4jConnector:[neo4j_connector] Received response. 
INFO:neo4j_middleware.neo4jConnector:[neo4j_connector] Running query: MERGE(n81:ts20241114T110912:ConnectionNode:IfcRelAssignsToGroup {GlobalId:"1pBes...
INFO:neo4j_middleware.neo4jConnector:[neo4j_connector] Query delta: <neo4j._sync.work.result.Result object at 0x00000158D0CFC8B0>
INFO:neo4j_middleware.neo4jConnector:[neo4j_connector] Received response. 
INFO:neo4j_middleware.neo4jConnector:[neo4j_connector] Running query: MERGE(n457:ts20241114T110912:SecondaryNode:IfcColourRgb {Name:"None", Red:0.0, G...
INFO:neo4j_middleware.neo4jConnector:[neo4j_connector] Query delta: <neo4j._sync.work.result.Result object at 0x00000158D0CF6B20>
INFO:neo4j_middleware.neo4jConnector:[neo4j_connector] Received response. 
INFO:neo4j_middleware.neo4jConnector:[neo4j_connector] Running query: MERGE(n80:ts20241114T110912:PrimaryNode:IfcZone {GlobalId:"2Cv3e8z_D5hxYOcR$bfTH...
INFO:neo4j_middleware.neo4jConnector:[neo4j_connector] Query delta: <neo4j._sync.work.result.Result object at 0x00000158D0D0A6D0>
INFO:neo4j_middleware.neo4jConnector:[neo4j_connector] Received response. 
INFO:neo4j_middleware.neo4jConnector:[neo4j_connector] Running query: MERGE(n79:ts20241114T110912:SecondaryNode:IfcProductDefinitionShape {Name:"None"...
INFO:neo4j_middleware.neo4jConnector:[neo4j_connector] Query delta: <neo4j._sync.work.result.Result object at 0x00000158D0D25580>
INFO:neo4j_middleware.neo4jConnector:[neo4j_connector] Received response. 
INFO:neo4j_middleware.neo4jConnector:[neo4j_connector] Running query: MERGE(n222:ts20241114T110912:SecondaryNode:IfcFace {p21_id:222, EntityType:"IfcF...
INFO:neo4j_middleware.neo4jConnector:[neo4j_connector] Query delta: <neo4j._sync.work.result.Result object at 0x00000158D0CFC6D0>
INFO:neo4j_middleware.neo4jConnector:[neo4j_connector] Received response. 
INFO:neo4j_middleware.neo4jConnector:[neo4j_connector] Running query: MERGE(n455:ts20241114T110912:SecondaryNode:IfcCartesianPointList3D {CoordList:"(...
INFO:neo4j_middleware.neo4jConnector:[neo4j_connector] Query delta: <neo4j._sync.work.result.Result object at 0x00000158D0D01C10>
INFO:neo4j_middleware.neo4jConnector:[neo4j_connector] Received response. 
INFO:neo4j_middleware.neo4jConnector:[neo4j_connector] Running query: MERGE(n78:ts20241114T110912:SecondaryNode:IfcShapeRepresentation {Representation...
INFO:neo4j_middleware.neo4jConnector:[neo4j_connector] Query delta: <neo4j._sync.work.result.Result object at 0x00000158D0DA1E20>
INFO:neo4j_middleware.neo4jConnector:[neo4j_connector] Received response. 
INFO:neo4j_middleware.neo4jConnector:[neo4j_connector] Running query: MERGE(n77:ts20241114T110912:SecondaryNode:IfcSurfaceStyle {Name:"concrete_reinfo...
INFO:neo4j_middleware.neo4jConnector:[neo4j_connector] Query delta: <neo4j._sync.work.result.Result object at 0x00000158D0D01E50>
INFO:neo4j_middleware.neo4jConnector:[neo4j_connector] Received response. 
INFO:neo4j_middleware.neo4jConnector:[neo4j_connector] Running query: MERGE(n453:ts20241114T110912:SecondaryNode:IfcDirection {DirectionRatios:"(1.0, ...
INFO:neo4j_middleware.neo4jConnector:[neo4j_connector] Query delta: <neo4j._sync.work.result.Result object at 0x00000158D0D0F130>
INFO:neo4j_middleware.neo4jConnector:[neo4j_connector] Received response. 
INFO:neo4j_middleware.neo4jConnector:[neo4j_connector] Running query: MERGE(n76:ts20241114T110912:SecondaryNode:IfcStyledItem {Name:"None", p21_id:76,...
INFO:neo4j_middleware.neo4jConnector:[neo4j_connector] Query delta: <neo4j._sync.work.result.Result object at 0x00000158D0D0A820>
INFO:neo4j_middleware.neo4jConnector:[neo4j_connector] Received response. 
INFO:neo4j_middleware.neo4jConnector:[neo4j_connector] Running query: MERGE(n75:ts20241114T110912:SecondaryNode:IfcCartesianPointList3D {CoordList:"((...
INFO:neo4j_middleware.neo4jConnector:[neo4j_connector] Query delta: <neo4j._sync.work.result.Result object at 0x00000158D0CF65E0>
INFO:neo4j_middleware.neo4jConnector:[neo4j_connector] Received response. 
INFO:neo4j_middleware.neo4jConnector:[neo4j_connector] Running query: MERGE(n74:ts20241114T110912:SecondaryNode:IfcTriangulatedFaceSet {Closed:"None",...
INFO:neo4j_middleware.neo4jConnector:[neo4j_connector] Query delta: <neo4j._sync.work.result.Result object at 0x00000158D0CFCF40>
INFO:neo4j_middleware.neo4jConnector:[neo4j_connector] Received response. 
INFO:neo4j_middleware.neo4jConnector:[neo4j_connector] Running query: MERGE(n217:ts20241114T110912:SecondaryNode:IfcClosedShell {p21_id:217, EntityTyp...
INFO:neo4j_middleware.neo4jConnector:[neo4j_connector] Query delta: <neo4j._sync.work.result.Result object at 0x00000158D0D01EE0>
INFO:neo4j_middleware.neo4jConnector:[neo4j_connector] Received response. 
INFO:neo4j_middleware.neo4jConnector:[neo4j_connector] Running query: MERGE(n450:ts20241114T110912:SecondaryNode:IfcAxis2Placement3D {p21_id:450, Enti...
INFO:neo4j_middleware.neo4jConnector:[neo4j_connector] Query delta: <neo4j._sync.work.result.Result object at 0x00000158D0DA1CA0>
INFO:neo4j_middleware.neo4jConnector:[neo4j_connector] Received response. 
INFO:neo4j_middleware.neo4jConnector:[neo4j_connector] Running query: MERGE(n73:ts20241114T110912:SecondaryNode:IfcDirection {DirectionRatios:"(1.0, 0...
INFO:neo4j_middleware.neo4jConnector:[neo4j_connector] Query delta: <neo4j._sync.work.result.Result object at 0x00000158D0D01790>
INFO:neo4j_middleware.neo4jConnector:[neo4j_connector] Received response. 
INFO:neo4j_middleware.neo4jConnector:[neo4j_connector] Running query: MERGE(n72:ts20241114T110912:SecondaryNode:IfcDirection {DirectionRatios:"(0.0, 0...
INFO:neo4j_middleware.neo4jConnector:[neo4j_connector] Query delta: <neo4j._sync.work.result.Result object at 0x00000158D0D0FF70>
INFO:neo4j_middleware.neo4jConnector:[neo4j_connector] Received response. 
INFO:neo4j_middleware.neo4jConnector:[neo4j_connector] Running query: MERGE(n448:ts20241114T110912:PrimaryNode:IfcSpatialZone {GlobalId:"1yP7NInQz5uQz...
INFO:neo4j_middleware.neo4jConnector:[neo4j_connector] Query delta: <neo4j._sync.work.result.Result object at 0x00000158D0D0A1F0>
INFO:neo4j_middleware.neo4jConnector:[neo4j_connector] Received response. 
INFO:neo4j_middleware.neo4jConnector:[neo4j_connector] Running query: MERGE(n71:ts20241114T110912:SecondaryNode:IfcCartesianPoint {Coordinates:"(199.9...
INFO:neo4j_middleware.neo4jConnector:[neo4j_connector] Query delta: <neo4j._sync.work.result.Result object at 0x00000158D0CF68B0>
INFO:neo4j_middleware.neo4jConnector:[neo4j_connector] Received response. 
INFO:neo4j_middleware.neo4jConnector:[neo4j_connector] Running query: MERGE(n70:ts20241114T110912:SecondaryNode:IfcAxis2Placement3D {p21_id:70, Entity...
INFO:neo4j_middleware.neo4jConnector:[neo4j_connector] Query delta: <neo4j._sync.work.result.Result object at 0x00000158D0CFC700>
INFO:neo4j_middleware.neo4jConnector:[neo4j_connector] Received response. 
INFO:neo4j_middleware.neo4jConnector:[neo4j_connector] Running query: MERGE(n213:ts20241114T110912:SecondaryNode:IfcCartesianPoint {Coordinates:"(3200...
INFO:neo4j_middleware.neo4jConnector:[neo4j_connector] Query delta: <neo4j._sync.work.result.Result object at 0x00000158D0D10460>
INFO:neo4j_middleware.neo4jConnector:[neo4j_connector] Received response. 
INFO:neo4j_middleware.neo4jConnector:[neo4j_connector] Running query: MERGE(n446:ts20241114T110912:PrimaryNode:IfcSpatialZoneType {GlobalId:"02tV5cCF9...
INFO:neo4j_middleware.neo4jConnector:[neo4j_connector] Query delta: <neo4j._sync.work.result.Result object at 0x00000158D0DA12E0>
INFO:neo4j_middleware.neo4jConnector:[neo4j_connector] Received response. 
INFO:neo4j_middleware.neo4jConnector:[neo4j_connector] Running query: MERGE(n69:ts20241114T110912:SecondaryNode:IfcLocalPlacement {p21_id:69, EntityTy...
INFO:neo4j_middleware.neo4jConnector:[neo4j_connector] Query delta: <neo4j._sync.work.result.Result object at 0x00000158D0D2F0A0>
INFO:neo4j_middleware.neo4jConnector:[neo4j_connector] Received response. 
INFO:neo4j_middleware.neo4jConnector:[neo4j_connector] Running query: MERGE(n68:ts20241114T110912:ConnectionNode:IfcRelContainedInSpatialStructure {Gl...
INFO:neo4j_middleware.neo4jConnector:[neo4j_connector] Query delta: <neo4j._sync.work.result.Result object at 0x00000158D0CFC790>
INFO:neo4j_middleware.neo4jConnector:[neo4j_connector] Received response. 
INFO:neo4j_middleware.neo4jConnector:[neo4j_connector] Running query: MERGE(n67:ts20241114T110912:ConnectionNode:IfcRelDefinesByProperties {GlobalId:"...
INFO:neo4j_middleware.neo4jConnector:[neo4j_connector] Query delta: <neo4j._sync.work.result.Result object at 0x00000158D0D01FD0>
INFO:neo4j_middleware.neo4jConnector:[neo4j_connector] Received response. 
INFO:neo4j_middleware.neo4jConnector:[neo4j_connector] Running query: MERGE(n66:ts20241114T110912:SecondaryNode:IfcElementQuantity {GlobalId:"07E85Nn0...
INFO:neo4j_middleware.neo4jConnector:[neo4j_connector] Query delta: <neo4j._sync.work.result.Result object at 0x00000158D0D0FB50>
INFO:neo4j_middleware.neo4jConnector:[neo4j_connector] Received response. 
INFO:neo4j_middleware.neo4jConnector:[neo4j_connector] Running query: MERGE(n65:ts20241114T110912:SecondaryNode:IfcQuantityArea {Name:"NetArea", Descr...
INFO:neo4j_middleware.neo4jConnector:[neo4j_connector] Query delta: <neo4j._sync.work.result.Result object at 0x00000158D0D019D0>
INFO:neo4j_middleware.neo4jConnector:[neo4j_connector] Received response. 
INFO:neo4j_middleware.neo4jConnector:[neo4j_connector] Running query: MERGE(n61:ts20241114T110912:ConnectionNode:IfcRelAssociatesMaterial {GlobalId:"0...
INFO:neo4j_middleware.neo4jConnector:[neo4j_connector] Query delta: <neo4j._sync.work.result.Result object at 0x00000158D0D2FCA0>
INFO:neo4j_middleware.neo4jConnector:[neo4j_connector] Received response. 
INFO:neo4j_middleware.neo4jConnector:[neo4j_connector] Running query: MERGE(n59:ts20241114T110912:SecondaryNode:IfcSurfaceStyleRendering {Transparency...
INFO:neo4j_middleware.neo4jConnector:[neo4j_connector] Query delta: <neo4j._sync.work.result.Result object at 0x00000158D0DA1BB0>
INFO:neo4j_middleware.neo4jConnector:[neo4j_connector] Received response. 
INFO:neo4j_middleware.neo4jConnector:[neo4j_connector] Running query: MERGE(n434:ts20241114T110912:SecondaryNode:IfcElementQuantity {GlobalId:"3FsmdYv...
INFO:neo4j_middleware.neo4jConnector:[neo4j_connector] Query delta: <neo4j._sync.work.result.Result object at 0x00000158D0D10070>
INFO:neo4j_middleware.neo4jConnector:[neo4j_connector] Received response. 
INFO:neo4j_middleware.neo4jConnector:[neo4j_connector] Running query: MERGE(n57:ts20241114T110912:SecondaryNode:IfcPropertySet {GlobalId:"13bDBn$9j5Vg...
INFO:neo4j_middleware.neo4jConnector:[neo4j_connector] Query delta: <neo4j._sync.work.result.Result object at 0x00000158D0CFC6A0>
INFO:neo4j_middleware.neo4jConnector:[neo4j_connector] Received response. 
INFO:neo4j_middleware.neo4jConnector:[neo4j_connector] Running query: MERGE(n199:ts20241114T110912:SecondaryNode:IfcDirection {DirectionRatios:"(0.0, ...
INFO:neo4j_middleware.neo4jConnector:[neo4j_connector] Query delta: <neo4j._sync.work.result.Result object at 0x00000158D0CF6A90>
INFO:neo4j_middleware.neo4jConnector:[neo4j_connector] Received response. 
INFO:neo4j_middleware.neo4jConnector:[neo4j_connector] Running query: MERGE(n432:ts20241114T110912:SecondaryNode:IfcQuantityLength {Name:"Depth", Desc...
INFO:neo4j_middleware.neo4jConnector:[neo4j_connector] Query delta: <neo4j._sync.work.result.Result object at 0x00000158D0CFCB50>
INFO:neo4j_middleware.neo4jConnector:[neo4j_connector] Received response. 
INFO:neo4j_middleware.neo4jConnector:[neo4j_connector] Running query: MERGE(n55:ts20241114T110912:SecondaryNode:IfcPropertySingleValue {Name:"IsExtern...
INFO:neo4j_middleware.neo4jConnector:[neo4j_connector] Query delta: <neo4j._sync.work.result.Result object at 0x00000158D0CF64C0>
INFO:neo4j_middleware.neo4jConnector:[neo4j_connector] Received response. 
INFO:neo4j_middleware.neo4jConnector:[neo4j_connector] Running query: MERGE(n430:ts20241114T110912:ConnectionNode:IfcRelDefinesByProperties {GlobalId:...
INFO:neo4j_middleware.neo4jConnector:[neo4j_connector] Query delta: <neo4j._sync.work.result.Result object at 0x00000158D0D10B80>
INFO:neo4j_middleware.neo4jConnector:[neo4j_connector] Received response. 
INFO:neo4j_middleware.neo4jConnector:[neo4j_connector] Running query: MERGE(n53:ts20241114T110912:SecondaryNode:IfcPropertyEnumeratedValue {Name:"Stat...
INFO:neo4j_middleware.neo4jConnector:[neo4j_connector] Query delta: <neo4j._sync.work.result.Result object at 0x00000158D0D107C0>
INFO:neo4j_middleware.neo4jConnector:[neo4j_connector] Received response. 
INFO:neo4j_middleware.neo4jConnector:[neo4j_connector] Running query: MERGE(n52:ts20241114T110912:PrimaryNode:IfcSlab {GlobalId:"3zR0BOEcLADRKln4HYpor...
INFO:neo4j_middleware.neo4jConnector:[neo4j_connector] Query delta: <neo4j._sync.work.result.Result object at 0x00000158D0D95250>
INFO:neo4j_middleware.neo4jConnector:[neo4j_connector] Received response. 
INFO:neo4j_middleware.neo4jConnector:[neo4j_connector] Running query: MERGE(n51:ts20241114T110912:ConnectionNode:IfcRelDefinesByType {GlobalId:"0KEb1W...
INFO:neo4j_middleware.neo4jConnector:[neo4j_connector] Query delta: <neo4j._sync.work.result.Result object at 0x00000158D0CFC4C0>
INFO:neo4j_middleware.neo4jConnector:[neo4j_connector] Received response. 
INFO:neo4j_middleware.neo4jConnector:[neo4j_connector] Running query: MERGE(n194:ts20241114T110912:ConnectionNode:IfcRelAssociatesMaterial {GlobalId:"...
INFO:neo4j_middleware.neo4jConnector:[neo4j_connector] Query delta: <neo4j._sync.work.result.Result object at 0x00000158D0DA1400>
INFO:neo4j_middleware.neo4jConnector:[neo4j_connector] Received response. 
INFO:neo4j_middleware.neo4jConnector:[neo4j_connector] Running query: MERGE(n427:ts20241114T110912:SecondaryNode:IfcPropertySingleValue {Name:"IsExter...
INFO:neo4j_middleware.neo4jConnector:[neo4j_connector] Query delta: <neo4j._sync.work.result.Result object at 0x00000158D0CFC820>
INFO:neo4j_middleware.neo4jConnector:[neo4j_connector] Received response. 
INFO:neo4j_middleware.neo4jConnector:[neo4j_connector] Running query: MERGE(n50:ts20241114T110912:PrimaryNode:IfcSlabType {GlobalId:"0hnSKr4LD8eRixcnq...
INFO:neo4j_middleware.neo4jConnector:[neo4j_connector] Query delta: <neo4j._sync.work.result.Result object at 0x00000158D0D013A0>
INFO:neo4j_middleware.neo4jConnector:[neo4j_connector] Received response. 
INFO:neo4j_middleware.neo4jConnector:[neo4j_connector] Running query: MERGE(n49:ts20241114T110912:SecondaryNode:IfcDirection {DirectionRatios:"(1.0, 0...
INFO:neo4j_middleware.neo4jConnector:[neo4j_connector] Query delta: <neo4j._sync.work.result.Result object at 0x00000158D0D10AF0>
INFO:neo4j_middleware.neo4jConnector:[neo4j_connector] Received response. 
INFO:neo4j_middleware.neo4jConnector:[neo4j_connector] Running query: MERGE(n425:ts20241114T110912:PrimaryNode:IfcSlab {GlobalId:"12UVOn4wvAJPMUExKdZL...
INFO:neo4j_middleware.neo4jConnector:[neo4j_connector] Query delta: <neo4j._sync.work.result.Result object at 0x00000158D0D107C0>
INFO:neo4j_middleware.neo4jConnector:[neo4j_connector] Received response. 
INFO:neo4j_middleware.neo4jConnector:[neo4j_connector] Running query: MERGE(n48:ts20241114T110912:SecondaryNode:IfcDirection {DirectionRatios:"(0.0, 0...
INFO:neo4j_middleware.neo4jConnector:[neo4j_connector] Query delta: <neo4j._sync.work.result.Result object at 0x00000158D0D95EB0>
INFO:neo4j_middleware.neo4jConnector:[neo4j_connector] Received response. 
INFO:neo4j_middleware.neo4jConnector:[neo4j_connector] Running query: MERGE(n47:ts20241114T110912:SecondaryNode:IfcCartesianPoint {Coordinates:"(0.0, ...
INFO:neo4j_middleware.neo4jConnector:[neo4j_connector] Query delta: <neo4j._sync.work.result.Result object at 0x00000158D0D01D60>
INFO:neo4j_middleware.neo4jConnector:[neo4j_connector] Received response. 
INFO:neo4j_middleware.neo4jConnector:[neo4j_connector] Running query: MERGE(n190:ts20241114T110912:SecondaryNode:IfcSurfaceStyle {Name:"wood_mdf_plate...
INFO:neo4j_middleware.neo4jConnector:[neo4j_connector] Query delta: <neo4j._sync.work.result.Result object at 0x00000158D0D0FD60>
INFO:neo4j_middleware.neo4jConnector:[neo4j_connector] Received response. 
INFO:neo4j_middleware.neo4jConnector:[neo4j_connector] Running query: MERGE(n423:ts20241114T110912:PrimaryNode:IfcSlabType {GlobalId:"3n9C2OuJjE89DiYl...
INFO:neo4j_middleware.neo4jConnector:[neo4j_connector] Query delta: <neo4j._sync.work.result.Result object at 0x00000158D0CFC970>
INFO:neo4j_middleware.neo4jConnector:[neo4j_connector] Received response. 
INFO:neo4j_middleware.neo4jConnector:[neo4j_connector] Running query: MERGE(n46:ts20241114T110912:SecondaryNode:IfcAxis2Placement3D {p21_id:46, Entity...
INFO:neo4j_middleware.neo4jConnector:[neo4j_connector] Query delta: <neo4j._sync.work.result.Result object at 0x00000158D0D95D00>
INFO:neo4j_middleware.neo4jConnector:[neo4j_connector] Received response. 
INFO:neo4j_middleware.neo4jConnector:[neo4j_connector] Running query: MERGE(n44:ts20241114T110912:ConnectionNode:IfcRelAggregates {GlobalId:"26YVkIyAf...
INFO:neo4j_middleware.neo4jConnector:[neo4j_connector] Query delta: <neo4j._sync.work.result.Result object at 0x00000158D0D10C70>
INFO:neo4j_middleware.neo4jConnector:[neo4j_connector] Received response. 
INFO:neo4j_middleware.neo4jConnector:[neo4j_connector] Running query: MERGE(n420:ts20241114T110912:SecondaryNode:IfcSurfaceStyle {Name:"composite_elem...
INFO:neo4j_middleware.neo4jConnector:[neo4j_connector] Query delta: <neo4j._sync.work.result.Result object at 0x00000158D0D109A0>
INFO:neo4j_middleware.neo4jConnector:[neo4j_connector] Received response. 
INFO:neo4j_middleware.neo4jConnector:[neo4j_connector] Running query: MERGE(n43:ts20241114T110912:PrimaryNode:IfcBuildingStorey {GlobalId:"1Ano2ZUxnEI...
INFO:neo4j_middleware.neo4jConnector:[neo4j_connector] Query delta: <neo4j._sync.work.result.Result object at 0x00000158D0D0AD30>
INFO:neo4j_middleware.neo4jConnector:[neo4j_connector] Received response. 
INFO:neo4j_middleware.neo4jConnector:[neo4j_connector] Running query: MERGE(n42:ts20241114T110912:SecondaryNode:IfcDirection {DirectionRatios:"(1.0, 0...
INFO:neo4j_middleware.neo4jConnector:[neo4j_connector] Query delta: <neo4j._sync.work.result.Result object at 0x00000158D0D010A0>
INFO:neo4j_middleware.neo4jConnector:[neo4j_connector] Received response. 
INFO:neo4j_middleware.neo4jConnector:[neo4j_connector] Running query: MERGE(n185:ts20241114T110912:SecondaryNode:IfcDirection {DirectionRatios:"(8.381...
INFO:neo4j_middleware.neo4jConnector:[neo4j_connector] Query delta: <neo4j._sync.work.result.Result object at 0x00000158D0D0F250>
INFO:neo4j_middleware.neo4jConnector:[neo4j_connector] Received response. 
INFO:neo4j_middleware.neo4jConnector:[neo4j_connector] Running query: MERGE(n418:ts20241114T110912:SecondaryNode:IfcCartesianPointList3D {CoordList:"(...
INFO:neo4j_middleware.neo4jConnector:[neo4j_connector] Query delta: <neo4j._sync.work.result.Result object at 0x00000158D0D010A0>
INFO:neo4j_middleware.neo4jConnector:[neo4j_connector] Received response. 
INFO:neo4j_middleware.neo4jConnector:[neo4j_connector] Running query: MERGE(n41:ts20241114T110912:SecondaryNode:IfcDirection {DirectionRatios:"(0.0, 0...
INFO:neo4j_middleware.neo4jConnector:[neo4j_connector] Query delta: <neo4j._sync.work.result.Result object at 0x00000158D0D95CA0>
INFO:neo4j_middleware.neo4jConnector:[neo4j_connector] Received response. 
INFO:neo4j_middleware.neo4jConnector:[neo4j_connector] Running query: MERGE(n40:ts20241114T110912:SecondaryNode:IfcCartesianPoint {Coordinates:"(-2799...
INFO:neo4j_middleware.neo4jConnector:[neo4j_connector] Query delta: <neo4j._sync.work.result.Result object at 0x00000158D0D10370>
INFO:neo4j_middleware.neo4jConnector:[neo4j_connector] Received response. 
INFO:neo4j_middleware.neo4jConnector:[neo4j_connector] Running query: MERGE(n128:ts20241114T110912:SecondaryNode:IfcFaceOuterBound {Orientation:True, ...
INFO:neo4j_middleware.neo4jConnector:[neo4j_connector] Query delta: <neo4j._sync.work.result.Result object at 0x00000158D0D10820>
INFO:neo4j_middleware.neo4jConnector:[neo4j_connector] Received response. 
INFO:neo4j_middleware.neo4jConnector:[neo4j_connector] Running query: MERGE(n416:ts20241114T110912:SecondaryNode:IfcDirection {DirectionRatios:"(8.373...
INFO:neo4j_middleware.neo4jConnector:[neo4j_connector] Query delta: <neo4j._sync.work.result.Result object at 0x00000158D0DA1F40>
INFO:neo4j_middleware.neo4jConnector:[neo4j_connector] Received response. 
INFO:neo4j_middleware.neo4jConnector:[neo4j_connector] Running query: MERGE(n39:ts20241114T110912:SecondaryNode:IfcAxis2Placement3D {p21_id:39, Entity...
INFO:neo4j_middleware.neo4jConnector:[neo4j_connector] Query delta: <neo4j._sync.work.result.Result object at 0x00000158D0D95D00>
INFO:neo4j_middleware.neo4jConnector:[neo4j_connector] Received response. 
INFO:neo4j_middleware.neo4jConnector:[neo4j_connector] Running query: MERGE(n127:ts20241114T110912:SecondaryNode:IfcFace {p21_id:127, EntityType:"IfcF...
INFO:neo4j_middleware.neo4jConnector:[neo4j_connector] Query delta: <neo4j._sync.work.result.Result object at 0x00000158D0D0F0D0>
INFO:neo4j_middleware.neo4jConnector:[neo4j_connector] Received response. 
INFO:neo4j_middleware.neo4jConnector:[neo4j_connector] Running query: MERGE(n38:ts20241114T110912:SecondaryNode:IfcLocalPlacement {p21_id:38, EntityTy...
INFO:neo4j_middleware.neo4jConnector:[neo4j_connector] Query delta: <neo4j._sync.work.result.Result object at 0x00000158D0D018B0>
INFO:neo4j_middleware.neo4jConnector:[neo4j_connector] Received response. 
INFO:neo4j_middleware.neo4jConnector:[neo4j_connector] Running query: MERGE(n503:ts20241114T110912:SecondaryNode:IfcColourRgb {Name:"None", Red:0.0, G...
INFO:neo4j_middleware.neo4jConnector:[neo4j_connector] Query delta: <neo4j._sync.work.result.Result object at 0x00000158D0D95C70>
INFO:neo4j_middleware.neo4jConnector:[neo4j_connector] Received response. 
INFO:neo4j_middleware.neo4jConnector:[neo4j_connector] Running query: MERGE(n126:ts20241114T110912:SecondaryNode:IfcCartesianPoint {Coordinates:"(4500...
INFO:neo4j_middleware.neo4jConnector:[neo4j_connector] Query delta: <neo4j._sync.work.result.Result object at 0x00000158D0D10940>
INFO:neo4j_middleware.neo4jConnector:[neo4j_connector] Received response. 
INFO:neo4j_middleware.neo4jConnector:[neo4j_connector] Running query: MERGE(n37:ts20241114T110912:ConnectionNode:IfcRelAggregates {GlobalId:"3Iflj1ItL...
INFO:neo4j_middleware.neo4jConnector:[neo4j_connector] Query delta: <neo4j._sync.work.result.Result object at 0x00000158D0D10460>
INFO:neo4j_middleware.neo4jConnector:[neo4j_connector] Received response. 
INFO:neo4j_middleware.neo4jConnector:[neo4j_connector] Running query: MERGE(n35:ts20241114T110912:SecondaryNode:IfcClassificationReference {Location:"...
INFO:neo4j_middleware.neo4jConnector:[neo4j_connector] Query delta: <neo4j._sync.work.result.Result object at 0x00000158D0D2F580>
INFO:neo4j_middleware.neo4jConnector:[neo4j_connector] Received response. 
INFO:neo4j_middleware.neo4jConnector:[neo4j_connector] Running query: MERGE(n411:ts20241114T110912:ConnectionNode:IfcRelAggregates {GlobalId:"0CXsAjsV...
INFO:neo4j_middleware.neo4jConnector:[neo4j_connector] Query delta: <neo4j._sync.work.result.Result object at 0x00000158D0D95340>
INFO:neo4j_middleware.neo4jConnector:[neo4j_connector] Received response. 
INFO:neo4j_middleware.neo4jConnector:[neo4j_connector] Running query: MERGE(n34:ts20241114T110912:SecondaryNode:IfcClassification {Source:"Molio", Edi...
INFO:neo4j_middleware.neo4jConnector:[neo4j_connector] Query delta: <neo4j._sync.work.result.Result object at 0x00000158D0CFCA30>
INFO:neo4j_middleware.neo4jConnector:[neo4j_connector] Received response. 
INFO:neo4j_middleware.neo4jConnector:[neo4j_connector] Running query: MERGE(n33:ts20241114T110912:ConnectionNode:IfcRelDefinesByProperties {GlobalId:"...
INFO:neo4j_middleware.neo4jConnector:[neo4j_connector] Query delta: <neo4j._sync.work.result.Result object at 0x00000158D0D018B0>
INFO:neo4j_middleware.neo4jConnector:[neo4j_connector] Received response. 
INFO:neo4j_middleware.neo4jConnector:[neo4j_connector] Running query: MERGE(n176:ts20241114T110912:PrimaryNode:IfcFurniture {GlobalId:"2e9pghUJbBqR4jT...
INFO:neo4j_middleware.neo4jConnector:[neo4j_connector] Query delta: <neo4j._sync.work.result.Result object at 0x00000158D0DA1280>
INFO:neo4j_middleware.neo4jConnector:[neo4j_connector] Received response. 
INFO:neo4j_middleware.neo4jConnector:[neo4j_connector] Running query: MERGE(n409:ts20241114T110912:SecondaryNode:IfcElementQuantity {GlobalId:"0B8b52T...
INFO:neo4j_middleware.neo4jConnector:[neo4j_connector] Query delta: <neo4j._sync.work.result.Result object at 0x00000158D0D10580>
INFO:neo4j_middleware.neo4jConnector:[neo4j_connector] Received response. 
INFO:neo4j_middleware.neo4jConnector:[neo4j_connector] Running query: MERGE(n32:ts20241114T110912:SecondaryNode:IfcPropertySet {GlobalId:"3wBmY8vZz83v...
INFO:neo4j_middleware.neo4jConnector:[neo4j_connector] Query delta: <neo4j._sync.work.result.Result object at 0x00000158D0D932E0>
INFO:neo4j_middleware.neo4jConnector:[neo4j_connector] Received response. 
INFO:neo4j_middleware.neo4jConnector:[neo4j_connector] Running query: MERGE(n63:ts20241114T110912:SecondaryNode:IfcQuantityVolume {Name:"NetVolume", D...
INFO:neo4j_middleware.neo4jConnector:[neo4j_connector] Query delta: <neo4j._sync.work.result.Result object at 0x00000158D0D0A9A0>
INFO:neo4j_middleware.neo4jConnector:[neo4j_connector] Received response. 
INFO:neo4j_middleware.neo4jConnector:[neo4j_connector] Running query: MERGE(n118:ts20241114T110912:SecondaryNode:IfcFace {p21_id:118, EntityType:"IfcF...
INFO:neo4j_middleware.neo4jConnector:[neo4j_connector] Query delta: <neo4j._sync.work.result.Result object at 0x00000158D0D95EB0>
INFO:neo4j_middleware.neo4jConnector:[neo4j_connector] Received response. 
INFO:neo4j_middleware.neo4jConnector:[neo4j_connector] Running query: MERGE(n29:ts20241114T110912:SecondaryNode:IfcDirection {DirectionRatios:"(1.0, 0...
INFO:neo4j_middleware.neo4jConnector:[neo4j_connector] Query delta: <neo4j._sync.work.result.Result object at 0x00000158D0D0FB50>
INFO:neo4j_middleware.neo4jConnector:[neo4j_connector] Received response. 
INFO:neo4j_middleware.neo4jConnector:[neo4j_connector] Running query: MERGE(n494:ts20241114T110912:SecondaryNode:IfcCartesianPointList3D {CoordList:"(...
INFO:neo4j_middleware.neo4jConnector:[neo4j_connector] Query delta: <neo4j._sync.work.result.Result object at 0x00000158D0D95940>
INFO:neo4j_middleware.neo4jConnector:[neo4j_connector] Received response. 
INFO:neo4j_middleware.neo4jConnector:[neo4j_connector] Running query: MERGE(n117:ts20241114T110912:SecondaryNode:IfcCartesianPoint {Coordinates:"(2.59...
INFO:neo4j_middleware.neo4jConnector:[neo4j_connector] Query delta: <neo4j._sync.work.result.Result object at 0x00000158D0D93F10>
INFO:neo4j_middleware.neo4jConnector:[neo4j_connector] Received response. 
INFO:neo4j_middleware.neo4jConnector:[neo4j_connector] Running query: MERGE(n28:ts20241114T110912:SecondaryNode:IfcDirection {DirectionRatios:"(0.0, 0...
INFO:neo4j_middleware.neo4jConnector:[neo4j_connector] Query delta: <neo4j._sync.work.result.Result object at 0x00000158D0D2F0A0>
INFO:neo4j_middleware.neo4jConnector:[neo4j_connector] Received response. 
INFO:neo4j_middleware.neo4jConnector:[neo4j_connector] Running query: MERGE(n171:ts20241114T110912:SecondaryNode:IfcStyledItem {Name:"None", p21_id:17...
INFO:neo4j_middleware.neo4jConnector:[neo4j_connector] Query delta: <neo4j._sync.work.result.Result object at 0x00000158D0D25400>
INFO:neo4j_middleware.neo4jConnector:[neo4j_connector] Received response. 
INFO:neo4j_middleware.neo4jConnector:[neo4j_connector] Running query: MERGE(n404:ts20241114T110912:ConnectionNode:IfcRelAssociatesMaterial {GlobalId:"...
INFO:neo4j_middleware.neo4jConnector:[neo4j_connector] Query delta: <neo4j._sync.work.result.Result object at 0x00000158D0D017F0>
INFO:neo4j_middleware.neo4jConnector:[neo4j_connector] Received response. 
INFO:neo4j_middleware.neo4jConnector:[neo4j_connector] Running query: MERGE(n27:ts20241114T110912:SecondaryNode:IfcCartesianPoint {Coordinates:"(5800....
INFO:neo4j_middleware.neo4jConnector:[neo4j_connector] Query delta: <neo4j._sync.work.result.Result object at 0x00000158D0D10580>
INFO:neo4j_middleware.neo4jConnector:[neo4j_connector] Received response. 
INFO:neo4j_middleware.neo4jConnector:[neo4j_connector] Running query: MERGE(n402:ts20241114T110912:SecondaryNode:IfcSurfaceStyleRendering {Transparenc...
INFO:neo4j_middleware.neo4jConnector:[neo4j_connector] Query delta: <neo4j._sync.work.result.Result object at 0x00000158D0D951F0>
INFO:neo4j_middleware.neo4jConnector:[neo4j_connector] Received response. 
INFO:neo4j_middleware.neo4jConnector:[neo4j_connector] Running query: MERGE(n25:ts20241114T110912:SecondaryNode:IfcLocalPlacement {p21_id:25, EntityTy...
INFO:neo4j_middleware.neo4jConnector:[neo4j_connector] Query delta: <neo4j._sync.work.result.Result object at 0x00000158D0D10670>
INFO:neo4j_middleware.neo4jConnector:[neo4j_connector] Received response. 
INFO:neo4j_middleware.neo4jConnector:[neo4j_connector] Running query: MERGE(n24:ts20241114T110912:ConnectionNode:IfcRelAggregates {GlobalId:"25mKqsAjT...
INFO:neo4j_middleware.neo4jConnector:[neo4j_connector] Query delta: <neo4j._sync.work.result.Result object at 0x00000158D0D932E0>
INFO:neo4j_middleware.neo4jConnector:[neo4j_connector] Received response. 
INFO:neo4j_middleware.neo4jConnector:[neo4j_connector] Running query: MERGE(n167:ts20241114T110912:SecondaryNode:IfcCartesianPoint {Coordinates:"(4500...
INFO:neo4j_middleware.neo4jConnector:[neo4j_connector] Query delta: <neo4j._sync.work.result.Result object at 0x00000158D0D2FF70>
INFO:neo4j_middleware.neo4jConnector:[neo4j_connector] Received response. 
INFO:neo4j_middleware.neo4jConnector:[neo4j_connector] Running query: MERGE(n400:ts20241114T110912:SecondaryNode:IfcPropertySet {GlobalId:"1Q7hE84Bn9R...
INFO:neo4j_middleware.neo4jConnector:[neo4j_connector] Query delta: <neo4j._sync.work.result.Result object at 0x00000158D0D25910>
INFO:neo4j_middleware.neo4jConnector:[neo4j_connector] Received response. 
INFO:neo4j_middleware.neo4jConnector:[neo4j_connector] Running query: MERGE(n23:ts20241114T110912:PrimaryNode:IfcSite {GlobalId:"1Pbuu0tu59NfhrTsztVBK...
INFO:neo4j_middleware.neo4jConnector:[neo4j_connector] Query delta: <neo4j._sync.work.result.Result object at 0x00000158D0D01370>
INFO:neo4j_middleware.neo4jConnector:[neo4j_connector] Received response. 
INFO:neo4j_middleware.neo4jConnector:[neo4j_connector] Running query: MERGE(n254:ts20241114T110912:SecondaryNode:IfcPolyline {p21_id:254, EntityType:"...
INFO:neo4j_middleware.neo4jConnector:[neo4j_connector] Query delta: <neo4j._sync.work.result.Result object at 0x00000158D0D101C0>
INFO:neo4j_middleware.neo4jConnector:[neo4j_connector] Received response. 
INFO:neo4j_middleware.neo4jConnector:[neo4j_connector] Running query: MERGE(n487:ts20241114T110912:ConnectionNode:IfcRelContainedInSpatialStructure {G...
INFO:neo4j_middleware.neo4jConnector:[neo4j_connector] Query delta: <neo4j._sync.work.result.Result object at 0x00000158D0D95310>
INFO:neo4j_middleware.neo4jConnector:[neo4j_connector] Received response. 
INFO:neo4j_middleware.neo4jConnector:[neo4j_connector] Running query: MERGE(n110:ts20241114T110912:SecondaryNode:IfcCartesianPoint {Coordinates:"(4950...
INFO:neo4j_middleware.neo4jConnector:[neo4j_connector] Query delta: <neo4j._sync.work.result.Result object at 0x00000158D0D10940>
INFO:neo4j_middleware.neo4jConnector:[neo4j_connector] Received response. 
INFO:neo4j_middleware.neo4jConnector:[neo4j_connector] Running query: MERGE(n21:ts20241114T110912:ConnectionNode:IfcRelAggregates {GlobalId:"0gLz00O0H...
INFO:neo4j_middleware.neo4jConnector:[neo4j_connector] Query delta: <neo4j._sync.work.result.Result object at 0x00000158D0D93E80>
INFO:neo4j_middleware.neo4jConnector:[neo4j_connector] Received response. 
INFO:neo4j_middleware.neo4jConnector:[neo4j_connector] Running query: MERGE(n54:ts20241114T110912:SecondaryNode:IfcPropertyEnumeration {Name:"#<BimToo...
INFO:neo4j_middleware.neo4jConnector:[neo4j_connector] Query delta: <neo4j._sync.work.result.Result object at 0x00000158D0D256D0>
INFO:neo4j_middleware.neo4jConnector:[neo4j_connector] Received response. 
INFO:neo4j_middleware.neo4jConnector:[neo4j_connector] Running query: MERGE(n109:ts20241114T110912:SecondaryNode:IfcCartesianPoint {Coordinates:"(4950...
INFO:neo4j_middleware.neo4jConnector:[neo4j_connector] Query delta: <neo4j._sync.work.result.Result object at 0x00000158D0CFC310>
INFO:neo4j_middleware.neo4jConnector:[neo4j_connector] Received response. 
INFO:neo4j_middleware.neo4jConnector:[neo4j_connector] Running query: MERGE(n253:ts20241114T110912:SecondaryNode:IfcCartesianPoint {Coordinates:"(2.67...
INFO:neo4j_middleware.neo4jConnector:[neo4j_connector] Query delta: <neo4j._sync.work.result.Result object at 0x00000158D0D2FFA0>
INFO:neo4j_middleware.neo4jConnector:[neo4j_connector] Received response. 
INFO:neo4j_middleware.neo4jConnector:[neo4j_connector] Running query: MERGE(n397:ts20241114T110912:SecondaryNode:IfcPropertySingleValue {Name:"PitchAn...
INFO:neo4j_middleware.neo4jConnector:[neo4j_connector] Query delta: <neo4j._sync.work.result.Result object at 0x00000158D0D93FA0>
INFO:neo4j_middleware.neo4jConnector:[neo4j_connector] Received response. 
INFO:neo4j_middleware.neo4jConnector:[neo4j_connector] Running query: MERGE(n20:ts20241114T110912:PrimaryNode:IfcSite {GlobalId:"23sFQGRy90RxVbRHD9iSE...
INFO:neo4j_middleware.neo4jConnector:[neo4j_connector] Query delta: <neo4j._sync.work.result.Result object at 0x00000158D0D10880>
INFO:neo4j_middleware.neo4jConnector:[neo4j_connector] Received response. 
INFO:neo4j_middleware.neo4jConnector:[neo4j_connector] Running query: MERGE(n485:ts20241114T110912:ConnectionNode:IfcRelAssociatesMaterial {GlobalId:"...
INFO:neo4j_middleware.neo4jConnector:[neo4j_connector] Query delta: <neo4j._sync.work.result.Result object at 0x00000158D0D10700>
INFO:neo4j_middleware.neo4jConnector:[neo4j_connector] Received response. 
INFO:neo4j_middleware.neo4jConnector:[neo4j_connector] Running query: MERGE(n108:ts20241114T110912:SecondaryNode:IfcCartesianPoint {Coordinates:"(4500...
INFO:neo4j_middleware.neo4jConnector:[neo4j_connector] Query delta: <neo4j._sync.work.result.Result object at 0x00000158D0D01E50>
INFO:neo4j_middleware.neo4jConnector:[neo4j_connector] Received response. 
INFO:neo4j_middleware.neo4jConnector:[neo4j_connector] Running query: MERGE(n252:ts20241114T110912:SecondaryNode:IfcCartesianPoint {Coordinates:"(2.67...
INFO:neo4j_middleware.neo4jConnector:[neo4j_connector] Query delta: <neo4j._sync.work.result.Result object at 0x00000158D0D25E20>
INFO:neo4j_middleware.neo4jConnector:[neo4j_connector] Received response. 
INFO:neo4j_middleware.neo4jConnector:[neo4j_connector] Running query: MERGE(n19:ts20241114T110912:SecondaryNode:IfcMapConversion {Eastings:729013348.8...
INFO:neo4j_middleware.neo4jConnector:[neo4j_connector] Query delta: <neo4j._sync.work.result.Result object at 0x00000158D0CFCFD0>
INFO:neo4j_middleware.neo4jConnector:[neo4j_connector] Received response. 
INFO:neo4j_middleware.neo4jConnector:[neo4j_connector] Running query: MERGE(n162:ts20241114T110912:SecondaryNode:IfcCartesianPoint {Coordinates:"(2.59...
INFO:neo4j_middleware.neo4jConnector:[neo4j_connector] Query delta: <neo4j._sync.work.result.Result object at 0x00000158D0D2F610>
INFO:neo4j_middleware.neo4jConnector:[neo4j_connector] Received response. 
INFO:neo4j_middleware.neo4jConnector:[neo4j_connector] Running query: MERGE(n395:ts20241114T110912:PrimaryNode:IfcSlab {GlobalId:"0ZTBBPo6f6bxqV2K7Oel...
INFO:neo4j_middleware.neo4jConnector:[neo4j_connector] Query delta: <neo4j._sync.work.result.Result object at 0x00000158D0D93DF0>
INFO:neo4j_middleware.neo4jConnector:[neo4j_connector] Received response. 
INFO:neo4j_middleware.neo4jConnector:[neo4j_connector] Running query: MERGE(n18:ts20241114T110912:SecondaryNode:IfcProjectedCRS {Name:"EPSG:32760", De...
INFO:neo4j_middleware.neo4jConnector:[neo4j_connector] Query delta: <neo4j._sync.work.result.Result object at 0x00000158D0D109A0>
INFO:neo4j_middleware.neo4jConnector:[neo4j_connector] Received response. 
INFO:neo4j_middleware.neo4jConnector:[neo4j_connector] Running query: MERGE(n17:ts20241114T110912:SecondaryNode:IfcSIUnit {UnitType:"VOLUMEUNIT", Pref...
INFO:neo4j_middleware.neo4jConnector:[neo4j_connector] Query delta: <neo4j._sync.work.result.Result object at 0x00000158D0D93C10>
INFO:neo4j_middleware.neo4jConnector:[neo4j_connector] Received response. 
INFO:neo4j_middleware.neo4jConnector:[neo4j_connector] Running query: MERGE(n249:ts20241114T110912:SecondaryNode:IfcDirection {DirectionRatios:"(1.0, ...
INFO:neo4j_middleware.neo4jConnector:[neo4j_connector] Query delta: <neo4j._sync.work.result.Result object at 0x00000158D0D01790>
INFO:neo4j_middleware.neo4jConnector:[neo4j_connector] Received response. 
INFO:neo4j_middleware.neo4jConnector:[neo4j_connector] Running query: MERGE(n393:ts20241114T110912:PrimaryNode:IfcSlabType {GlobalId:"3eOsEo1q1CHfDNvW...
INFO:neo4j_middleware.neo4jConnector:[neo4j_connector] Query delta: <neo4j._sync.work.result.Result object at 0x00000158D0D25AC0>
INFO:neo4j_middleware.neo4jConnector:[neo4j_connector] Received response. 
INFO:neo4j_middleware.neo4jConnector:[neo4j_connector] Running query: MERGE(n16:ts20241114T110912:SecondaryNode:IfcSIUnit {UnitType:"AREAUNIT", Prefix...
INFO:neo4j_middleware.neo4jConnector:[neo4j_connector] Query delta: <neo4j._sync.work.result.Result object at 0x00000158D0D0FF70>
INFO:neo4j_middleware.neo4jConnector:[neo4j_connector] Received response. 
INFO:neo4j_middleware.neo4jConnector:[neo4j_connector] Running query: MERGE(n248:ts20241114T110912:SecondaryNode:IfcDirection {DirectionRatios:"(0.0, ...
INFO:neo4j_middleware.neo4jConnector:[neo4j_connector] Query delta: <neo4j._sync.work.result.Result object at 0x00000158D0D0AB20>
INFO:neo4j_middleware.neo4jConnector:[neo4j_connector] Received response. 
INFO:neo4j_middleware.neo4jConnector:[neo4j_connector] Running query: MERGE(n15:ts20241114T110912:SecondaryNode:IfcSIUnit {UnitType:"LENGTHUNIT", Pref...
INFO:neo4j_middleware.neo4jConnector:[neo4j_connector] Query delta: <neo4j._sync.work.result.Result object at 0x00000158D0D01C10>
INFO:neo4j_middleware.neo4jConnector:[neo4j_connector] Received response. 
INFO:neo4j_middleware.neo4jConnector:[neo4j_connector] Running query: MERGE(n247:ts20241114T110912:SecondaryNode:IfcCartesianPoint {Coordinates:"(0.0,...
INFO:neo4j_middleware.neo4jConnector:[neo4j_connector] Query delta: <neo4j._sync.work.result.Result object at 0x00000158D0D10A90>
INFO:neo4j_middleware.neo4jConnector:[neo4j_connector] Received response. 
INFO:neo4j_middleware.neo4jConnector:[neo4j_connector] Running query: MERGE(n14:ts20241114T110912:SecondaryNode:IfcUnitAssignment {p21_id:14, EntityTy...
INFO:neo4j_middleware.neo4jConnector:[neo4j_connector] Query delta: <neo4j._sync.work.result.Result object at 0x00000158D0D93130>
INFO:neo4j_middleware.neo4jConnector:[neo4j_connector] Received response. 
INFO:neo4j_middleware.neo4jConnector:[neo4j_connector] Running query: MERGE(n157:ts20241114T110912:SecondaryNode:IfcCartesianPoint {Coordinates:"(0.0,...
INFO:neo4j_middleware.neo4jConnector:[neo4j_connector] Query delta: <neo4j._sync.work.result.Result object at 0x00000158D0D2FD30>
INFO:neo4j_middleware.neo4jConnector:[neo4j_connector] Received response. 
INFO:neo4j_middleware.neo4jConnector:[neo4j_connector] Running query: MERGE(n390:ts20241114T110912:SecondaryNode:IfcCartesianPoint {Coordinates:"(-1.1...
INFO:neo4j_middleware.neo4jConnector:[neo4j_connector] Query delta: <neo4j._sync.work.result.Result object at 0x00000158D0CFC2B0>
INFO:neo4j_middleware.neo4jConnector:[neo4j_connector] Received response. 
INFO:neo4j_middleware.neo4jConnector:[neo4j_connector] Running query: MERGE(n13:ts20241114T110912:PrimaryNode:IfcProject {GlobalId:"2Ndyd$OSX7s9A04nc4...
INFO:neo4j_middleware.neo4jConnector:[neo4j_connector] Query delta: <neo4j._sync.work.result.Result object at 0x00000158D0D0F6D0>
INFO:neo4j_middleware.neo4jConnector:[neo4j_connector] Received response. 
INFO:neo4j_middleware.neo4jConnector:[neo4j_connector] Running query: MERGE(n245:ts20241114T110912:SecondaryNode:IfcExtrudedAreaSolid {Depth:2200.0000...
INFO:neo4j_middleware.neo4jConnector:[neo4j_connector] Query delta: <neo4j._sync.work.result.Result object at 0x00000158D0D256D0>
INFO:neo4j_middleware.neo4jConnector:[neo4j_connector] Received response. 
INFO:neo4j_middleware.neo4jConnector:[neo4j_connector] Running query: MERGE(n478:ts20241114T110912:SecondaryNode:IfcShapeRepresentation {Representatio...
INFO:neo4j_middleware.neo4jConnector:[neo4j_connector] Query delta: <neo4j._sync.work.result.Result object at 0x00000158D0D01CD0>
INFO:neo4j_middleware.neo4jConnector:[neo4j_connector] Received response. 
INFO:neo4j_middleware.neo4jConnector:[neo4j_connector] Running query: MERGE(n101:ts20241114T110912:SecondaryNode:IfcDirection {DirectionRatios:"(0.0, ...
INFO:neo4j_middleware.neo4jConnector:[neo4j_connector] Query delta: <neo4j._sync.work.result.Result object at 0x00000158D0D10D90>
INFO:neo4j_middleware.neo4jConnector:[neo4j_connector] Received response. 
INFO:neo4j_middleware.neo4jConnector:[neo4j_connector] Running query: MERGE(n12:ts20241114T110912:SecondaryNode:IfcGeometricRepresentationSubContext {...
INFO:neo4j_middleware.neo4jConnector:[neo4j_connector] Query delta: <neo4j._sync.work.result.Result object at 0x00000158D0D2FD30>
INFO:neo4j_middleware.neo4jConnector:[neo4j_connector] Received response. 
INFO:neo4j_middleware.neo4jConnector:[neo4j_connector] Running query: MERGE(n45:ts20241114T110912:SecondaryNode:IfcLocalPlacement {p21_id:45, EntityTy...
INFO:neo4j_middleware.neo4jConnector:[neo4j_connector] Query delta: <neo4j._sync.work.result.Result object at 0x00000158D0DA1400>
INFO:neo4j_middleware.neo4jConnector:[neo4j_connector] Received response. 
INFO:neo4j_middleware.neo4jConnector:[neo4j_connector] Running query: MERGE(n100:ts20241114T110912:SecondaryNode:IfcCartesianPoint {Coordinates:"(3200...
INFO:neo4j_middleware.neo4jConnector:[neo4j_connector] Query delta: <neo4j._sync.work.result.Result object at 0x00000158D0D10610>
INFO:neo4j_middleware.neo4jConnector:[neo4j_connector] Received response. 
INFO:neo4j_middleware.neo4jConnector:[neo4j_connector] Running query: MERGE(n244:ts20241114T110912:SecondaryNode:IfcStyledItem {Name:"None", p21_id:24...
INFO:neo4j_middleware.neo4jConnector:[neo4j_connector] Query delta: <neo4j._sync.work.result.Result object at 0x00000158D0D0F130>
INFO:neo4j_middleware.neo4jConnector:[neo4j_connector] Received response. 
INFO:neo4j_middleware.neo4jConnector:[neo4j_connector] Running query: MERGE(n388:ts20241114T110912:SecondaryNode:IfcLocalPlacement {p21_id:388, Entity...
INFO:neo4j_middleware.neo4jConnector:[neo4j_connector] Query delta: <neo4j._sync.work.result.Result object at 0x00000158D0DA10D0>
INFO:neo4j_middleware.neo4jConnector:[neo4j_connector] Received response. 
INFO:neo4j_middleware.neo4jConnector:[neo4j_connector] Running query: MERGE(n11:ts20241114T110912:SecondaryNode:IfcGeometricRepresentationContext {Con...
INFO:neo4j_middleware.neo4jConnector:[neo4j_connector] Query delta: <neo4j._sync.work.result.Result object at 0x00000158D0D93B80>
INFO:neo4j_middleware.neo4jConnector:[neo4j_connector] Received response. 
INFO:neo4j_middleware.neo4jConnector:[neo4j_connector] Running query: MERGE(n31:ts20241114T110912:SecondaryNode:IfcPropertySingleValue {Name:"Construc...
INFO:neo4j_middleware.neo4jConnector:[neo4j_connector] Query delta: <neo4j._sync.work.result.Result object at 0x00000158D0D01550>
INFO:neo4j_middleware.neo4jConnector:[neo4j_connector] Received response. 
INFO:neo4j_middleware.neo4jConnector:[neo4j_connector] Running query: MERGE(n476:ts20241114T110912:SecondaryNode:IfcStyledItem {Name:"None", p21_id:47...
INFO:neo4j_middleware.neo4jConnector:[neo4j_connector] Query delta: <neo4j._sync.work.result.Result object at 0x00000158D0D2F5E0>
INFO:neo4j_middleware.neo4jConnector:[neo4j_connector] Received response. 
INFO:neo4j_middleware.neo4jConnector:[neo4j_connector] Running query: MERGE(n99:ts20241114T110912:SecondaryNode:IfcAxis2Placement3D {p21_id:99, Entity...
INFO:neo4j_middleware.neo4jConnector:[neo4j_connector] Query delta: <neo4j._sync.work.result.Result object at 0x00000158D0DA1BB0>
INFO:neo4j_middleware.neo4jConnector:[neo4j_connector] Received response. 
INFO:neo4j_middleware.neo4jConnector:[neo4j_connector] Running query: MERGE(n243:ts20241114T110912:SecondaryNode:IfcPolyLoop {p21_id:243, EntityType:"...
INFO:neo4j_middleware.neo4jConnector:[neo4j_connector] Query delta: <neo4j._sync.work.result.Result object at 0x00000158D0D10580>
INFO:neo4j_middleware.neo4jConnector:[neo4j_connector] Received response. 
INFO:neo4j_middleware.neo4jConnector:[neo4j_connector] Running query: MERGE(n10:ts20241114T110912:SecondaryNode:IfcDirection {DirectionRatios:"(1.0, 0...
INFO:neo4j_middleware.neo4jConnector:[neo4j_connector] Query delta: <neo4j._sync.work.result.Result object at 0x00000158D0CF6A60>
INFO:neo4j_middleware.neo4jConnector:[neo4j_connector] Received response. 
INFO:neo4j_middleware.neo4jConnector:[neo4j_connector] Running query: MERGE(n119:ts20241114T110912:SecondaryNode:IfcFaceOuterBound {Orientation:True, ...
INFO:neo4j_middleware.neo4jConnector:[neo4j_connector] Query delta: <neo4j._sync.work.result.Result object at 0x00000158D0D10730>
INFO:neo4j_middleware.neo4jConnector:[neo4j_connector] Received response. 
INFO:neo4j_middleware.neo4jConnector:[neo4j_connector] Running query: MERGE(n263:ts20241114T110912:SecondaryNode:IfcPropertyEnumeratedValue {Name:"Sta...
INFO:neo4j_middleware.neo4jConnector:[neo4j_connector] Query delta: <neo4j._sync.work.result.Result object at 0x00000158D0D93730>
INFO:neo4j_middleware.neo4jConnector:[neo4j_connector] Received response. 
INFO:neo4j_middleware.neo4jConnector:[neo4j_connector] Running query: MERGE(n30:ts20241114T110912:PrimaryNode:IfcBuilding {GlobalId:"0c$N1CTon2BB2Sp89...
INFO:neo4j_middleware.neo4jConnector:[neo4j_connector] Query delta: <neo4j._sync.work.result.Result object at 0x00000158D0D2F3D0>
INFO:neo4j_middleware.neo4jConnector:[neo4j_connector] Received response. 
INFO:neo4j_middleware.neo4jConnector:[neo4j_connector] Running query: MERGE(n208:ts20241114T110912:SecondaryNode:IfcPropertySingleValue {Name:"Handica...
INFO:neo4j_middleware.neo4jConnector:[neo4j_connector] Query delta: <neo4j._sync.work.result.Result object at 0x00000158D0D935E0>
INFO:neo4j_middleware.neo4jConnector:[neo4j_connector] Received response. 
INFO:neo4j_middleware.neo4jConnector:[neo4j_connector] Running query: MERGE(n441:ts20241114T110912:SecondaryNode:IfcTriangulatedFaceSet {Closed:"None"...
INFO:neo4j_middleware.neo4jConnector:[neo4j_connector] Query delta: <neo4j._sync.work.result.Result object at 0x00000158D0DA1CA0>
INFO:neo4j_middleware.neo4jConnector:[neo4j_connector] Received response. 
INFO:neo4j_middleware.neo4jConnector:[neo4j_connector] Running query: MERGE(n64:ts20241114T110912:SecondaryNode:IfcQuantityLength {Name:"Depth", Descr...
INFO:neo4j_middleware.neo4jConnector:[neo4j_connector] Query delta: <neo4j._sync.work.result.Result object at 0x00000158D0D0FD30>
INFO:neo4j_middleware.neo4jConnector:[neo4j_connector] Received response. 
INFO:neo4j_middleware.neo4jConnector:[neo4j_connector] Running query: MERGE(n153:ts20241114T110912:SecondaryNode:IfcColourRgb {Name:"None", Red:0.0, G...
INFO:neo4j_middleware.neo4jConnector:[neo4j_connector] Query delta: <neo4j._sync.work.result.Result object at 0x00000158D0CF6C40>
INFO:neo4j_middleware.neo4jConnector:[neo4j_connector] Received response. 
INFO:neo4j_middleware.neo4jConnector:[neo4j_connector] Running query: MERGE(n386:ts20241114T110912:ConnectionNode:IfcRelDefinesByProperties {GlobalId:...
INFO:neo4j_middleware.neo4jConnector:[neo4j_connector] Query delta: <neo4j._sync.work.result.Result object at 0x00000158D0D10A60>
INFO:neo4j_middleware.neo4jConnector:[neo4j_connector] Received response. 
INFO:neo4j_middleware.neo4jConnector:[neo4j_connector] Running query: MERGE(n9:ts20241114T110912:SecondaryNode:IfcDirection {DirectionRatios:"(0.0, 0....
INFO:neo4j_middleware.neo4jConnector:[neo4j_connector] Query delta: <neo4j._sync.work.result.Result object at 0x00000158D0DA1BE0>
INFO:neo4j_middleware.neo4jConnector:[neo4j_connector] Received response. 
INFO:neo4j_middleware.neo4jConnector:[neo4j_connector] Running query: MERGE(n8:ts20241114T110912:SecondaryNode:IfcCartesianPoint {Coordinates:"(0.0, 0...
INFO:neo4j_middleware.neo4jConnector:[neo4j_connector] Query delta: <neo4j._sync.work.result.Result object at 0x00000158D0C62130>
INFO:neo4j_middleware.neo4jConnector:[neo4j_connector] Received response. 
INFO:neo4j_middleware.neo4jConnector:[neo4j_connector] Running query: MERGE(n439:ts20241114T110912:SecondaryNode:IfcDirection {DirectionRatios:"(0.707...
INFO:neo4j_middleware.neo4jConnector:[neo4j_connector] Query delta: <neo4j._sync.work.result.Result object at 0x00000158D0D93FA0>
INFO:neo4j_middleware.neo4jConnector:[neo4j_connector] Received response. 
INFO:neo4j_middleware.neo4jConnector:[neo4j_connector] Running query: MERGE(n62:ts20241114T110912:SecondaryNode:IfcMaterial {Name:"concrete_reinforced...
INFO:neo4j_middleware.neo4jConnector:[neo4j_connector] Query delta: <neo4j._sync.work.result.Result object at 0x00000158D0D10DF0>
INFO:neo4j_middleware.neo4jConnector:[neo4j_connector] Received response. 
INFO:neo4j_middleware.neo4jConnector:[neo4j_connector] Running query: MERGE(n7:ts20241114T110912:SecondaryNode:IfcAxis2Placement3D {p21_id:7, EntityTy...
INFO:neo4j_middleware.neo4jConnector:[neo4j_connector] Query delta: <neo4j._sync.work.result.Result object at 0x00000158D0D0AEE0>
INFO:neo4j_middleware.neo4jConnector:[neo4j_connector] Received response. 
INFO:neo4j_middleware.neo4jConnector:[neo4j_connector] Running query: MERGE(n239:ts20241114T110912:SecondaryNode:IfcFaceOuterBound {Orientation:True, ...
INFO:neo4j_middleware.neo4jConnector:[neo4j_connector] Query delta: <neo4j._sync.work.result.Result object at 0x00000158D0CF6E20>
INFO:neo4j_middleware.neo4jConnector:[neo4j_connector] Received response. 
INFO:neo4j_middleware.neo4jConnector:[neo4j_connector] Running query: MERGE(n6:ts20241114T110912:SecondaryNode:IfcOrganization {Identification:"None",...
INFO:neo4j_middleware.neo4jConnector:[neo4j_connector] Query delta: <neo4j._sync.work.result.Result object at 0x00000158D0D0AD60>
INFO:neo4j_middleware.neo4jConnector:[neo4j_connector] Received response. 
INFO:neo4j_middleware.neo4jConnector:[neo4j_connector] Running query: MERGE(n26:ts20241114T110912:SecondaryNode:IfcAxis2Placement3D {p21_id:26, Entity...
INFO:neo4j_middleware.neo4jConnector:[neo4j_connector] Query delta: <neo4j._sync.work.result.Result object at 0x00000158D0DA1EE0>
INFO:neo4j_middleware.neo4jConnector:[neo4j_connector] Received response. 
INFO:neo4j_middleware.neo4jConnector:[neo4j_connector] Running query: MERGE(n293:ts20241114T110912:SecondaryNode:IfcPropertySingleValue {Name:"IsExter...
INFO:neo4j_middleware.neo4jConnector:[neo4j_connector] Query delta: <neo4j._sync.work.result.Result object at 0x00000158D0D93160>
INFO:neo4j_middleware.neo4jConnector:[neo4j_connector] Received response. 
INFO:neo4j_middleware.neo4jConnector:[neo4j_connector] Running query: MERGE(n60:ts20241114T110912:SecondaryNode:IfcColourRgb {Name:"None", Red:0.57647...
INFO:neo4j_middleware.neo4jConnector:[neo4j_connector] Query delta: <neo4j._sync.work.result.Result object at 0x00000158D0D93E80>
INFO:neo4j_middleware.neo4jConnector:[neo4j_connector] Received response. 
INFO:neo4j_middleware.neo4jConnector:[neo4j_connector] Running query: MERGE(n238:ts20241114T110912:SecondaryNode:IfcFace {p21_id:238, EntityType:"IfcF...
INFO:neo4j_middleware.neo4jConnector:[neo4j_connector] Query delta: <neo4j._sync.work.result.Result object at 0x00000158D0D10910>
INFO:neo4j_middleware.neo4jConnector:[neo4j_connector] Received response. 
INFO:neo4j_middleware.neo4jConnector:[neo4j_connector] Running query: MERGE(n5:ts20241114T110912:SecondaryNode:IfcApplication {Version:"5.3.3", Applic...
INFO:neo4j_middleware.neo4jConnector:[neo4j_connector] Query delta: <neo4j._sync.work.result.Result object at 0x00000158D0D0FD30>
INFO:neo4j_middleware.neo4jConnector:[neo4j_connector] Received response. 
INFO:neo4j_middleware.neo4jConnector:[neo4j_connector] Running query: MERGE(n148:ts20241114T110912:SecondaryNode:IfcFace {p21_id:148, EntityType:"IfcF...
INFO:neo4j_middleware.neo4jConnector:[neo4j_connector] Query delta: <neo4j._sync.work.result.Result object at 0x00000158D0CF68E0>
INFO:neo4j_middleware.neo4jConnector:[neo4j_connector] Received response. 
INFO:neo4j_middleware.neo4jConnector:[neo4j_connector] Running query: MERGE(n381:ts20241114T110912:ConnectionNode:IfcRelDefinesByType {GlobalId:"3vwqw...
INFO:neo4j_middleware.neo4jConnector:[neo4j_connector] Query delta: <neo4j._sync.work.result.Result object at 0x00000158D0D0F550>
INFO:neo4j_middleware.neo4jConnector:[neo4j_connector] Received response. 
INFO:neo4j_middleware.neo4jConnector:[neo4j_connector] Running query: MERGE(n4:ts20241114T110912:SecondaryNode:IfcOrganization {Identification:"None",...
INFO:neo4j_middleware.neo4jConnector:[neo4j_connector] Query delta: <neo4j._sync.work.result.Result object at 0x00000158D0DA1580>
INFO:neo4j_middleware.neo4jConnector:[neo4j_connector] Received response. 
INFO:neo4j_middleware.neo4jConnector:[neo4j_connector] Running query: MERGE(n58:ts20241114T110912:ConnectionNode:IfcRelDefinesByProperties {GlobalId:"...
INFO:neo4j_middleware.neo4jConnector:[neo4j_connector] Query delta: <neo4j._sync.work.result.Result object at 0x00000158D0D93B80>
INFO:neo4j_middleware.neo4jConnector:[neo4j_connector] Received response. 
INFO:neo4j_middleware.neo4jConnector:[neo4j_connector] Running query: MERGE(n236:ts20241114T110912:SecondaryNode:IfcFaceOuterBound {Orientation:True, ...
INFO:neo4j_middleware.neo4jConnector:[neo4j_connector] Query delta: <neo4j._sync.work.result.Result object at 0x00000158D0DA12B0>
INFO:neo4j_middleware.neo4jConnector:[neo4j_connector] Received response. 
INFO:neo4j_middleware.neo4jConnector:[neo4j_connector] Running query: MERGE(n469:ts20241114T110912:SecondaryNode:IfcLocalPlacement {p21_id:469, Entity...
INFO:neo4j_middleware.neo4jConnector:[neo4j_connector] Query delta: <neo4j._sync.work.result.Result object at 0x00000158D0D10910>
INFO:neo4j_middleware.neo4jConnector:[neo4j_connector] Received response. 
INFO:neo4j_middleware.neo4jConnector:[neo4j_connector] Running query: MERGE(n92:ts20241114T110912:SecondaryNode:IfcPropertySingleValue {Name:"NetPlann...
INFO:neo4j_middleware.neo4jConnector:[neo4j_connector] Query delta: <neo4j._sync.work.result.Result object at 0x00000158D0D0FA30>
INFO:neo4j_middleware.neo4jConnector:[neo4j_connector] Received response. 
INFO:neo4j_middleware.neo4jConnector:[neo4j_connector] Running query: MERGE(n3:ts20241114T110912:SecondaryNode:IfcPerson {Identification:"3720f2e9-010...
INFO:neo4j_middleware.neo4jConnector:[neo4j_connector] Query delta: <neo4j._sync.work.result.Result object at 0x00000158D0CF6C40>
INFO:neo4j_middleware.neo4jConnector:[neo4j_connector] Received response. 
INFO:neo4j_middleware.neo4jConnector:[neo4j_connector] Running query: MERGE(n413:ts20241114T110912:SecondaryNode:IfcAxis2Placement3D {p21_id:413, Enti...
INFO:neo4j_middleware.neo4jConnector:[neo4j_connector] Query delta: <neo4j._sync.work.result.Result object at 0x00000158D0D0F700>
INFO:neo4j_middleware.neo4jConnector:[neo4j_connector] Received response. 
INFO:neo4j_middleware.neo4jConnector:[neo4j_connector] Running query: MERGE(n180:ts20241114T110912:SecondaryNode:IfcMaterial {Name:"wood_mdf_plate", D...
INFO:neo4j_middleware.neo4jConnector:[neo4j_connector] Query delta: <neo4j._sync.work.result.Result object at 0x00000158D0D10D00>
INFO:neo4j_middleware.neo4jConnector:[neo4j_connector] Received response. 
INFO:neo4j_middleware.neo4jConnector:[neo4j_connector] Running query: MERGE(n36:ts20241114T110912:ConnectionNode:IfcRelAssociatesClassification {Globa...
INFO:neo4j_middleware.neo4jConnector:[neo4j_connector] Query delta: <neo4j._sync.work.result.Result object at 0x00000158D0DA1BE0>
INFO:neo4j_middleware.neo4jConnector:[neo4j_connector] Received response. 
INFO:neo4j_middleware.neo4jConnector:[neo4j_connector] Running query: MERGE(n91:ts20241114T110912:SecondaryNode:IfcPropertySingleValue {Name:"GrossPla...
INFO:neo4j_middleware.neo4jConnector:[neo4j_connector] Query delta: <neo4j._sync.work.result.Result object at 0x00000158D0D10A90>
INFO:neo4j_middleware.neo4jConnector:[neo4j_connector] Received response. 
INFO:neo4j_middleware.neo4jConnector:[neo4j_connector] Running query: MERGE(n235:ts20241114T110912:SecondaryNode:IfcFace {p21_id:235, EntityType:"IfcF...
INFO:neo4j_middleware.neo4jConnector:[neo4j_connector] Query delta: <neo4j._sync.work.result.Result object at 0x00000158D0D83D30>
INFO:neo4j_middleware.neo4jConnector:[neo4j_connector] Received response. 
INFO:neo4j_middleware.neo4jConnector:[neo4j_connector] Running query: MERGE(n379:ts20241114T110912:SecondaryNode:IfcProductDefinitionShape {Name:"None...
INFO:neo4j_middleware.neo4jConnector:[neo4j_connector] Query delta: <neo4j._sync.work.result.Result object at 0x00000158D0CA37C0>
INFO:neo4j_middleware.neo4jConnector:[neo4j_connector] Received response. 
INFO:neo4j_middleware.neo4jConnector:[neo4j_connector] Running query: MERGE(n2:ts20241114T110912:SecondaryNode:IfcPersonAndOrganization {Roles:"None",...
INFO:neo4j_middleware.neo4jConnector:[neo4j_connector] Query delta: <neo4j._sync.work.result.Result object at 0x00000158D0D25DC0>
INFO:neo4j_middleware.neo4jConnector:[neo4j_connector] Received response. 
INFO:neo4j_middleware.neo4jConnector:[neo4j_connector] Running query: MERGE(n22:ts20241114T110912:SecondaryNode:IfcLocalPlacement {p21_id:22, EntityTy...
INFO:neo4j_middleware.neo4jConnector:[neo4j_connector] Query delta: <neo4j._sync.work.result.Result object at 0x00000158D0CFC670>
INFO:neo4j_middleware.neo4jConnector:[neo4j_connector] Received response. 
INFO:neo4j_middleware.neo4jConnector:[neo4j_connector] Running query: MERGE(n56:ts20241114T110912:SecondaryNode:IfcPropertySingleValue {Name:"LoadBear...
INFO:neo4j_middleware.neo4jConnector:[neo4j_connector] Query delta: <neo4j._sync.work.result.Result object at 0x00000158D0D10FA0>
INFO:neo4j_middleware.neo4jConnector:[neo4j_connector] Received response. 
INFO:neo4j_middleware.neo4jConnector:[neo4j_connector] Running query: MERGE(n323:ts20241114T110912:SecondaryNode:IfcQuantityLength {Name:"Length", Des...
INFO:neo4j_middleware.neo4jConnector:[neo4j_connector] Query delta: <neo4j._sync.work.result.Result object at 0x00000158D0DA1D00>
INFO:neo4j_middleware.neo4jConnector:[neo4j_connector] Received response. 
INFO:neo4j_middleware.neo4jConnector:[neo4j_connector] Running query: MERGE(n90:ts20241114T110912:SecondaryNode:IfcPropertySingleValue {Name:"IsExtern...
INFO:neo4j_middleware.neo4jConnector:[neo4j_connector] Query delta: <neo4j._sync.work.result.Result object at 0x00000158D0D10CA0>
INFO:neo4j_middleware.neo4jConnector:[neo4j_connector] Received response. 
INFO:neo4j_middleware.neo4jConnector:[neo4j_connector] Running query: MERGE(n234:ts20241114T110912:SecondaryNode:IfcCartesianPoint {Coordinates:"(3800...
INFO:neo4j_middleware.neo4jConnector:[neo4j_connector] Query delta: <neo4j._sync.work.result.Result object at 0x00000158D0D83A00>
INFO:neo4j_middleware.neo4jConnector:[neo4j_connector] Received response. 
INFO:neo4j_middleware.neo4jConnector:[neo4j_connector] Running query: MERGE(n1:ts20241114T110912:SecondaryNode:IfcOwnerHistory {State:"None", ChangeAc...
INFO:neo4j_middleware.neo4jConnector:[neo4j_connector] Query delta: <neo4j._sync.work.result.Result object at 0x00000158D0CFCEB0>
INFO:neo4j_middleware.neo4jConnector:[neo4j_connector] Received response. 
INFO:neo4j_middleware.neo4jConnector:[neo4j_connector] Running query: MATCH (source:ts20241114T110912) WHERE source.p21_id = 517 MATCH (target:ts20241...
INFO:neo4j_middleware.neo4jConnector:[neo4j_connector] Query delta: <neo4j._sync.work.result.Result object at 0x00000158D0D25580>
WARNING:neo4j.notifications:Received notification from DBMS server: {severity: WARNING} {code: Neo.ClientNotification.Statement.FeatureDeprecationWarning} {category: DEPRECATION} {title: This feature is deprecated and will be removed in future versions.} {description: The query used a deprecated function: `id`.} {position: line: 1, column: 214, offset: 213} for query: 'MATCH (source:ts20241114T110912) WHERE source.p21_id = 517 MATCH (target:ts20241114T110912) WHERE target.p21_id = 516 MERGE (source)-[r:rel ]->(target) SET r.rel_type = "Representations" SET r.listItem = 0 RETURN ID(source), ID(target)'
WARNING:neo4j.notifications:Received notification from DBMS server: {severity: WARNING} {code: Neo.ClientNotification.Statement.FeatureDeprecationWarning} {category: DEPRECATION} {title: This feature is deprecated and will be removed in future versions.} {description: The query used a deprecated function: `id`.} {position: line: 1, column: 226, offset: 225} for query: 'MATCH (source:ts20241114T110912) WHERE source.p21_id = 517 MATCH (target:ts20241114T110912) WHERE target.p21_id = 516 MERGE (source)-[r:rel ]->(target) SET r.rel_type = "Representations" SET r.listItem = 0 RETURN ID(source), ID(target)'
INFO:neo4j_middleware.neo4jConnector:[neo4j_connector] Received response. 
INFO:neo4j_middleware.neo4jConnector:[neo4j_connector] Running query: MATCH (source:ts20241114T110912) WHERE source.p21_id = 516 MATCH (target:ts20241...
INFO:neo4j_middleware.neo4jConnector:[neo4j_connector] Query delta: <neo4j._sync.work.result.Result object at 0x00000158D0D932E0>
WARNING:neo4j.notifications:Received notification from DBMS server: {severity: WARNING} {code: Neo.ClientNotification.Statement.FeatureDeprecationWarning} {category: DEPRECATION} {title: This feature is deprecated and will be removed in future versions.} {description: The query used a deprecated function: `id`.} {position: line: 1, column: 193, offset: 192} for query: 'MATCH (source:ts20241114T110912) WHERE source.p21_id = 516 MATCH (target:ts20241114T110912) WHERE target.p21_id = 12 MERGE (source)-[r:rel ]->(target) SET r.rel_type = "ContextOfItems" RETURN ID(source), ID(target)'
WARNING:neo4j.notifications:Received notification from DBMS server: {severity: WARNING} {code: Neo.ClientNotification.Statement.FeatureDeprecationWarning} {category: DEPRECATION} {title: This feature is deprecated and will be removed in future versions.} {description: The query used a deprecated function: `id`.} {position: line: 1, column: 205, offset: 204} for query: 'MATCH (source:ts20241114T110912) WHERE source.p21_id = 516 MATCH (target:ts20241114T110912) WHERE target.p21_id = 12 MERGE (source)-[r:rel ]->(target) SET r.rel_type = "ContextOfItems" RETURN ID(source), ID(target)'
INFO:neo4j_middleware.neo4jConnector:[neo4j_connector] Received response. 
INFO:neo4j_middleware.neo4jConnector:[neo4j_connector] Running query: MATCH (source:ts20241114T110912) WHERE source.p21_id = 516 MATCH (target:ts20241...
INFO:neo4j_middleware.neo4jConnector:[neo4j_connector] Query delta: <neo4j._sync.work.result.Result object at 0x00000158D0D83400>
WARNING:neo4j.notifications:Received notification from DBMS server: {severity: WARNING} {code: Neo.ClientNotification.Statement.FeatureDeprecationWarning} {category: DEPRECATION} {title: This feature is deprecated and will be removed in future versions.} {description: The query used a deprecated function: `id`.} {position: line: 1, column: 204, offset: 203} for query: 'MATCH (source:ts20241114T110912) WHERE source.p21_id = 516 MATCH (target:ts20241114T110912) WHERE target.p21_id = 512 MERGE (source)-[r:rel ]->(target) SET r.rel_type = "Items" SET r.listItem = 0 RETURN ID(source), ID(target)'
WARNING:neo4j.notifications:Received notification from DBMS server: {severity: WARNING} {code: Neo.ClientNotification.Statement.FeatureDeprecationWarning} {category: DEPRECATION} {title: This feature is deprecated and will be removed in future versions.} {description: The query used a deprecated function: `id`.} {position: line: 1, column: 216, offset: 215} for query: 'MATCH (source:ts20241114T110912) WHERE source.p21_id = 516 MATCH (target:ts20241114T110912) WHERE target.p21_id = 512 MERGE (source)-[r:rel ]->(target) SET r.rel_type = "Items" SET r.listItem = 0 RETURN ID(source), ID(target)'
INFO:neo4j_middleware.neo4jConnector:[neo4j_connector] Received response. 
INFO:neo4j_middleware.neo4jConnector:[neo4j_connector] Running query: MATCH (source:ts20241114T110912) WHERE source.p21_id = 515 MATCH (target:ts20241...
INFO:neo4j_middleware.neo4jConnector:[neo4j_connector] Query delta: <neo4j._sync.work.result.Result object at 0x00000158D0CF6CA0>
WARNING:neo4j.notifications:Received notification from DBMS server: {severity: WARNING} {code: Neo.ClientNotification.Statement.FeatureDeprecationWarning} {category: DEPRECATION} {title: This feature is deprecated and will be removed in future versions.} {description: The query used a deprecated function: `id`.} {position: line: 1, column: 205, offset: 204} for query: 'MATCH (source:ts20241114T110912) WHERE source.p21_id = 515 MATCH (target:ts20241114T110912) WHERE target.p21_id = 502 MERGE (source)-[r:rel ]->(target) SET r.rel_type = "Styles" SET r.listItem = 0 RETURN ID(source), ID(target)'
WARNING:neo4j.notifications:Received notification from DBMS server: {severity: WARNING} {code: Neo.ClientNotification.Statement.FeatureDeprecationWarning} {category: DEPRECATION} {title: This feature is deprecated and will be removed in future versions.} {description: The query used a deprecated function: `id`.} {position: line: 1, column: 217, offset: 216} for query: 'MATCH (source:ts20241114T110912) WHERE source.p21_id = 515 MATCH (target:ts20241114T110912) WHERE target.p21_id = 502 MERGE (source)-[r:rel ]->(target) SET r.rel_type = "Styles" SET r.listItem = 0 RETURN ID(source), ID(target)'
INFO:neo4j_middleware.neo4jConnector:[neo4j_connector] Received response. 
INFO:neo4j_middleware.neo4jConnector:[neo4j_connector] Running query: MATCH (source:ts20241114T110912) WHERE source.p21_id = 514 MATCH (target:ts20241...
INFO:neo4j_middleware.neo4jConnector:[neo4j_connector] Query delta: <neo4j._sync.work.result.Result object at 0x00000158D0D25310>
WARNING:neo4j.notifications:Received notification from DBMS server: {severity: WARNING} {code: Neo.ClientNotification.Statement.FeatureDeprecationWarning} {category: DEPRECATION} {title: This feature is deprecated and will be removed in future versions.} {description: The query used a deprecated function: `id`.} {position: line: 1, column: 184, offset: 183} for query: 'MATCH (source:ts20241114T110912) WHERE source.p21_id = 514 MATCH (target:ts20241114T110912) WHERE target.p21_id = 512 MERGE (source)-[r:rel ]->(target) SET r.rel_type = "Item" RETURN ID(source), ID(target)'
WARNING:neo4j.notifications:Received notification from DBMS server: {severity: WARNING} {code: Neo.ClientNotification.Statement.FeatureDeprecationWarning} {category: DEPRECATION} {title: This feature is deprecated and will be removed in future versions.} {description: The query used a deprecated function: `id`.} {position: line: 1, column: 196, offset: 195} for query: 'MATCH (source:ts20241114T110912) WHERE source.p21_id = 514 MATCH (target:ts20241114T110912) WHERE target.p21_id = 512 MERGE (source)-[r:rel ]->(target) SET r.rel_type = "Item" RETURN ID(source), ID(target)'
INFO:neo4j_middleware.neo4jConnector:[neo4j_connector] Received response. 
INFO:neo4j_middleware.neo4jConnector:[neo4j_connector] Running query: MATCH (source:ts20241114T110912) WHERE source.p21_id = 514 MATCH (target:ts20241...
INFO:neo4j_middleware.neo4jConnector:[neo4j_connector] Query delta: <neo4j._sync.work.result.Result object at 0x00000158D0D93EE0>
WARNING:neo4j.notifications:Received notification from DBMS server: {severity: WARNING} {code: Neo.ClientNotification.Statement.FeatureDeprecationWarning} {category: DEPRECATION} {title: This feature is deprecated and will be removed in future versions.} {description: The query used a deprecated function: `id`.} {position: line: 1, column: 205, offset: 204} for query: 'MATCH (source:ts20241114T110912) WHERE source.p21_id = 514 MATCH (target:ts20241114T110912) WHERE target.p21_id = 515 MERGE (source)-[r:rel ]->(target) SET r.rel_type = "Styles" SET r.listItem = 0 RETURN ID(source), ID(target)'
WARNING:neo4j.notifications:Received notification from DBMS server: {severity: WARNING} {code: Neo.ClientNotification.Statement.FeatureDeprecationWarning} {category: DEPRECATION} {title: This feature is deprecated and will be removed in future versions.} {description: The query used a deprecated function: `id`.} {position: line: 1, column: 217, offset: 216} for query: 'MATCH (source:ts20241114T110912) WHERE source.p21_id = 514 MATCH (target:ts20241114T110912) WHERE target.p21_id = 515 MERGE (source)-[r:rel ]->(target) SET r.rel_type = "Styles" SET r.listItem = 0 RETURN ID(source), ID(target)'
INFO:neo4j_middleware.neo4jConnector:[neo4j_connector] Received response. 
INFO:neo4j_middleware.neo4jConnector:[neo4j_connector] Running query: MATCH (source:ts20241114T110912) WHERE source.p21_id = 512 MATCH (target:ts20241...
INFO:neo4j_middleware.neo4jConnector:[neo4j_connector] Query delta: <neo4j._sync.work.result.Result object at 0x00000158D0D2F3A0>
WARNING:neo4j.notifications:Received notification from DBMS server: {severity: WARNING} {code: Neo.ClientNotification.Statement.FeatureDeprecationWarning} {category: DEPRECATION} {title: This feature is deprecated and will be removed in future versions.} {description: The query used a deprecated function: `id`.} {position: line: 1, column: 191, offset: 190} for query: 'MATCH (source:ts20241114T110912) WHERE source.p21_id = 512 MATCH (target:ts20241114T110912) WHERE target.p21_id = 513 MERGE (source)-[r:rel ]->(target) SET r.rel_type = "Coordinates" RETURN ID(source), ID(target)'
WARNING:neo4j.notifications:Received notification from DBMS server: {severity: WARNING} {code: Neo.ClientNotification.Statement.FeatureDeprecationWarning} {category: DEPRECATION} {title: This feature is deprecated and will be removed in future versions.} {description: The query used a deprecated function: `id`.} {position: line: 1, column: 203, offset: 202} for query: 'MATCH (source:ts20241114T110912) WHERE source.p21_id = 512 MATCH (target:ts20241114T110912) WHERE target.p21_id = 513 MERGE (source)-[r:rel ]->(target) SET r.rel_type = "Coordinates" RETURN ID(source), ID(target)'
INFO:neo4j_middleware.neo4jConnector:[neo4j_connector] Received response. 
