2024-11-17 19:14:31,383: neo4j_middleware.neo4jConnector: [neo4j_connector] Running query: MATCH(n:ts20201130T174446) RETURN COUNT(n)...
2024-11-17 19:14:31,479: neo4j_middleware.neo4jConnector: [neo4j_connector] Query delta: <neo4j._sync.work.result.Result object at 0x0000019668B8FF70>
2024-11-17 19:14:31,523: neo4j_middleware.neo4jConnector: [neo4j_connector] Received response. 
2024-11-17 19:22:17,844: neo4j_middleware.neo4jConnector: [neo4j_connector] Running query: MATCH(n:ts20201130T174446) RETURN COUNT(n)...
2024-11-17 19:22:17,899: neo4j_middleware.neo4jConnector: [neo4j_connector] Query delta: <neo4j._sync.work.result.Result object at 0x000001E70DECE850>
2024-11-17 19:22:17,932: neo4j_middleware.neo4jConnector: [neo4j_connector] Received response. 
2024-11-17 19:25:10,801: neo4j_middleware.neo4jConnector: [neo4j_connector] Running query: MATCH(n:ts20201130T174446) RETURN COUNT(n)...
2024-11-17 19:25:10,840: neo4j_middleware.neo4jConnector: [neo4j_connector] Query delta: <neo4j._sync.work.result.Result object at 0x0000022CA7D3F850>
2024-11-17 19:25:10,874: neo4j_middleware.neo4jConnector: [neo4j_connector] Received response. 
2024-11-17 19:27:58,314: neo4j_middleware.neo4jConnector: [neo4j_connector] Running query: MATCH(n:ts20201130T174446) RETURN COUNT(n)...
2024-11-17 19:27:58,361: neo4j_middleware.neo4jConnector: [neo4j_connector] Query delta: <neo4j._sync.work.result.Result object at 0x00000228B27DE850>
2024-11-17 19:27:58,396: neo4j_middleware.neo4jConnector: [neo4j_connector] Received response. 
2024-11-17 19:27:58,513: neo4j_middleware.neo4jConnector: [neo4j_connector] Running query: MERGE(n25131:ts20201130T174446:SecondaryNode:IfcPresentationLayerAssignment {Nam...
2024-11-17 19:27:59,255: neo4j_middleware.neo4jConnector: [neo4j_connector] Query delta: <neo4j._sync.work.result.Result object at 0x00000228B2D69D60>
2024-11-17 19:27:59,581: neo4j_middleware.neo4jConnector: [neo4j_connector] Received response. 
2024-11-17 19:27:59,647: neo4j_middleware.neo4jConnector: [neo4j_connector] Running query: MERGE(n25129:ts20201130T174446:SecondaryNode:IfcPresentationLayerAssignment {Nam...
2024-11-17 19:27:59,804: neo4j_middleware.neo4jConnector: [neo4j_connector] Query delta: <neo4j._sync.work.result.Result object at 0x00000228B2863F10>
2024-11-17 19:27:59,851: neo4j_middleware.neo4jConnector: [neo4j_connector] Received response. 
2024-11-17 19:27:59,913: neo4j_middleware.neo4jConnector: [neo4j_connector] Running query: MERGE(n25123:ts20201130T174446:SecondaryNode:IfcPresentationLayerAssignment {Nam...
2024-11-17 19:28:00,023: neo4j_middleware.neo4jConnector: [neo4j_connector] Query delta: <neo4j._sync.work.result.Result object at 0x00000228B28023D0>
2024-11-17 19:28:00,054: neo4j_middleware.neo4jConnector: [neo4j_connector] Received response. 
2024-11-17 19:28:00,117: neo4j_middleware.neo4jConnector: [neo4j_connector] Running query: MERGE(n25121:ts20201130T174446:SecondaryNode:IfcPresentationLayerAssignment {Nam...
2024-11-17 19:28:00,243: neo4j_middleware.neo4jConnector: [neo4j_connector] Query delta: <neo4j._sync.work.result.Result object at 0x00000228B27F5190>
2024-11-17 19:28:00,290: neo4j_middleware.neo4jConnector: [neo4j_connector] Received response. 
2024-11-17 19:28:00,368: neo4j_middleware.neo4jConnector: [neo4j_connector] Running query: MERGE(n24993:ts20201130T174446:SecondaryNode:IfcShapeRepresentation {Representat...
2024-11-17 19:28:00,651: neo4j_middleware.neo4jConnector: [neo4j_connector] Query delta: <neo4j._sync.work.result.Result object at 0x00000228B28635E0>
2024-11-17 19:28:00,698: neo4j_middleware.neo4jConnector: [neo4j_connector] Received response. 
2024-11-17 19:28:00,776: neo4j_middleware.neo4jConnector: [neo4j_connector] Running query: MERGE(n24991:ts20201130T174446:SecondaryNode:IfcAxis2Placement3D {p21_id:24991, ...
2024-11-17 19:28:00,871: neo4j_middleware.neo4jConnector: [neo4j_connector] Query delta: <neo4j._sync.work.result.Result object at 0x00000228B2802D60>
2024-11-17 19:28:00,902: neo4j_middleware.neo4jConnector: [neo4j_connector] Received response. 
2024-11-17 19:28:00,964: neo4j_middleware.neo4jConnector: [neo4j_connector] Running query: MERGE(n24989:ts20201130T174446:SecondaryNode:IfcAxis2Placement2D {p21_id:24989, ...
2024-11-17 19:28:01,059: neo4j_middleware.neo4jConnector: [neo4j_connector] Query delta: <neo4j._sync.work.result.Result object at 0x00000228B28028B0>
2024-11-17 19:28:01,106: neo4j_middleware.neo4jConnector: [neo4j_connector] Received response. 
2024-11-17 19:28:01,184: neo4j_middleware.neo4jConnector: [neo4j_connector] Running query: MERGE(n24974:ts20201130T174446:SecondaryNode:IfcLocalPlacement {p21_id:24974, En...
2024-11-17 19:28:01,286: neo4j_middleware.neo4jConnector: [neo4j_connector] Query delta: <neo4j._sync.work.result.Result object at 0x00000228B2D69B20>
2024-11-17 19:28:01,326: neo4j_middleware.neo4jConnector: [neo4j_connector] Received response. 
2024-11-17 19:28:01,389: neo4j_middleware.neo4jConnector: [neo4j_connector] Running query: MERGE(n24971:ts20201130T174446:SecondaryNode:IfcCartesianPoint {Coordinates:"(10...
2024-11-17 19:28:01,487: neo4j_middleware.neo4jConnector: [neo4j_connector] Query delta: <neo4j._sync.work.result.Result object at 0x00000228B27F5B50>
2024-11-17 19:28:01,514: neo4j_middleware.neo4jConnector: [neo4j_connector] Received response. 
2024-11-17 19:28:01,624: neo4j_middleware.neo4jConnector: [neo4j_connector] Running query: MERGE(n24969:ts20201130T174446:SecondaryNode:IfcProductDefinitionShape {Name:"No...
2024-11-17 19:28:01,734: neo4j_middleware.neo4jConnector: [neo4j_connector] Query delta: <neo4j._sync.work.result.Result object at 0x00000228B280A340>
2024-11-17 19:28:01,787: neo4j_middleware.neo4jConnector: [neo4j_connector] Received response. 
2024-11-17 19:28:01,859: neo4j_middleware.neo4jConnector: [neo4j_connector] Running query: MERGE(n24966:ts20201130T174446:SecondaryNode:IfcExtrudedAreaSolid {Depth:0.1, p2...
2024-11-17 19:28:01,969: neo4j_middleware.neo4jConnector: [neo4j_connector] Query delta: <neo4j._sync.work.result.Result object at 0x00000228B27F51C0>
2024-11-17 19:28:02,001: neo4j_middleware.neo4jConnector: [neo4j_connector] Received response. 
2024-11-17 19:28:02,088: neo4j_middleware.neo4jConnector: [neo4j_connector] Running query: MERGE(n24964:ts20201130T174446:SecondaryNode:IfcRectangleProfileDef {ProfileType...
2024-11-17 19:28:02,235: neo4j_middleware.neo4jConnector: [neo4j_connector] Query delta: <neo4j._sync.work.result.Result object at 0x00000228B2863820>
2024-11-17 19:28:02,298: neo4j_middleware.neo4jConnector: [neo4j_connector] Received response. 
2024-11-17 19:28:02,361: neo4j_middleware.neo4jConnector: [neo4j_connector] Running query: MERGE(n24963:ts20201130T174446:SecondaryNode:IfcAxis2Placement2D {p21_id:24963, ...
2024-11-17 19:28:02,471: neo4j_middleware.neo4jConnector: [neo4j_connector] Query delta: <neo4j._sync.work.result.Result object at 0x00000228B2802220>
2024-11-17 19:28:02,502: neo4j_middleware.neo4jConnector: [neo4j_connector] Received response. 
2024-11-17 19:28:02,565: neo4j_middleware.neo4jConnector: [neo4j_connector] Running query: MERGE(n24961:ts20201130T174446:SecondaryNode:IfcCartesianPoint {Coordinates:"(1....
2024-11-17 19:28:02,643: neo4j_middleware.neo4jConnector: [neo4j_connector] Query delta: <neo4j._sync.work.result.Result object at 0x00000228B280A550>
2024-11-17 19:28:02,690: neo4j_middleware.neo4jConnector: [neo4j_connector] Received response. 
2024-11-17 19:28:02,753: neo4j_middleware.neo4jConnector: [neo4j_connector] Running query: MERGE(n24949:ts20201130T174446:PrimaryNode:IfcOpeningElement {GlobalId:"2idC0G3e...
2024-11-17 19:28:02,862: neo4j_middleware.neo4jConnector: [neo4j_connector] Query delta: <neo4j._sync.work.result.Result object at 0x00000228B2802B80>
2024-11-17 19:28:02,909: neo4j_middleware.neo4jConnector: [neo4j_connector] Received response. 
2024-11-17 19:28:02,972: neo4j_middleware.neo4jConnector: [neo4j_connector] Running query: MERGE(n24948:ts20201130T174446:SecondaryNode:IfcLocalPlacement {p21_id:24948, En...
2024-11-17 19:28:03,051: neo4j_middleware.neo4jConnector: [neo4j_connector] Query delta: <neo4j._sync.work.result.Result object at 0x00000228B2863DC0>
2024-11-17 19:28:03,098: neo4j_middleware.neo4jConnector: [neo4j_connector] Received response. 
2024-11-17 19:28:03,176: neo4j_middleware.neo4jConnector: [neo4j_connector] Running query: MERGE(n24947:ts20201130T174446:SecondaryNode:IfcAxis2Placement3D {p21_id:24947, ...
2024-11-17 19:28:03,286: neo4j_middleware.neo4jConnector: [neo4j_connector] Query delta: <neo4j._sync.work.result.Result object at 0x00000228B27F5790>
2024-11-17 19:28:03,318: neo4j_middleware.neo4jConnector: [neo4j_connector] Received response. 
2024-11-17 19:28:03,380: neo4j_middleware.neo4jConnector: [neo4j_connector] Running query: MERGE(n24941:ts20201130T174446:SecondaryNode:IfcShapeRepresentation {Representat...
2024-11-17 19:28:03,475: neo4j_middleware.neo4jConnector: [neo4j_connector] Query delta: <neo4j._sync.work.result.Result object at 0x00000228B2863AC0>
2024-11-17 19:28:03,506: neo4j_middleware.neo4jConnector: [neo4j_connector] Received response. 
2024-11-17 19:28:03,569: neo4j_middleware.neo4jConnector: [neo4j_connector] Running query: MERGE(n24940:ts20201130T174446:SecondaryNode:IfcExtrudedAreaSolid {Depth:0.1, p2...
2024-11-17 19:28:03,648: neo4j_middleware.neo4jConnector: [neo4j_connector] Query delta: <neo4j._sync.work.result.Result object at 0x00000228B280AE20>
2024-11-17 19:28:03,695: neo4j_middleware.neo4jConnector: [neo4j_connector] Received response. 
2024-11-17 19:28:03,773: neo4j_middleware.neo4jConnector: [neo4j_connector] Running query: MERGE(n24939:ts20201130T174446:SecondaryNode:IfcAxis2Placement3D {p21_id:24939, ...
2024-11-17 19:28:03,852: neo4j_middleware.neo4jConnector: [neo4j_connector] Query delta: <neo4j._sync.work.result.Result object at 0x00000228B27F5D00>
2024-11-17 19:28:03,899: neo4j_middleware.neo4jConnector: [neo4j_connector] Received response. 
2024-11-17 19:28:03,977: neo4j_middleware.neo4jConnector: [neo4j_connector] Running query: MERGE(n24931:ts20201130T174446:SecondaryNode:IfcAxis2Placement3D {p21_id:24931, ...
2024-11-17 19:28:04,040: neo4j_middleware.neo4jConnector: [neo4j_connector] Query delta: <neo4j._sync.work.result.Result object at 0x00000228B27F55E0>
2024-11-17 19:28:04,087: neo4j_middleware.neo4jConnector: [neo4j_connector] Received response. 
2024-11-17 19:28:04,150: neo4j_middleware.neo4jConnector: [neo4j_connector] Running query: MERGE(n24923:ts20201130T174446:PrimaryNode:IfcOpeningElement {GlobalId:"2idC0G3e...
2024-11-17 19:28:04,258: neo4j_middleware.neo4jConnector: [neo4j_connector] Query delta: <neo4j._sync.work.result.Result object at 0x00000228B280AF10>
2024-11-17 19:28:04,304: neo4j_middleware.neo4jConnector: [neo4j_connector] Received response. 
2024-11-17 19:28:04,365: neo4j_middleware.neo4jConnector: [neo4j_connector] Running query: MERGE(n24922:ts20201130T174446:SecondaryNode:IfcLocalPlacement {p21_id:24922, En...
2024-11-17 19:28:04,432: neo4j_middleware.neo4jConnector: [neo4j_connector] Query delta: <neo4j._sync.work.result.Result object at 0x00000228B2863100>
2024-11-17 19:28:04,479: neo4j_middleware.neo4jConnector: [neo4j_connector] Received response. 
2024-11-17 19:28:04,539: neo4j_middleware.neo4jConnector: [neo4j_connector] Running query: MERGE(n24919:ts20201130T174446:SecondaryNode:IfcCartesianPoint {Coordinates:"(13...
2024-11-17 19:28:04,654: neo4j_middleware.neo4jConnector: [neo4j_connector] Query delta: <neo4j._sync.work.result.Result object at 0x00000228B28104C0>
2024-11-17 19:28:04,694: neo4j_middleware.neo4jConnector: [neo4j_connector] Received response. 
2024-11-17 19:28:04,765: neo4j_middleware.neo4jConnector: [neo4j_connector] Running query: MERGE(n24917:ts20201130T174446:SecondaryNode:IfcProductDefinitionShape {Name:"No...
2024-11-17 19:28:04,838: neo4j_middleware.neo4jConnector: [neo4j_connector] Query delta: <neo4j._sync.work.result.Result object at 0x00000228B27F20D0>
2024-11-17 19:28:04,894: neo4j_middleware.neo4jConnector: [neo4j_connector] Received response. 
2024-11-17 19:28:04,948: neo4j_middleware.neo4jConnector: [neo4j_connector] Running query: MERGE(n24915:ts20201130T174446:SecondaryNode:IfcShapeRepresentation {Representat...
2024-11-17 19:28:05,036: neo4j_middleware.neo4jConnector: [neo4j_connector] Query delta: <neo4j._sync.work.result.Result object at 0x00000228B280A370>
2024-11-17 19:28:05,072: neo4j_middleware.neo4jConnector: [neo4j_connector] Received response. 
2024-11-17 19:28:05,138: neo4j_middleware.neo4jConnector: [neo4j_connector] Running query: MERGE(n24914:ts20201130T174446:SecondaryNode:IfcExtrudedAreaSolid {Depth:0.1, p2...
2024-11-17 19:28:05,204: neo4j_middleware.neo4jConnector: [neo4j_connector] Query delta: <neo4j._sync.work.result.Result object at 0x00000228B27F5D30>
2024-11-17 19:28:05,256: neo4j_middleware.neo4jConnector: [neo4j_connector] Received response. 
2024-11-17 19:28:05,313: neo4j_middleware.neo4jConnector: [neo4j_connector] Running query: MERGE(n24912:ts20201130T174446:SecondaryNode:IfcRectangleProfileDef {ProfileType...
2024-11-17 19:28:05,406: neo4j_middleware.neo4jConnector: [neo4j_connector] Query delta: <neo4j._sync.work.result.Result object at 0x00000228B2810760>
2024-11-17 19:28:05,437: neo4j_middleware.neo4jConnector: [neo4j_connector] Received response. 
2024-11-17 19:28:05,500: neo4j_middleware.neo4jConnector: [neo4j_connector] Running query: MERGE(n24909:ts20201130T174446:SecondaryNode:IfcCartesianPoint {Coordinates:"(1....
2024-11-17 19:28:05,578: neo4j_middleware.neo4jConnector: [neo4j_connector] Query delta: <neo4j._sync.work.result.Result object at 0x00000228B27F5310>
2024-11-17 19:28:05,623: neo4j_middleware.neo4jConnector: [neo4j_connector] Received response. 
2024-11-17 19:28:05,674: neo4j_middleware.neo4jConnector: [neo4j_connector] Running query: MERGE(n24905:ts20201130T174446:SecondaryNode:IfcAxis2Placement3D {p21_id:24905, ...
2024-11-17 19:28:05,756: neo4j_middleware.neo4jConnector: [neo4j_connector] Query delta: <neo4j._sync.work.result.Result object at 0x00000228B280A160>
2024-11-17 19:28:05,789: neo4j_middleware.neo4jConnector: [neo4j_connector] Received response. 
2024-11-17 19:28:05,843: neo4j_middleware.neo4jConnector: [neo4j_connector] Running query: MERGE(n24902:ts20201130T174446:ConnectionNode:IfcRelFillsElement {GlobalId:"12ii...
2024-11-17 19:28:05,921: neo4j_middleware.neo4jConnector: [neo4j_connector] Query delta: <neo4j._sync.work.result.Result object at 0x00000228B2863B20>
2024-11-17 19:28:05,968: neo4j_middleware.neo4jConnector: [neo4j_connector] Received response. 
2024-11-17 19:28:06,047: neo4j_middleware.neo4jConnector: [neo4j_connector] Running query: MERGE(n24897:ts20201130T174446:PrimaryNode:IfcOpeningElement {GlobalId:"2idC0G3e...
2024-11-17 19:28:06,143: neo4j_middleware.neo4jConnector: [neo4j_connector] Query delta: <neo4j._sync.work.result.Result object at 0x00000228B2D699A0>
2024-11-17 19:28:06,182: neo4j_middleware.neo4jConnector: [neo4j_connector] Received response. 
2024-11-17 19:28:06,232: neo4j_middleware.neo4jConnector: [neo4j_connector] Running query: MERGE(n24895:ts20201130T174446:SecondaryNode:IfcAxis2Placement3D {p21_id:24895, ...
2024-11-17 19:28:06,304: neo4j_middleware.neo4jConnector: [neo4j_connector] Query delta: <neo4j._sync.work.result.Result object at 0x00000228B280A7F0>
2024-11-17 19:28:06,336: neo4j_middleware.neo4jConnector: [neo4j_connector] Received response. 
2024-11-17 19:28:06,415: neo4j_middleware.neo4jConnector: [neo4j_connector] Running query: MERGE(n24893:ts20201130T174446:SecondaryNode:IfcCartesianPoint {Coordinates:"(14...
2024-11-17 19:28:06,477: neo4j_middleware.neo4jConnector: [neo4j_connector] Query delta: <neo4j._sync.work.result.Result object at 0x00000228B27F5100>
2024-11-17 19:28:06,525: neo4j_middleware.neo4jConnector: [neo4j_connector] Received response. 
2024-11-17 19:28:06,587: neo4j_middleware.neo4jConnector: [neo4j_connector] Running query: MERGE(n24887:ts20201130T174446:SecondaryNode:IfcAxis2Placement3D {p21_id:24887, ...
2024-11-17 19:28:06,674: neo4j_middleware.neo4jConnector: [neo4j_connector] Query delta: <neo4j._sync.work.result.Result object at 0x00000228B2810760>
2024-11-17 19:28:06,706: neo4j_middleware.neo4jConnector: [neo4j_connector] Received response. 
2024-11-17 19:28:06,773: neo4j_middleware.neo4jConnector: [neo4j_connector] Running query: MERGE(n24886:ts20201130T174446:SecondaryNode:IfcRectangleProfileDef {ProfileType...
2024-11-17 19:28:06,851: neo4j_middleware.neo4jConnector: [neo4j_connector] Query delta: <neo4j._sync.work.result.Result object at 0x00000228B27F5B50>
2024-11-17 19:28:06,906: neo4j_middleware.neo4jConnector: [neo4j_connector] Received response. 
2024-11-17 19:28:06,971: neo4j_middleware.neo4jConnector: [neo4j_connector] Running query: MERGE(n24883:ts20201130T174446:SecondaryNode:IfcCartesianPoint {Coordinates:"(1....
2024-11-17 19:28:07,044: neo4j_middleware.neo4jConnector: [neo4j_connector] Query delta: <neo4j._sync.work.result.Result object at 0x00000228B280ADC0>
2024-11-17 19:28:07,083: neo4j_middleware.neo4jConnector: [neo4j_connector] Received response. 
2024-11-17 19:28:07,142: neo4j_middleware.neo4jConnector: [neo4j_connector] Running query: MERGE(n24879:ts20201130T174446:SecondaryNode:IfcAxis2Placement3D {p21_id:24879, ...
2024-11-17 19:28:07,223: neo4j_middleware.neo4jConnector: [neo4j_connector] Query delta: <neo4j._sync.work.result.Result object at 0x00000228B28637C0>
2024-11-17 19:28:07,264: neo4j_middleware.neo4jConnector: [neo4j_connector] Received response. 
2024-11-17 19:28:07,329: neo4j_middleware.neo4jConnector: [neo4j_connector] Running query: MERGE(n24873:ts20201130T174446:ConnectionNode:IfcRelVoidsElement {GlobalId:"2idC...
2024-11-17 19:28:07,418: neo4j_middleware.neo4jConnector: [neo4j_connector] Query delta: <neo4j._sync.work.result.Result object at 0x00000228B2D69EE0>
2024-11-17 19:28:07,467: neo4j_middleware.neo4jConnector: [neo4j_connector] Received response. 
2024-11-17 19:28:07,522: neo4j_middleware.neo4jConnector: [neo4j_connector] Running query: MERGE(n24868:ts20201130T174446:PrimaryNode:IfcOpeningElement {GlobalId:"2idC0G3e...
2024-11-17 19:28:07,599: neo4j_middleware.neo4jConnector: [neo4j_connector] Query delta: <neo4j._sync.work.result.Result object at 0x00000228B280AA30>
2024-11-17 19:28:07,642: neo4j_middleware.neo4jConnector: [neo4j_connector] Received response. 
2024-11-17 19:28:07,700: neo4j_middleware.neo4jConnector: [neo4j_connector] Running query: MERGE(n24865:ts20201130T174446:SecondaryNode:IfcAxis2Placement3D {p21_id:24865, ...
2024-11-17 19:28:07,773: neo4j_middleware.neo4jConnector: [neo4j_connector] Query delta: <neo4j._sync.work.result.Result object at 0x00000228B2810E50>
2024-11-17 19:28:07,820: neo4j_middleware.neo4jConnector: [neo4j_connector] Received response. 
2024-11-17 19:28:07,883: neo4j_middleware.neo4jConnector: [neo4j_connector] Running query: MERGE(n24863:ts20201130T174446:SecondaryNode:IfcCartesianPoint {Coordinates:"(15...
2024-11-17 19:28:07,946: neo4j_middleware.neo4jConnector: [neo4j_connector] Query delta: <neo4j._sync.work.result.Result object at 0x00000228B2802640>
2024-11-17 19:28:07,993: neo4j_middleware.neo4jConnector: [neo4j_connector] Received response. 
2024-11-17 19:28:08,056: neo4j_middleware.neo4jConnector: [neo4j_connector] Running query: MERGE(n24858:ts20201130T174446:SecondaryNode:IfcExtrudedAreaSolid {Depth:0.1, p2...
2024-11-17 19:28:08,150: neo4j_middleware.neo4jConnector: [neo4j_connector] Query delta: <neo4j._sync.work.result.Result object at 0x00000228B27F5430>
2024-11-17 19:28:08,177: neo4j_middleware.neo4jConnector: [neo4j_connector] Received response. 
2024-11-17 19:28:08,250: neo4j_middleware.neo4jConnector: [neo4j_connector] Running query: MERGE(n24856:ts20201130T174446:SecondaryNode:IfcRectangleProfileDef {ProfileType...
2024-11-17 19:28:08,343: neo4j_middleware.neo4jConnector: [neo4j_connector] Query delta: <neo4j._sync.work.result.Result object at 0x00000228B280A400>
2024-11-17 19:28:08,374: neo4j_middleware.neo4jConnector: [neo4j_connector] Received response. 
2024-11-17 19:28:08,453: neo4j_middleware.neo4jConnector: [neo4j_connector] Running query: MERGE(n24853:ts20201130T174446:SecondaryNode:IfcCartesianPoint {Coordinates:"(1....
2024-11-17 19:28:08,531: neo4j_middleware.neo4jConnector: [neo4j_connector] Query delta: <neo4j._sync.work.result.Result object at 0x00000228B28635B0>
2024-11-17 19:28:08,582: neo4j_middleware.neo4jConnector: [neo4j_connector] Received response. 
2024-11-17 19:28:08,650: neo4j_middleware.neo4jConnector: [neo4j_connector] Running query: MERGE(n24850:ts20201130T174446:ConnectionNode:IfcRelConnectsPathElements {Global...
2024-11-17 19:28:08,766: neo4j_middleware.neo4jConnector: [neo4j_connector] Query delta: <neo4j._sync.work.result.Result object at 0x00000228B2863250>
2024-11-17 19:28:08,804: neo4j_middleware.neo4jConnector: [neo4j_connector] Received response. 
2024-11-17 19:28:08,855: neo4j_middleware.neo4jConnector: [neo4j_connector] Running query: MERGE(n24845:ts20201130T174446:ConnectionNode:IfcRelConnectsPathElements {Global...
2024-11-17 19:28:09,023: neo4j_middleware.neo4jConnector: [neo4j_connector] Query delta: <neo4j._sync.work.result.Result object at 0x00000228B280A220>
2024-11-17 19:28:09,060: neo4j_middleware.neo4jConnector: [neo4j_connector] Received response. 
2024-11-17 19:28:09,123: neo4j_middleware.neo4jConnector: [neo4j_connector] Running query: MERGE(n24835:ts20201130T174446:ConnectionNode:IfcRelConnectsPathElements {Global...
2024-11-17 19:28:09,245: neo4j_middleware.neo4jConnector: [neo4j_connector] Query delta: <neo4j._sync.work.result.Result object at 0x00000228B27F5970>
2024-11-17 19:28:09,283: neo4j_middleware.neo4jConnector: [neo4j_connector] Received response. 
2024-11-17 19:28:09,358: neo4j_middleware.neo4jConnector: [neo4j_connector] Running query: MERGE(n24826:ts20201130T174446:ConnectionNode:IfcRelDefinesByType {GlobalId:"0w1...
2024-11-17 19:28:09,437: neo4j_middleware.neo4jConnector: [neo4j_connector] Query delta: <neo4j._sync.work.result.Result object at 0x00000228B28028B0>
2024-11-17 19:28:09,484: neo4j_middleware.neo4jConnector: [neo4j_connector] Received response. 
2024-11-17 19:28:09,547: neo4j_middleware.neo4jConnector: [neo4j_connector] Running query: MERGE(n24823:ts20201130T174446:ConnectionNode:IfcRelDefinesByType {GlobalId:"3OH...
2024-11-17 19:28:09,625: neo4j_middleware.neo4jConnector: [neo4j_connector] Query delta: <neo4j._sync.work.result.Result object at 0x00000228B280ABE0>
2024-11-17 19:28:09,657: neo4j_middleware.neo4jConnector: [neo4j_connector] Received response. 
2024-11-17 19:28:09,720: neo4j_middleware.neo4jConnector: [neo4j_connector] Running query: MERGE(n24820:ts20201130T174446:ConnectionNode:IfcRelDefinesByType {GlobalId:"3RR...
2024-11-17 19:28:09,806: neo4j_middleware.neo4jConnector: [neo4j_connector] Query delta: <neo4j._sync.work.result.Result object at 0x00000228B2D69D90>
2024-11-17 19:28:09,845: neo4j_middleware.neo4jConnector: [neo4j_connector] Received response. 
2024-11-17 19:28:09,905: neo4j_middleware.neo4jConnector: [neo4j_connector] Running query: MERGE(n24808:ts20201130T174446:ConnectionNode:IfcRelDefinesByType {GlobalId:"3$w...
2024-11-17 19:28:09,989: neo4j_middleware.neo4jConnector: [neo4j_connector] Query delta: <neo4j._sync.work.result.Result object at 0x00000228B2810F70>
2024-11-17 19:28:10,021: neo4j_middleware.neo4jConnector: [neo4j_connector] Received response. 
2024-11-17 19:28:10,102: neo4j_middleware.neo4jConnector: [neo4j_connector] Running query: MERGE(n24805:ts20201130T174446:ConnectionNode:IfcRelDefinesByType {GlobalId:"35g...
2024-11-17 19:28:10,185: neo4j_middleware.neo4jConnector: [neo4j_connector] Query delta: <neo4j._sync.work.result.Result object at 0x00000228B2810EB0>
2024-11-17 19:28:10,218: neo4j_middleware.neo4jConnector: [neo4j_connector] Received response. 
2024-11-17 19:28:10,282: neo4j_middleware.neo4jConnector: [neo4j_connector] Running query: MERGE(n24796:ts20201130T174446:ConnectionNode:IfcRelDefinesByType {GlobalId:"1NQ...
2024-11-17 19:28:10,363: neo4j_middleware.neo4jConnector: [neo4j_connector] Query delta: <neo4j._sync.work.result.Result object at 0x00000228B280A970>
2024-11-17 19:28:10,398: neo4j_middleware.neo4jConnector: [neo4j_connector] Received response. 
2024-11-17 19:28:10,453: neo4j_middleware.neo4jConnector: [neo4j_connector] Running query: MERGE(n24793:ts20201130T174446:ConnectionNode:IfcRelDefinesByType {GlobalId:"36Z...
2024-11-17 19:28:10,547: neo4j_middleware.neo4jConnector: [neo4j_connector] Query delta: <neo4j._sync.work.result.Result object at 0x00000228B27F5610>
2024-11-17 19:28:10,587: neo4j_middleware.neo4jConnector: [neo4j_connector] Received response. 
2024-11-17 19:28:10,650: neo4j_middleware.neo4jConnector: [neo4j_connector] Running query: MERGE(n24778:ts20201130T174446:ConnectionNode:IfcRelDefinesByType {GlobalId:"2F$...
2024-11-17 19:28:10,728: neo4j_middleware.neo4jConnector: [neo4j_connector] Query delta: <neo4j._sync.work.result.Result object at 0x00000228B2802E50>
2024-11-17 19:28:10,770: neo4j_middleware.neo4jConnector: [neo4j_connector] Received response. 
2024-11-17 19:28:10,836: neo4j_middleware.neo4jConnector: [neo4j_connector] Running query: MERGE(n24775:ts20201130T174446:ConnectionNode:IfcRelDefinesByType {GlobalId:"0bP...
2024-11-17 19:28:10,930: neo4j_middleware.neo4jConnector: [neo4j_connector] Query delta: <neo4j._sync.work.result.Result object at 0x00000228B280AB80>
2024-11-17 19:28:10,964: neo4j_middleware.neo4jConnector: [neo4j_connector] Received response. 
2024-11-17 19:28:11,043: neo4j_middleware.neo4jConnector: [neo4j_connector] Running query: MERGE(n24763:ts20201130T174446:ConnectionNode:IfcRelDefinesByType {GlobalId:"27Y...
2024-11-17 19:28:11,137: neo4j_middleware.neo4jConnector: [neo4j_connector] Query delta: <neo4j._sync.work.result.Result object at 0x00000228B2D69D60>
2024-11-17 19:28:11,168: neo4j_middleware.neo4jConnector: [neo4j_connector] Received response. 
2024-11-17 19:28:11,251: neo4j_middleware.neo4jConnector: [neo4j_connector] Running query: MERGE(n24757:ts20201130T174446:ConnectionNode:IfcRelDefinesByType {GlobalId:"1KM...
2024-11-17 19:28:11,338: neo4j_middleware.neo4jConnector: [neo4j_connector] Query delta: <neo4j._sync.work.result.Result object at 0x00000228B27F20D0>
2024-11-17 19:28:11,385: neo4j_middleware.neo4jConnector: [neo4j_connector] Received response. 
2024-11-17 19:28:11,452: neo4j_middleware.neo4jConnector: [neo4j_connector] Running query: MERGE(n24754:ts20201130T174446:ConnectionNode:IfcRelDefinesByType {GlobalId:"16J...
2024-11-17 19:28:11,523: neo4j_middleware.neo4jConnector: [neo4j_connector] Query delta: <neo4j._sync.work.result.Result object at 0x00000228B27F5CA0>
2024-11-17 19:28:11,554: neo4j_middleware.neo4jConnector: [neo4j_connector] Received response. 
2024-11-17 19:28:11,617: neo4j_middleware.neo4jConnector: [neo4j_connector] Running query: MERGE(n24719:ts20201130T174446:ConnectionNode:IfcRelAssociatesMaterial {GlobalId...
2024-11-17 19:28:11,712: neo4j_middleware.neo4jConnector: [neo4j_connector] Query delta: <neo4j._sync.work.result.Result object at 0x00000228B2863250>
2024-11-17 19:28:11,752: neo4j_middleware.neo4jConnector: [neo4j_connector] Received response. 
2024-11-17 19:28:11,844: neo4j_middleware.neo4jConnector: [neo4j_connector] Running query: MERGE(n24715:ts20201130T174446:ConnectionNode:IfcRelAssociatesMaterial {GlobalId...
2024-11-17 19:28:11,920: neo4j_middleware.neo4jConnector: [neo4j_connector] Query delta: <neo4j._sync.work.result.Result object at 0x00000228B2810BE0>
2024-11-17 19:28:11,960: neo4j_middleware.neo4jConnector: [neo4j_connector] Received response. 
2024-11-17 19:28:12,036: neo4j_middleware.neo4jConnector: [neo4j_connector] Running query: MERGE(n24712:ts20201130T174446:ConnectionNode:IfcRelAssociatesMaterial {GlobalId...
2024-11-17 19:28:12,110: neo4j_middleware.neo4jConnector: [neo4j_connector] Query delta: <neo4j._sync.work.result.Result object at 0x00000228B2863E50>
2024-11-17 19:28:12,141: neo4j_middleware.neo4jConnector: [neo4j_connector] Received response. 
2024-11-17 19:28:12,203: neo4j_middleware.neo4jConnector: [neo4j_connector] Running query: MERGE(n24706:ts20201130T174446:ConnectionNode:IfcRelAssociatesMaterial {GlobalId...
2024-11-17 19:28:12,287: neo4j_middleware.neo4jConnector: [neo4j_connector] Query delta: <neo4j._sync.work.result.Result object at 0x00000228B27F5CD0>
2024-11-17 19:28:12,322: neo4j_middleware.neo4jConnector: [neo4j_connector] Received response. 
2024-11-17 19:28:12,377: neo4j_middleware.neo4jConnector: [neo4j_connector] Running query: MERGE(n24703:ts20201130T174446:ConnectionNode:IfcRelAssociatesMaterial {GlobalId...
2024-11-17 19:28:12,446: neo4j_middleware.neo4jConnector: [neo4j_connector] Query delta: <neo4j._sync.work.result.Result object at 0x00000228B280ACD0>
2024-11-17 19:28:12,488: neo4j_middleware.neo4jConnector: [neo4j_connector] Received response. 
2024-11-17 19:28:12,544: neo4j_middleware.neo4jConnector: [neo4j_connector] Running query: MERGE(n24700:ts20201130T174446:ConnectionNode:IfcRelAssociatesMaterial {GlobalId...
2024-11-17 19:28:12,627: neo4j_middleware.neo4jConnector: [neo4j_connector] Query delta: <neo4j._sync.work.result.Result object at 0x00000228B2810F10>
2024-11-17 19:28:12,662: neo4j_middleware.neo4jConnector: [neo4j_connector] Received response. 
2024-11-17 19:28:12,731: neo4j_middleware.neo4jConnector: [neo4j_connector] Running query: MERGE(n24688:ts20201130T174446:ConnectionNode:IfcRelAssociatesMaterial {GlobalId...
2024-11-17 19:28:12,802: neo4j_middleware.neo4jConnector: [neo4j_connector] Query delta: <neo4j._sync.work.result.Result object at 0x00000228B280A6A0>
2024-11-17 19:28:12,834: neo4j_middleware.neo4jConnector: [neo4j_connector] Received response. 
2024-11-17 19:28:12,912: neo4j_middleware.neo4jConnector: [neo4j_connector] Running query: MERGE(n24682:ts20201130T174446:ConnectionNode:IfcRelAssociatesMaterial {GlobalId...
2024-11-17 19:28:12,975: neo4j_middleware.neo4jConnector: [neo4j_connector] Query delta: <neo4j._sync.work.result.Result object at 0x00000228B27F5160>
2024-11-17 19:28:13,024: neo4j_middleware.neo4jConnector: [neo4j_connector] Received response. 
2024-11-17 19:28:13,091: neo4j_middleware.neo4jConnector: [neo4j_connector] Running query: MERGE(n24676:ts20201130T174446:ConnectionNode:IfcRelAssociatesMaterial {GlobalId...
2024-11-17 19:28:13,154: neo4j_middleware.neo4jConnector: [neo4j_connector] Query delta: <neo4j._sync.work.result.Result object at 0x00000228B2863D30>
2024-11-17 19:28:13,201: neo4j_middleware.neo4jConnector: [neo4j_connector] Received response. 
2024-11-17 19:28:13,264: neo4j_middleware.neo4jConnector: [neo4j_connector] Running query: MERGE(n24673:ts20201130T174446:ConnectionNode:IfcRelAssociatesMaterial {GlobalId...
2024-11-17 19:28:13,351: neo4j_middleware.neo4jConnector: [neo4j_connector] Query delta: <neo4j._sync.work.result.Result object at 0x00000228B2863850>
2024-11-17 19:28:13,407: neo4j_middleware.neo4jConnector: [neo4j_connector] Received response. 
2024-11-17 19:28:13,495: neo4j_middleware.neo4jConnector: [neo4j_connector] Running query: MERGE(n24658:ts20201130T174446:ConnectionNode:IfcRelAssociatesMaterial {GlobalId...
2024-11-17 19:28:13,599: neo4j_middleware.neo4jConnector: [neo4j_connector] Query delta: <neo4j._sync.work.result.Result object at 0x00000228B2D69CD0>
2024-11-17 19:28:13,638: neo4j_middleware.neo4jConnector: [neo4j_connector] Received response. 
2024-11-17 19:28:13,703: neo4j_middleware.neo4jConnector: [neo4j_connector] Running query: MERGE(n24652:ts20201130T174446:ConnectionNode:IfcRelAssociatesMaterial {GlobalId...
2024-11-17 19:28:13,833: neo4j_middleware.neo4jConnector: [neo4j_connector] Query delta: <neo4j._sync.work.result.Result object at 0x00000228B2810A30>
2024-11-17 19:28:13,876: neo4j_middleware.neo4jConnector: [neo4j_connector] Received response. 
2024-11-17 19:28:13,945: neo4j_middleware.neo4jConnector: [neo4j_connector] Running query: MERGE(n24646:ts20201130T174446:ConnectionNode:IfcRelAssociatesMaterial {GlobalId...
2024-11-17 19:28:14,000: neo4j_middleware.neo4jConnector: [neo4j_connector] Query delta: <neo4j._sync.work.result.Result object at 0x00000228B281C4F0>
2024-11-17 19:28:14,032: neo4j_middleware.neo4jConnector: [neo4j_connector] Received response. 
2024-11-17 19:28:14,115: neo4j_middleware.neo4jConnector: [neo4j_connector] Running query: MERGE(n24643:ts20201130T174446:ConnectionNode:IfcRelAssociatesMaterial {GlobalId...
2024-11-17 19:28:14,189: neo4j_middleware.neo4jConnector: [neo4j_connector] Query delta: <neo4j._sync.work.result.Result object at 0x00000228B280AB50>
2024-11-17 19:28:14,227: neo4j_middleware.neo4jConnector: [neo4j_connector] Received response. 
2024-11-17 19:28:14,281: neo4j_middleware.neo4jConnector: [neo4j_connector] Running query: MERGE(n24637:ts20201130T174446:ConnectionNode:IfcRelAssociatesMaterial {GlobalId...
2024-11-17 19:28:14,360: neo4j_middleware.neo4jConnector: [neo4j_connector] Query delta: <neo4j._sync.work.result.Result object at 0x00000228B280A040>
2024-11-17 19:28:14,407: neo4j_middleware.neo4jConnector: [neo4j_connector] Received response. 
2024-11-17 19:28:14,469: neo4j_middleware.neo4jConnector: [neo4j_connector] Running query: MERGE(n24628:ts20201130T174446:ConnectionNode:IfcRelAssociatesMaterial {GlobalId...
2024-11-17 19:28:14,548: neo4j_middleware.neo4jConnector: [neo4j_connector] Query delta: <neo4j._sync.work.result.Result object at 0x00000228B2D69D60>
2024-11-17 19:28:14,595: neo4j_middleware.neo4jConnector: [neo4j_connector] Received response. 
2024-11-17 19:28:14,656: neo4j_middleware.neo4jConnector: [neo4j_connector] Running query: MERGE(n24616:ts20201130T174446:ConnectionNode:IfcRelAssociatesMaterial {GlobalId...
2024-11-17 19:28:14,728: neo4j_middleware.neo4jConnector: [neo4j_connector] Query delta: <neo4j._sync.work.result.Result object at 0x00000228B2863E50>
2024-11-17 19:28:14,765: neo4j_middleware.neo4jConnector: [neo4j_connector] Received response. 
2024-11-17 19:28:14,821: neo4j_middleware.neo4jConnector: [neo4j_connector] Running query: MERGE(n24598:ts20201130T174446:ConnectionNode:IfcRelAssociatesMaterial {GlobalId...
2024-11-17 19:28:14,899: neo4j_middleware.neo4jConnector: [neo4j_connector] Query delta: <neo4j._sync.work.result.Result object at 0x00000228B280AF40>
2024-11-17 19:28:14,947: neo4j_middleware.neo4jConnector: [neo4j_connector] Received response. 
2024-11-17 19:28:15,016: neo4j_middleware.neo4jConnector: [neo4j_connector] Running query: MERGE(n24592:ts20201130T174446:ConnectionNode:IfcRelAssociatesMaterial {GlobalId...
2024-11-17 19:28:15,088: neo4j_middleware.neo4jConnector: [neo4j_connector] Query delta: <neo4j._sync.work.result.Result object at 0x00000228B280A460>
2024-11-17 19:28:15,119: neo4j_middleware.neo4jConnector: [neo4j_connector] Received response. 
2024-11-17 19:28:15,185: neo4j_middleware.neo4jConnector: [neo4j_connector] Running query: MERGE(n24586:ts20201130T174446:ConnectionNode:IfcRelAssociatesMaterial {GlobalId...
2024-11-17 19:28:15,260: neo4j_middleware.neo4jConnector: [neo4j_connector] Query delta: <neo4j._sync.work.result.Result object at 0x00000228B281FFD0>
2024-11-17 19:28:15,288: neo4j_middleware.neo4jConnector: [neo4j_connector] Received response. 
2024-11-17 19:28:15,352: neo4j_middleware.neo4jConnector: [neo4j_connector] Running query: MERGE(n24577:ts20201130T174446:ConnectionNode:IfcRelAssociatesMaterial {GlobalId...
2024-11-17 19:28:15,430: neo4j_middleware.neo4jConnector: [neo4j_connector] Query delta: <neo4j._sync.work.result.Result object at 0x00000228B2810130>
2024-11-17 19:28:15,462: neo4j_middleware.neo4jConnector: [neo4j_connector] Received response. 
2024-11-17 19:28:15,530: neo4j_middleware.neo4jConnector: [neo4j_connector] Running query: MERGE(n24574:ts20201130T174446:ConnectionNode:IfcRelAssociatesMaterial {GlobalId...
2024-11-17 19:28:15,595: neo4j_middleware.neo4jConnector: [neo4j_connector] Query delta: <neo4j._sync.work.result.Result object at 0x00000228B27F51F0>
2024-11-17 19:28:15,629: neo4j_middleware.neo4jConnector: [neo4j_connector] Received response. 
2024-11-17 19:28:15,686: neo4j_middleware.neo4jConnector: [neo4j_connector] Running query: MERGE(n24568:ts20201130T174446:ConnectionNode:IfcRelAssociatesMaterial {GlobalId...
2024-11-17 19:28:15,764: neo4j_middleware.neo4jConnector: [neo4j_connector] Query delta: <neo4j._sync.work.result.Result object at 0x00000228B2D69880>
2024-11-17 19:28:15,804: neo4j_middleware.neo4jConnector: [neo4j_connector] Received response. 
2024-11-17 19:28:15,863: neo4j_middleware.neo4jConnector: [neo4j_connector] Running query: MERGE(n24562:ts20201130T174446:ConnectionNode:IfcRelAssociatesMaterial {GlobalId...
2024-11-17 19:28:15,946: neo4j_middleware.neo4jConnector: [neo4j_connector] Query delta: <neo4j._sync.work.result.Result object at 0x00000228B2D69E80>
2024-11-17 19:28:15,985: neo4j_middleware.neo4jConnector: [neo4j_connector] Received response. 
2024-11-17 19:28:16,049: neo4j_middleware.neo4jConnector: [neo4j_connector] Running query: MERGE(n24559:ts20201130T174446:ConnectionNode:IfcRelAssociatesMaterial {GlobalId...
2024-11-17 19:28:16,126: neo4j_middleware.neo4jConnector: [neo4j_connector] Query delta: <neo4j._sync.work.result.Result object at 0x00000228B280AC40>
2024-11-17 19:28:16,166: neo4j_middleware.neo4jConnector: [neo4j_connector] Received response. 
2024-11-17 19:28:16,221: neo4j_middleware.neo4jConnector: [neo4j_connector] Running query: MERGE(n24556:ts20201130T174446:ConnectionNode:IfcRelAssociatesMaterial {GlobalId...
2024-11-17 19:28:16,289: neo4j_middleware.neo4jConnector: [neo4j_connector] Query delta: <neo4j._sync.work.result.Result object at 0x00000228B2810D60>
2024-11-17 19:28:16,321: neo4j_middleware.neo4jConnector: [neo4j_connector] Received response. 
2024-11-17 19:28:16,384: neo4j_middleware.neo4jConnector: [neo4j_connector] Running query: MERGE(n24544:ts20201130T174446:SecondaryNode:IfcPropertySet {GlobalId:"29TFpHBYX...
2024-11-17 19:28:16,478: neo4j_middleware.neo4jConnector: [neo4j_connector] Query delta: <neo4j._sync.work.result.Result object at 0x00000228B2802F40>
2024-11-17 19:28:16,519: neo4j_middleware.neo4jConnector: [neo4j_connector] Received response. 
2024-11-17 19:28:16,585: neo4j_middleware.neo4jConnector: [neo4j_connector] Running query: MERGE(n24543:ts20201130T174446:SecondaryNode:IfcPropertySingleValue {Name:"IsLan...
2024-11-17 19:28:16,666: neo4j_middleware.neo4jConnector: [neo4j_connector] Query delta: <neo4j._sync.work.result.Result object at 0x00000228B281C130>
2024-11-17 19:28:16,707: neo4j_middleware.neo4jConnector: [neo4j_connector] Received response. 
2024-11-17 19:28:16,759: neo4j_middleware.neo4jConnector: [neo4j_connector] Running query: MERGE(n24537:ts20201130T174446:ConnectionNode:IfcRelAggregates {GlobalId:"29TFpH...
2024-11-17 19:28:16,837: neo4j_middleware.neo4jConnector: [neo4j_connector] Query delta: <neo4j._sync.work.result.Result object at 0x00000228B280A970>
2024-11-17 19:28:16,882: neo4j_middleware.neo4jConnector: [neo4j_connector] Received response. 
2024-11-17 19:28:16,939: neo4j_middleware.neo4jConnector: [neo4j_connector] Running query: MERGE(n24521:ts20201130T174446:ConnectionNode:IfcRelDefinesByProperties {GlobalI...
2024-11-17 19:28:17,010: neo4j_middleware.neo4jConnector: [neo4j_connector] Query delta: <neo4j._sync.work.result.Result object at 0x00000228B2863250>
2024-11-17 19:28:17,052: neo4j_middleware.neo4jConnector: [neo4j_connector] Received response. 
2024-11-17 19:28:17,121: neo4j_middleware.neo4jConnector: [neo4j_connector] Running query: MERGE(n24466:ts20201130T174446:ConnectionNode:IfcRelContainedInSpatialStructure ...
2024-11-17 19:28:17,203: neo4j_middleware.neo4jConnector: [neo4j_connector] Query delta: <neo4j._sync.work.result.Result object at 0x00000228B281C640>
2024-11-17 19:28:17,238: neo4j_middleware.neo4jConnector: [neo4j_connector] Received response. 
2024-11-17 19:28:17,301: neo4j_middleware.neo4jConnector: [neo4j_connector] Running query: MERGE(n24460:ts20201130T174446:SecondaryNode:IfcPropertySet {GlobalId:"29TFpHBYX...
2024-11-17 19:28:17,405: neo4j_middleware.neo4jConnector: [neo4j_connector] Query delta: <neo4j._sync.work.result.Result object at 0x00000228B280A0D0>
2024-11-17 19:28:17,447: neo4j_middleware.neo4jConnector: [neo4j_connector] Received response. 
2024-11-17 19:28:17,509: neo4j_middleware.neo4jConnector: [neo4j_connector] Running query: MERGE(n24453:ts20201130T174446:SecondaryNode:IfcPropertySet {GlobalId:"2Hot_6d71...
2024-11-17 19:28:17,592: neo4j_middleware.neo4jConnector: [neo4j_connector] Query delta: <neo4j._sync.work.result.Result object at 0x00000228B2810A30>
2024-11-17 19:28:17,635: neo4j_middleware.neo4jConnector: [neo4j_connector] Received response. 
2024-11-17 19:28:17,704: neo4j_middleware.neo4jConnector: [neo4j_connector] Running query: MERGE(n24451:ts20201130T174446:SecondaryNode:IfcPropertySet {GlobalId:"0wQknZQiX...
2024-11-17 19:28:17,772: neo4j_middleware.neo4jConnector: [neo4j_connector] Query delta: <neo4j._sync.work.result.Result object at 0x00000228B2D6D3A0>
2024-11-17 19:28:17,803: neo4j_middleware.neo4jConnector: [neo4j_connector] Received response. 
2024-11-17 19:28:17,854: neo4j_middleware.neo4jConnector: [neo4j_connector] Running query: MERGE(n24448:ts20201130T174446:ConnectionNode:IfcRelDefinesByProperties {GlobalI...
2024-11-17 19:28:17,934: neo4j_middleware.neo4jConnector: [neo4j_connector] Query delta: <neo4j._sync.work.result.Result object at 0x00000228B28104C0>
2024-11-17 19:28:17,965: neo4j_middleware.neo4jConnector: [neo4j_connector] Received response. 
2024-11-17 19:28:18,029: neo4j_middleware.neo4jConnector: [neo4j_connector] Running query: MERGE(n24441:ts20201130T174446:ConnectionNode:IfcRelDefinesByProperties {GlobalI...
2024-11-17 19:28:18,107: neo4j_middleware.neo4jConnector: [neo4j_connector] Query delta: <neo4j._sync.work.result.Result object at 0x00000228B280AB80>
2024-11-17 19:28:18,154: neo4j_middleware.neo4jConnector: [neo4j_connector] Received response. 
2024-11-17 19:28:18,216: neo4j_middleware.neo4jConnector: [neo4j_connector] Running query: MERGE(n24437:ts20201130T174446:ConnectionNode:IfcRelDefinesByProperties {GlobalI...
2024-11-17 19:28:18,280: neo4j_middleware.neo4jConnector: [neo4j_connector] Query delta: <neo4j._sync.work.result.Result object at 0x00000228B281C9D0>
2024-11-17 19:28:18,327: neo4j_middleware.neo4jConnector: [neo4j_connector] Received response. 
2024-11-17 19:28:18,388: neo4j_middleware.neo4jConnector: [neo4j_connector] Running query: MERGE(n24423:ts20201130T174446:ConnectionNode:IfcRelDefinesByProperties {GlobalI...
2024-11-17 19:28:18,464: neo4j_middleware.neo4jConnector: [neo4j_connector] Query delta: <neo4j._sync.work.result.Result object at 0x00000228B27F5370>
2024-11-17 19:28:18,499: neo4j_middleware.neo4jConnector: [neo4j_connector] Received response. 
2024-11-17 19:28:18,562: neo4j_middleware.neo4jConnector: [neo4j_connector] Running query: MERGE(n24416:ts20201130T174446:ConnectionNode:IfcRelDefinesByProperties {GlobalI...
2024-11-17 19:28:18,640: neo4j_middleware.neo4jConnector: [neo4j_connector] Query delta: <neo4j._sync.work.result.Result object at 0x00000228B280A100>
2024-11-17 19:28:18,671: neo4j_middleware.neo4jConnector: [neo4j_connector] Received response. 
2024-11-17 19:28:18,734: neo4j_middleware.neo4jConnector: [neo4j_connector] Running query: MERGE(n24413:ts20201130T174446:ConnectionNode:IfcRelDefinesByProperties {GlobalI...
2024-11-17 19:28:18,805: neo4j_middleware.neo4jConnector: [neo4j_connector] Query delta: <neo4j._sync.work.result.Result object at 0x00000228B2810F10>
2024-11-17 19:28:18,865: neo4j_middleware.neo4jConnector: [neo4j_connector] Received response. 
2024-11-17 19:28:18,925: neo4j_middleware.neo4jConnector: [neo4j_connector] Running query: MERGE(n24409:ts20201130T174446:ConnectionNode:IfcRelDefinesByProperties {GlobalI...
2024-11-17 19:28:18,992: neo4j_middleware.neo4jConnector: [neo4j_connector] Query delta: <neo4j._sync.work.result.Result object at 0x00000228B27F20D0>
2024-11-17 19:28:19,025: neo4j_middleware.neo4jConnector: [neo4j_connector] Received response. 
2024-11-17 19:28:19,102: neo4j_middleware.neo4jConnector: [neo4j_connector] Running query: MERGE(n24406:ts20201130T174446:ConnectionNode:IfcRelDefinesByProperties {GlobalI...
2024-11-17 19:28:19,164: neo4j_middleware.neo4jConnector: [neo4j_connector] Query delta: <neo4j._sync.work.result.Result object at 0x00000228B27F5BB0>
2024-11-17 19:28:19,196: neo4j_middleware.neo4jConnector: [neo4j_connector] Received response. 
2024-11-17 19:28:19,266: neo4j_middleware.neo4jConnector: [neo4j_connector] Running query: MERGE(n24399:ts20201130T174446:ConnectionNode:IfcRelDefinesByProperties {GlobalI...
2024-11-17 19:28:19,344: neo4j_middleware.neo4jConnector: [neo4j_connector] Query delta: <neo4j._sync.work.result.Result object at 0x00000228B2D6D460>
2024-11-17 19:28:19,376: neo4j_middleware.neo4jConnector: [neo4j_connector] Received response. 
2024-11-17 19:28:19,444: neo4j_middleware.neo4jConnector: [neo4j_connector] Running query: MERGE(n24395:ts20201130T174446:ConnectionNode:IfcRelDefinesByProperties {GlobalI...
2024-11-17 19:28:19,522: neo4j_middleware.neo4jConnector: [neo4j_connector] Query delta: <neo4j._sync.work.result.Result object at 0x00000228B28027C0>
2024-11-17 19:28:19,555: neo4j_middleware.neo4jConnector: [neo4j_connector] Received response. 
2024-11-17 19:28:19,618: neo4j_middleware.neo4jConnector: [neo4j_connector] Running query: MERGE(n24392:ts20201130T174446:ConnectionNode:IfcRelDefinesByProperties {GlobalI...
2024-11-17 19:28:19,681: neo4j_middleware.neo4jConnector: [neo4j_connector] Query delta: <neo4j._sync.work.result.Result object at 0x00000228B2802970>
2024-11-17 19:28:19,728: neo4j_middleware.neo4jConnector: [neo4j_connector] Received response. 
2024-11-17 19:28:19,797: neo4j_middleware.neo4jConnector: [neo4j_connector] Running query: MERGE(n24388:ts20201130T174446:ConnectionNode:IfcRelDefinesByProperties {GlobalI...
2024-11-17 19:28:19,876: neo4j_middleware.neo4jConnector: [neo4j_connector] Query delta: <neo4j._sync.work.result.Result object at 0x00000228B2D6DC40>
2024-11-17 19:28:19,907: neo4j_middleware.neo4jConnector: [neo4j_connector] Received response. 
2024-11-17 19:28:19,974: neo4j_middleware.neo4jConnector: [neo4j_connector] Running query: MERGE(n24385:ts20201130T174446:ConnectionNode:IfcRelDefinesByProperties {GlobalI...
2024-11-17 19:28:20,047: neo4j_middleware.neo4jConnector: [neo4j_connector] Query delta: <neo4j._sync.work.result.Result object at 0x00000228B280ADC0>
2024-11-17 19:28:20,079: neo4j_middleware.neo4jConnector: [neo4j_connector] Received response. 
2024-11-17 19:28:20,140: neo4j_middleware.neo4jConnector: [neo4j_connector] Running query: MERGE(n24381:ts20201130T174446:ConnectionNode:IfcRelDefinesByProperties {GlobalI...
2024-11-17 19:28:20,203: neo4j_middleware.neo4jConnector: [neo4j_connector] Query delta: <neo4j._sync.work.result.Result object at 0x00000228B281F070>
2024-11-17 19:28:20,255: neo4j_middleware.neo4jConnector: [neo4j_connector] Received response. 
2024-11-17 19:28:20,313: neo4j_middleware.neo4jConnector: [neo4j_connector] Running query: MERGE(n24371:ts20201130T174446:ConnectionNode:IfcRelDefinesByProperties {GlobalI...
2024-11-17 19:28:20,391: neo4j_middleware.neo4jConnector: [neo4j_connector] Query delta: <neo4j._sync.work.result.Result object at 0x00000228B281F9A0>
2024-11-17 19:28:20,437: neo4j_middleware.neo4jConnector: [neo4j_connector] Received response. 
2024-11-17 19:28:20,497: neo4j_middleware.neo4jConnector: [neo4j_connector] Running query: MERGE(n24367:ts20201130T174446:ConnectionNode:IfcRelDefinesByProperties {GlobalI...
2024-11-17 19:28:20,573: neo4j_middleware.neo4jConnector: [neo4j_connector] Query delta: <neo4j._sync.work.result.Result object at 0x00000228B2D6D280>
2024-11-17 19:28:20,610: neo4j_middleware.neo4jConnector: [neo4j_connector] Received response. 
2024-11-17 19:28:20,669: neo4j_middleware.neo4jConnector: [neo4j_connector] Running query: MERGE(n24357:ts20201130T174446:ConnectionNode:IfcRelDefinesByProperties {GlobalI...
2024-11-17 19:28:20,741: neo4j_middleware.neo4jConnector: [neo4j_connector] Query delta: <neo4j._sync.work.result.Result object at 0x00000228B2802370>
2024-11-17 19:28:20,777: neo4j_middleware.neo4jConnector: [neo4j_connector] Received response. 
2024-11-17 19:28:20,834: neo4j_middleware.neo4jConnector: [neo4j_connector] Running query: MERGE(n24353:ts20201130T174446:ConnectionNode:IfcRelDefinesByProperties {GlobalI...
2024-11-17 19:28:20,901: neo4j_middleware.neo4jConnector: [neo4j_connector] Query delta: <neo4j._sync.work.result.Result object at 0x00000228B2802730>
2024-11-17 19:28:20,940: neo4j_middleware.neo4jConnector: [neo4j_connector] Received response. 
2024-11-17 19:28:21,006: neo4j_middleware.neo4jConnector: [neo4j_connector] Running query: MERGE(n24350:ts20201130T174446:ConnectionNode:IfcRelDefinesByProperties {GlobalI...
2024-11-17 19:28:21,091: neo4j_middleware.neo4jConnector: [neo4j_connector] Query delta: <neo4j._sync.work.result.Result object at 0x00000228B27F5370>
2024-11-17 19:28:21,120: neo4j_middleware.neo4jConnector: [neo4j_connector] Received response. 
2024-11-17 19:28:21,189: neo4j_middleware.neo4jConnector: [neo4j_connector] Running query: MERGE(n24343:ts20201130T174446:ConnectionNode:IfcRelDefinesByProperties {GlobalI...
2024-11-17 19:28:21,321: neo4j_middleware.neo4jConnector: [neo4j_connector] Query delta: <neo4j._sync.work.result.Result object at 0x00000228B281F160>
2024-11-17 19:28:21,363: neo4j_middleware.neo4jConnector: [neo4j_connector] Received response. 
2024-11-17 19:28:21,426: neo4j_middleware.neo4jConnector: [neo4j_connector] Running query: MERGE(n24339:ts20201130T174446:ConnectionNode:IfcRelDefinesByProperties {GlobalI...
2024-11-17 19:28:21,488: neo4j_middleware.neo4jConnector: [neo4j_connector] Query delta: <neo4j._sync.work.result.Result object at 0x00000228B2863BB0>
2024-11-17 19:28:21,529: neo4j_middleware.neo4jConnector: [neo4j_connector] Received response. 
2024-11-17 19:28:21,585: neo4j_middleware.neo4jConnector: [neo4j_connector] Running query: MERGE(n24329:ts20201130T174446:ConnectionNode:IfcRelDefinesByProperties {GlobalI...
2024-11-17 19:28:21,668: neo4j_middleware.neo4jConnector: [neo4j_connector] Query delta: <neo4j._sync.work.result.Result object at 0x00000228B280ACA0>
2024-11-17 19:28:21,704: neo4j_middleware.neo4jConnector: [neo4j_connector] Received response. 
2024-11-17 19:28:21,765: neo4j_middleware.neo4jConnector: [neo4j_connector] Running query: MERGE(n24325:ts20201130T174446:ConnectionNode:IfcRelDefinesByProperties {GlobalI...
2024-11-17 19:28:21,840: neo4j_middleware.neo4jConnector: [neo4j_connector] Query delta: <neo4j._sync.work.result.Result object at 0x00000228B2D6D790>
2024-11-17 19:28:21,877: neo4j_middleware.neo4jConnector: [neo4j_connector] Received response. 
2024-11-17 19:28:21,940: neo4j_middleware.neo4jConnector: [neo4j_connector] Running query: MERGE(n24318:ts20201130T174446:ConnectionNode:IfcRelDefinesByProperties {GlobalI...
2024-11-17 19:28:22,002: neo4j_middleware.neo4jConnector: [neo4j_connector] Query delta: <neo4j._sync.work.result.Result object at 0x00000228B2802160>
2024-11-17 19:28:22,034: neo4j_middleware.neo4jConnector: [neo4j_connector] Received response. 
2024-11-17 19:28:22,112: neo4j_middleware.neo4jConnector: [neo4j_connector] Running query: MERGE(n24315:ts20201130T174446:ConnectionNode:IfcRelDefinesByProperties {GlobalI...
2024-11-17 19:28:22,175: neo4j_middleware.neo4jConnector: [neo4j_connector] Query delta: <neo4j._sync.work.result.Result object at 0x00000228B2D6D7F0>
2024-11-17 19:28:22,222: neo4j_middleware.neo4jConnector: [neo4j_connector] Received response. 
2024-11-17 19:28:22,285: neo4j_middleware.neo4jConnector: [neo4j_connector] Running query: MERGE(n24308:ts20201130T174446:ConnectionNode:IfcRelDefinesByProperties {GlobalI...
2024-11-17 19:28:22,369: neo4j_middleware.neo4jConnector: [neo4j_connector] Query delta: <neo4j._sync.work.result.Result object at 0x00000228B2D6D130>
2024-11-17 19:28:22,407: neo4j_middleware.neo4jConnector: [neo4j_connector] Received response. 
2024-11-17 19:28:22,466: neo4j_middleware.neo4jConnector: [neo4j_connector] Running query: MERGE(n24301:ts20201130T174446:ConnectionNode:IfcRelDefinesByProperties {GlobalI...
2024-11-17 19:28:22,536: neo4j_middleware.neo4jConnector: [neo4j_connector] Query delta: <neo4j._sync.work.result.Result object at 0x00000228B281F790>
2024-11-17 19:28:22,569: neo4j_middleware.neo4jConnector: [neo4j_connector] Received response. 
2024-11-17 19:28:22,631: neo4j_middleware.neo4jConnector: [neo4j_connector] Running query: MERGE(n24297:ts20201130T174446:ConnectionNode:IfcRelDefinesByProperties {GlobalI...
2024-11-17 19:28:22,710: neo4j_middleware.neo4jConnector: [neo4j_connector] Query delta: <neo4j._sync.work.result.Result object at 0x00000228B281CB50>
2024-11-17 19:28:22,750: neo4j_middleware.neo4jConnector: [neo4j_connector] Received response. 
2024-11-17 19:28:22,816: neo4j_middleware.neo4jConnector: [neo4j_connector] Running query: MERGE(n24283:ts20201130T174446:ConnectionNode:IfcRelDefinesByProperties {GlobalI...
2024-11-17 19:28:22,886: neo4j_middleware.neo4jConnector: [neo4j_connector] Query delta: <neo4j._sync.work.result.Result object at 0x00000228B281F280>
2024-11-17 19:28:22,919: neo4j_middleware.neo4jConnector: [neo4j_connector] Received response. 
2024-11-17 19:28:22,983: neo4j_middleware.neo4jConnector: [neo4j_connector] Running query: MERGE(n24273:ts20201130T174446:ConnectionNode:IfcRelDefinesByProperties {GlobalI...
2024-11-17 19:28:23,061: neo4j_middleware.neo4jConnector: [neo4j_connector] Query delta: <neo4j._sync.work.result.Result object at 0x00000228B280A1C0>
2024-11-17 19:28:23,092: neo4j_middleware.neo4jConnector: [neo4j_connector] Received response. 
2024-11-17 19:28:23,155: neo4j_middleware.neo4jConnector: [neo4j_connector] Running query: MERGE(n24269:ts20201130T174446:ConnectionNode:IfcRelDefinesByProperties {GlobalI...
2024-11-17 19:28:23,238: neo4j_middleware.neo4jConnector: [neo4j_connector] Query delta: <neo4j._sync.work.result.Result object at 0x00000228B28021F0>
2024-11-17 19:28:23,261: neo4j_middleware.neo4jConnector: [neo4j_connector] Received response. 
2024-11-17 19:28:23,334: neo4j_middleware.neo4jConnector: [neo4j_connector] Running query: MERGE(n24262:ts20201130T174446:ConnectionNode:IfcRelDefinesByProperties {GlobalI...
2024-11-17 19:28:23,405: neo4j_middleware.neo4jConnector: [neo4j_connector] Query delta: <neo4j._sync.work.result.Result object at 0x00000228B2D6D5B0>
2024-11-17 19:28:23,442: neo4j_middleware.neo4jConnector: [neo4j_connector] Received response. 
2024-11-17 19:28:23,504: neo4j_middleware.neo4jConnector: [neo4j_connector] Running query: MERGE(n24259:ts20201130T174446:ConnectionNode:IfcRelDefinesByProperties {GlobalI...
2024-11-17 19:28:23,579: neo4j_middleware.neo4jConnector: [neo4j_connector] Query delta: <neo4j._sync.work.result.Result object at 0x00000228B280AC40>
2024-11-17 19:28:23,627: neo4j_middleware.neo4jConnector: [neo4j_connector] Received response. 
2024-11-17 19:28:23,685: neo4j_middleware.neo4jConnector: [neo4j_connector] Running query: MERGE(n24255:ts20201130T174446:ConnectionNode:IfcRelDefinesByProperties {GlobalI...
2024-11-17 19:28:23,743: neo4j_middleware.neo4jConnector: [neo4j_connector] Query delta: <neo4j._sync.work.result.Result object at 0x00000228B281F9A0>
2024-11-17 19:28:24,097: neo4j_middleware.neo4jConnector: [neo4j_connector] Received response. 
2024-11-17 19:28:24,160: neo4j_middleware.neo4jConnector: [neo4j_connector] Running query: MERGE(n24248:ts20201130T174446:ConnectionNode:IfcRelDefinesByProperties {GlobalI...
2024-11-17 19:28:24,231: neo4j_middleware.neo4jConnector: [neo4j_connector] Query delta: <neo4j._sync.work.result.Result object at 0x00000228B2D69F10>
2024-11-17 19:28:24,267: neo4j_middleware.neo4jConnector: [neo4j_connector] Received response. 
2024-11-17 19:28:24,335: neo4j_middleware.neo4jConnector: [neo4j_connector] Running query: MERGE(n24245:ts20201130T174446:ConnectionNode:IfcRelDefinesByProperties {GlobalI...
2024-11-17 19:28:24,411: neo4j_middleware.neo4jConnector: [neo4j_connector] Query delta: <neo4j._sync.work.result.Result object at 0x00000228B281CCA0>
2024-11-17 19:28:24,443: neo4j_middleware.neo4jConnector: [neo4j_connector] Received response. 
2024-11-17 19:28:24,505: neo4j_middleware.neo4jConnector: [neo4j_connector] Running query: MERGE(n24231:ts20201130T174446:ConnectionNode:IfcRelDefinesByProperties {GlobalI...
2024-11-17 19:28:24,568: neo4j_middleware.neo4jConnector: [neo4j_connector] Query delta: <neo4j._sync.work.result.Result object at 0x00000228B280A100>
2024-11-17 19:28:24,615: neo4j_middleware.neo4jConnector: [neo4j_connector] Received response. 
2024-11-17 19:28:24,678: neo4j_middleware.neo4jConnector: [neo4j_connector] Running query: MERGE(n24224:ts20201130T174446:ConnectionNode:IfcRelDefinesByProperties {GlobalI...
2024-11-17 19:28:24,745: neo4j_middleware.neo4jConnector: [neo4j_connector] Query delta: <neo4j._sync.work.result.Result object at 0x00000228B2D6D130>
2024-11-17 19:28:24,776: neo4j_middleware.neo4jConnector: [neo4j_connector] Received response. 
2024-11-17 19:28:24,855: neo4j_middleware.neo4jConnector: [neo4j_connector] Running query: MERGE(n24220:ts20201130T174446:ConnectionNode:IfcRelDefinesByProperties {GlobalI...
2024-11-17 19:28:24,918: neo4j_middleware.neo4jConnector: [neo4j_connector] Query delta: <neo4j._sync.work.result.Result object at 0x00000228B2D6D400>
2024-11-17 19:28:24,965: neo4j_middleware.neo4jConnector: [neo4j_connector] Received response. 
2024-11-17 19:28:25,012: neo4j_middleware.neo4jConnector: [neo4j_connector] Running query: MERGE(n24217:ts20201130T174446:ConnectionNode:IfcRelDefinesByProperties {GlobalI...
2024-11-17 19:28:25,096: neo4j_middleware.neo4jConnector: [neo4j_connector] Query delta: <neo4j._sync.work.result.Result object at 0x00000228B280A700>
2024-11-17 19:28:25,143: neo4j_middleware.neo4jConnector: [neo4j_connector] Received response. 
2024-11-17 19:28:25,205: neo4j_middleware.neo4jConnector: [neo4j_connector] Running query: MERGE(n24213:ts20201130T174446:ConnectionNode:IfcRelDefinesByProperties {GlobalI...
2024-11-17 19:28:25,315: neo4j_middleware.neo4jConnector: [neo4j_connector] Query delta: <neo4j._sync.work.result.Result object at 0x00000228B2863640>
2024-11-17 19:28:25,363: neo4j_middleware.neo4jConnector: [neo4j_connector] Received response. 
2024-11-17 19:28:25,439: neo4j_middleware.neo4jConnector: [neo4j_connector] Running query: MERGE(n24210:ts20201130T174446:ConnectionNode:IfcRelDefinesByProperties {GlobalI...
2024-11-17 19:28:25,537: neo4j_middleware.neo4jConnector: [neo4j_connector] Query delta: <neo4j._sync.work.result.Result object at 0x00000228B2D69D00>
2024-11-17 19:28:25,578: neo4j_middleware.neo4jConnector: [neo4j_connector] Received response. 
2024-11-17 19:28:25,637: neo4j_middleware.neo4jConnector: [neo4j_connector] Running query: MERGE(n24185:ts20201130T174446:ConnectionNode:IfcRelDefinesByProperties {GlobalI...
2024-11-17 19:28:25,717: neo4j_middleware.neo4jConnector: [neo4j_connector] Query delta: <neo4j._sync.work.result.Result object at 0x00000228B2D6F370>
2024-11-17 19:28:25,752: neo4j_middleware.neo4jConnector: [neo4j_connector] Received response. 
2024-11-17 19:28:25,821: neo4j_middleware.neo4jConnector: [neo4j_connector] Running query: MERGE(n24175:ts20201130T174446:ConnectionNode:IfcRelDefinesByProperties {GlobalI...
2024-11-17 19:28:25,893: neo4j_middleware.neo4jConnector: [neo4j_connector] Query delta: <neo4j._sync.work.result.Result object at 0x00000228B280A3A0>
2024-11-17 19:28:25,912: neo4j_middleware.neo4jConnector: [neo4j_connector] Received response. 
2024-11-17 19:28:25,988: neo4j_middleware.neo4jConnector: [neo4j_connector] Running query: MERGE(n24168:ts20201130T174446:ConnectionNode:IfcRelDefinesByProperties {GlobalI...
2024-11-17 19:28:26,059: neo4j_middleware.neo4jConnector: [neo4j_connector] Query delta: <neo4j._sync.work.result.Result object at 0x00000228B2D6D760>
2024-11-17 19:28:26,100: neo4j_middleware.neo4jConnector: [neo4j_connector] Received response. 
2024-11-17 19:28:26,172: neo4j_middleware.neo4jConnector: [neo4j_connector] Running query: MERGE(n24157:ts20201130T174446:ConnectionNode:IfcRelDefinesByProperties {GlobalI...
2024-11-17 19:28:26,244: neo4j_middleware.neo4jConnector: [neo4j_connector] Query delta: <neo4j._sync.work.result.Result object at 0x00000228B27F5730>
2024-11-17 19:28:26,281: neo4j_middleware.neo4jConnector: [neo4j_connector] Received response. 
2024-11-17 19:28:26,348: neo4j_middleware.neo4jConnector: [neo4j_connector] Running query: MERGE(n24147:ts20201130T174446:ConnectionNode:IfcRelDefinesByProperties {GlobalI...
2024-11-17 19:28:26,426: neo4j_middleware.neo4jConnector: [neo4j_connector] Query delta: <neo4j._sync.work.result.Result object at 0x00000228B280A430>
2024-11-17 19:28:26,459: neo4j_middleware.neo4jConnector: [neo4j_connector] Received response. 
2024-11-17 19:28:26,520: neo4j_middleware.neo4jConnector: [neo4j_connector] Running query: MERGE(n24138:ts20201130T174446:SecondaryNode:IfcPropertySingleValue {Name:"Span"...
2024-11-17 19:28:26,595: neo4j_middleware.neo4jConnector: [neo4j_connector] Query delta: <neo4j._sync.work.result.Result object at 0x00000228B2D6F3D0>
2024-11-17 19:28:26,638: neo4j_middleware.neo4jConnector: [neo4j_connector] Received response. 
2024-11-17 19:28:26,701: neo4j_middleware.neo4jConnector: [neo4j_connector] Running query: MERGE(n24133:ts20201130T174446:SecondaryNode:IfcPropertySingleValue {Name:"Span"...
2024-11-17 19:28:26,766: neo4j_middleware.neo4jConnector: [neo4j_connector] Query delta: <neo4j._sync.work.result.Result object at 0x00000228B27F20D0>
2024-11-17 19:28:26,807: neo4j_middleware.neo4jConnector: [neo4j_connector] Received response. 
2024-11-17 19:28:26,871: neo4j_middleware.neo4jConnector: [neo4j_connector] Running query: MERGE(n24128:ts20201130T174446:SecondaryNode:IfcPropertySingleValue {Name:"Span"...
2024-11-17 19:28:26,938: neo4j_middleware.neo4jConnector: [neo4j_connector] Query delta: <neo4j._sync.work.result.Result object at 0x00000228B2D6F1F0>
2024-11-17 19:28:26,977: neo4j_middleware.neo4jConnector: [neo4j_connector] Received response. 
2024-11-17 19:28:27,060: neo4j_middleware.neo4jConnector: [neo4j_connector] Running query: MERGE(n24124:ts20201130T174446:SecondaryNode:IfcPropertySet {GlobalId:"1s5utE$rD...
2024-11-17 19:28:27,123: neo4j_middleware.neo4jConnector: [neo4j_connector] Query delta: <neo4j._sync.work.result.Result object at 0x00000228B2D69970>
2024-11-17 19:28:27,148: neo4j_middleware.neo4jConnector: [neo4j_connector] Received response. 
2024-11-17 19:28:27,209: neo4j_middleware.neo4jConnector: [neo4j_connector] Running query: MERGE(n24123:ts20201130T174446:SecondaryNode:IfcPropertySingleValue {Name:"Span"...
2024-11-17 19:28:27,290: neo4j_middleware.neo4jConnector: [neo4j_connector] Query delta: <neo4j._sync.work.result.Result object at 0x00000228B2D6D8B0>
2024-11-17 19:28:27,324: neo4j_middleware.neo4jConnector: [neo4j_connector] Received response. 
2024-11-17 19:28:27,413: neo4j_middleware.neo4jConnector: [neo4j_connector] Running query: MERGE(n24118:ts20201130T174446:SecondaryNode:IfcPropertySingleValue {Name:"Span"...
2024-11-17 19:28:27,487: neo4j_middleware.neo4jConnector: [neo4j_connector] Query delta: <neo4j._sync.work.result.Result object at 0x00000228B27F20D0>
2024-11-17 19:28:27,541: neo4j_middleware.neo4jConnector: [neo4j_connector] Received response. 
2024-11-17 19:28:27,610: neo4j_middleware.neo4jConnector: [neo4j_connector] Running query: MERGE(n24113:ts20201130T174446:SecondaryNode:IfcPropertySingleValue {Name:"Span"...
2024-11-17 19:28:27,683: neo4j_middleware.neo4jConnector: [neo4j_connector] Query delta: <neo4j._sync.work.result.Result object at 0x00000228B2D6D640>
2024-11-17 19:28:27,718: neo4j_middleware.neo4jConnector: [neo4j_connector] Received response. 
2024-11-17 19:28:27,789: neo4j_middleware.neo4jConnector: [neo4j_connector] Running query: MERGE(n24109:ts20201130T174446:SecondaryNode:IfcPropertySet {GlobalId:"1s5utE$rD...
2024-11-17 19:28:27,861: neo4j_middleware.neo4jConnector: [neo4j_connector] Query delta: <neo4j._sync.work.result.Result object at 0x00000228B2810D30>
2024-11-17 19:28:27,885: neo4j_middleware.neo4jConnector: [neo4j_connector] Received response. 
2024-11-17 19:28:27,962: neo4j_middleware.neo4jConnector: [neo4j_connector] Running query: MERGE(n24108:ts20201130T174446:SecondaryNode:IfcPropertySingleValue {Name:"Span"...
2024-11-17 19:28:28,024: neo4j_middleware.neo4jConnector: [neo4j_connector] Query delta: <neo4j._sync.work.result.Result object at 0x00000228B2810640>
2024-11-17 19:28:28,076: neo4j_middleware.neo4jConnector: [neo4j_connector] Received response. 
2024-11-17 19:28:28,140: neo4j_middleware.neo4jConnector: [neo4j_connector] Running query: MERGE(n24106:ts20201130T174446:SecondaryNode:IfcPropertySet {GlobalId:"1HlwzEHjX...
2024-11-17 19:28:28,205: neo4j_middleware.neo4jConnector: [neo4j_connector] Query delta: <neo4j._sync.work.result.Result object at 0x00000228B2D6D130>
2024-11-17 19:28:28,251: neo4j_middleware.neo4jConnector: [neo4j_connector] Received response. 
2024-11-17 19:28:28,327: neo4j_middleware.neo4jConnector: [neo4j_connector] Running query: MERGE(n24104:ts20201130T174446:SecondaryNode:IfcPropertySet {GlobalId:"1s5utE$rD...
2024-11-17 19:28:28,400: neo4j_middleware.neo4jConnector: [neo4j_connector] Query delta: <neo4j._sync.work.result.Result object at 0x00000228B2863AF0>
2024-11-17 19:28:28,440: neo4j_middleware.neo4jConnector: [neo4j_connector] Received response. 
2024-11-17 19:28:28,506: neo4j_middleware.neo4jConnector: [neo4j_connector] Running query: MERGE(n24094:ts20201130T174446:SecondaryNode:IfcPropertySet {GlobalId:"1s5utE$rD...
2024-11-17 19:28:28,581: neo4j_middleware.neo4jConnector: [neo4j_connector] Query delta: <neo4j._sync.work.result.Result object at 0x00000228B28636A0>
2024-11-17 19:28:28,616: neo4j_middleware.neo4jConnector: [neo4j_connector] Received response. 
2024-11-17 19:28:28,681: neo4j_middleware.neo4jConnector: [neo4j_connector] Running query: MERGE(n24093:ts20201130T174446:SecondaryNode:IfcPropertySingleValue {Name:"Span"...
2024-11-17 19:28:28,756: neo4j_middleware.neo4jConnector: [neo4j_connector] Query delta: <neo4j._sync.work.result.Result object at 0x00000228B2D69E80>
2024-11-17 19:28:28,798: neo4j_middleware.neo4jConnector: [neo4j_connector] Received response. 
2024-11-17 19:28:28,862: neo4j_middleware.neo4jConnector: [neo4j_connector] Running query: MERGE(n24089:ts20201130T174446:SecondaryNode:IfcPropertySet {GlobalId:"1s5utE$rD...
2024-11-17 19:28:28,951: neo4j_middleware.neo4jConnector: [neo4j_connector] Query delta: <neo4j._sync.work.result.Result object at 0x00000228B2D6DFA0>
2024-11-17 19:28:28,997: neo4j_middleware.neo4jConnector: [neo4j_connector] Received response. 
2024-11-17 19:28:29,078: neo4j_middleware.neo4jConnector: [neo4j_connector] Running query: MERGE(n24086:ts20201130T174446:SecondaryNode:IfcPropertySet {GlobalId:"2BDbOTe79...
2024-11-17 19:28:29,167: neo4j_middleware.neo4jConnector: [neo4j_connector] Query delta: <neo4j._sync.work.result.Result object at 0x00000228B281FDC0>
2024-11-17 19:28:29,209: neo4j_middleware.neo4jConnector: [neo4j_connector] Received response. 
2024-11-17 19:28:29,278: neo4j_middleware.neo4jConnector: [neo4j_connector] Running query: MERGE(n24079:ts20201130T174446:SecondaryNode:IfcPropertySet {GlobalId:"1s5utE$rD...
2024-11-17 19:28:29,346: neo4j_middleware.neo4jConnector: [neo4j_connector] Query delta: <neo4j._sync.work.result.Result object at 0x00000228B2810F70>
2024-11-17 19:28:29,386: neo4j_middleware.neo4jConnector: [neo4j_connector] Received response. 
2024-11-17 19:28:29,454: neo4j_middleware.neo4jConnector: [neo4j_connector] Running query: MERGE(n24078:ts20201130T174446:SecondaryNode:IfcPropertySingleValue {Name:"Span"...
2024-11-17 19:28:29,528: neo4j_middleware.neo4jConnector: [neo4j_connector] Query delta: <neo4j._sync.work.result.Result object at 0x00000228B2D69CA0>
2024-11-17 19:28:29,568: neo4j_middleware.neo4jConnector: [neo4j_connector] Received response. 
2024-11-17 19:28:29,619: neo4j_middleware.neo4jConnector: [neo4j_connector] Running query: MERGE(n24074:ts20201130T174446:SecondaryNode:IfcPropertySet {GlobalId:"1s5utE$rD...
2024-11-17 19:28:29,707: neo4j_middleware.neo4jConnector: [neo4j_connector] Query delta: <neo4j._sync.work.result.Result object at 0x00000228B28636A0>
2024-11-17 19:28:29,747: neo4j_middleware.neo4jConnector: [neo4j_connector] Received response. 
2024-11-17 19:28:29,810: neo4j_middleware.neo4jConnector: [neo4j_connector] Running query: MERGE(n24071:ts20201130T174446:SecondaryNode:IfcPropertySet {GlobalId:"3O3Vo_MoD...
2024-11-17 19:28:29,879: neo4j_middleware.neo4jConnector: [neo4j_connector] Query delta: <neo4j._sync.work.result.Result object at 0x00000228B281F580>
2024-11-17 19:28:29,912: neo4j_middleware.neo4jConnector: [neo4j_connector] Received response. 
2024-11-17 19:28:29,985: neo4j_middleware.neo4jConnector: [neo4j_connector] Running query: MERGE(n24064:ts20201130T174446:SecondaryNode:IfcPropertySet {GlobalId:"1s5utE$rD...
2024-11-17 19:28:30,044: neo4j_middleware.neo4jConnector: [neo4j_connector] Query delta: <neo4j._sync.work.result.Result object at 0x00000228B2863EB0>
2024-11-17 19:28:30,099: neo4j_middleware.neo4jConnector: [neo4j_connector] Received response. 
2024-11-17 19:28:30,167: neo4j_middleware.neo4jConnector: [neo4j_connector] Running query: MERGE(n24063:ts20201130T174446:SecondaryNode:IfcPropertySingleValue {Name:"Span"...
2024-11-17 19:28:30,240: neo4j_middleware.neo4jConnector: [neo4j_connector] Query delta: <neo4j._sync.work.result.Result object at 0x00000228B2D6D700>
2024-11-17 19:28:30,283: neo4j_middleware.neo4jConnector: [neo4j_connector] Received response. 
2024-11-17 19:28:30,342: neo4j_middleware.neo4jConnector: [neo4j_connector] Running query: MERGE(n24059:ts20201130T174446:SecondaryNode:IfcPropertySet {GlobalId:"1s5utE$rD...
2024-11-17 19:28:30,421: neo4j_middleware.neo4jConnector: [neo4j_connector] Query delta: <neo4j._sync.work.result.Result object at 0x00000228B28109D0>
2024-11-17 19:28:30,460: neo4j_middleware.neo4jConnector: [neo4j_connector] Received response. 
2024-11-17 19:28:30,522: neo4j_middleware.neo4jConnector: [neo4j_connector] Running query: MERGE(n24053:ts20201130T174446:SecondaryNode:IfcPropertySingleValue {Name:"Span"...
2024-11-17 19:28:30,599: neo4j_middleware.neo4jConnector: [neo4j_connector] Query delta: <neo4j._sync.work.result.Result object at 0x00000228B2D6D070>
2024-11-17 19:28:30,633: neo4j_middleware.neo4jConnector: [neo4j_connector] Received response. 
2024-11-17 19:28:30,699: neo4j_middleware.neo4jConnector: [neo4j_connector] Running query: MERGE(n24049:ts20201130T174446:SecondaryNode:IfcPropertySet {GlobalId:"1s5utE$rD...
2024-11-17 19:28:30,765: neo4j_middleware.neo4jConnector: [neo4j_connector] Query delta: <neo4j._sync.work.result.Result object at 0x00000228B2D6DCD0>
2024-11-17 19:28:30,802: neo4j_middleware.neo4jConnector: [neo4j_connector] Received response. 
2024-11-17 19:28:30,868: neo4j_middleware.neo4jConnector: [neo4j_connector] Running query: MERGE(n24048:ts20201130T174446:SecondaryNode:IfcPropertySingleValue {Name:"Span"...
2024-11-17 19:28:30,934: neo4j_middleware.neo4jConnector: [neo4j_connector] Query delta: <neo4j._sync.work.result.Result object at 0x00000228B28630A0>
2024-11-17 19:28:30,967: neo4j_middleware.neo4jConnector: [neo4j_connector] Received response. 
2024-11-17 19:28:31,046: neo4j_middleware.neo4jConnector: [neo4j_connector] Running query: MERGE(n24044:ts20201130T174446:SecondaryNode:IfcPropertySet {GlobalId:"1s5utE$rD...
2024-11-17 19:28:31,122: neo4j_middleware.neo4jConnector: [neo4j_connector] Query delta: <neo4j._sync.work.result.Result object at 0x00000228B281F3A0>
2024-11-17 19:28:31,160: neo4j_middleware.neo4jConnector: [neo4j_connector] Received response. 
2024-11-17 19:28:31,226: neo4j_middleware.neo4jConnector: [neo4j_connector] Running query: MERGE(n24038:ts20201130T174446:SecondaryNode:IfcPropertySingleValue {Name:"Span"...
2024-11-17 19:28:31,304: neo4j_middleware.neo4jConnector: [neo4j_connector] Query delta: <neo4j._sync.work.result.Result object at 0x00000228B28633D0>
2024-11-17 19:28:31,338: neo4j_middleware.neo4jConnector: [neo4j_connector] Received response. 
2024-11-17 19:28:31,408: neo4j_middleware.neo4jConnector: [neo4j_connector] Running query: MERGE(n24034:ts20201130T174446:SecondaryNode:IfcPropertySet {GlobalId:"1s5utE$rD...
2024-11-17 19:28:31,498: neo4j_middleware.neo4jConnector: [neo4j_connector] Query delta: <neo4j._sync.work.result.Result object at 0x00000228B2D6D6D0>
2024-11-17 19:28:31,536: neo4j_middleware.neo4jConnector: [neo4j_connector] Received response. 
2024-11-17 19:28:31,603: neo4j_middleware.neo4jConnector: [neo4j_connector] Running query: MERGE(n24033:ts20201130T174446:SecondaryNode:IfcPropertySingleValue {Name:"Span"...
2024-11-17 19:28:31,703: neo4j_middleware.neo4jConnector: [neo4j_connector] Query delta: <neo4j._sync.work.result.Result object at 0x00000228B2810910>
2024-11-17 19:28:31,746: neo4j_middleware.neo4jConnector: [neo4j_connector] Received response. 
2024-11-17 19:28:31,812: neo4j_middleware.neo4jConnector: [neo4j_connector] Running query: MERGE(n24029:ts20201130T174446:SecondaryNode:IfcPropertySet {GlobalId:"1s5utE$rD...
2024-11-17 19:28:31,898: neo4j_middleware.neo4jConnector: [neo4j_connector] Query delta: <neo4j._sync.work.result.Result object at 0x00000228B2D6D0D0>
2024-11-17 19:28:31,943: neo4j_middleware.neo4jConnector: [neo4j_connector] Received response. 
2024-11-17 19:28:32,034: neo4j_middleware.neo4jConnector: [neo4j_connector] Running query: MERGE(n24023:ts20201130T174446:SecondaryNode:IfcPropertySingleValue {Name:"Span"...
2024-11-17 19:28:32,102: neo4j_middleware.neo4jConnector: [neo4j_connector] Query delta: <neo4j._sync.work.result.Result object at 0x00000228B2863F10>
2024-11-17 19:28:32,148: neo4j_middleware.neo4jConnector: [neo4j_connector] Received response. 
2024-11-17 19:28:32,212: neo4j_middleware.neo4jConnector: [neo4j_connector] Running query: MERGE(n24019:ts20201130T174446:SecondaryNode:IfcPropertySet {GlobalId:"1s5utE$rD...
2024-11-17 19:28:32,279: neo4j_middleware.neo4jConnector: [neo4j_connector] Query delta: <neo4j._sync.work.result.Result object at 0x00000228B281F3A0>
2024-11-17 19:28:32,318: neo4j_middleware.neo4jConnector: [neo4j_connector] Received response. 
2024-11-17 19:28:32,410: neo4j_middleware.neo4jConnector: [neo4j_connector] Running query: MERGE(n24014:ts20201130T174446:SecondaryNode:IfcPropertySet {GlobalId:"1s5utE$rD...
2024-11-17 19:28:32,509: neo4j_middleware.neo4jConnector: [neo4j_connector] Query delta: <neo4j._sync.work.result.Result object at 0x00000228B28046D0>
2024-11-17 19:28:32,554: neo4j_middleware.neo4jConnector: [neo4j_connector] Received response. 
2024-11-17 19:28:32,620: neo4j_middleware.neo4jConnector: [neo4j_connector] Running query: MERGE(n24008:ts20201130T174446:SecondaryNode:IfcPropertySingleValue {Name:"Span"...
2024-11-17 19:28:32,675: neo4j_middleware.neo4jConnector: [neo4j_connector] Running query: MATCH(n:ts20201130T174446) RETURN COUNT(n)...
2024-11-17 19:28:32,690: neo4j_middleware.neo4jConnector: [neo4j_connector] Query delta: <neo4j._sync.work.result.Result object at 0x00000228B28636D0>
2024-11-17 19:28:32,729: neo4j_middleware.neo4jConnector: [neo4j_connector] Received response. 
2024-11-17 19:28:32,755: neo4j_middleware.neo4jConnector: [neo4j_connector] Query delta: <neo4j._sync.work.result.Result object at 0x0000029FD4CAE850>
2024-11-17 19:28:32,790: neo4j_middleware.neo4jConnector: [neo4j_connector] Received response. 
2024-11-17 19:28:32,791: neo4j_middleware.neo4jConnector: [neo4j_connector] Running query: MERGE(n24004:ts20201130T174446:SecondaryNode:IfcPropertySet {GlobalId:"1s5utE$rD...
2024-11-17 19:28:32,860: neo4j_middleware.neo4jConnector: [neo4j_connector] Running query: MATCH(n:ts20201130T174446) DETACH DELETE n...
2024-11-17 19:28:32,868: neo4j_middleware.neo4jConnector: [neo4j_connector] Query delta: <neo4j._sync.work.result.Result object at 0x00000228B2D69EB0>
2024-11-17 19:28:32,911: neo4j_middleware.neo4jConnector: [neo4j_connector] Received response. 
2024-11-17 19:28:33,013: neo4j_middleware.neo4jConnector: [neo4j_connector] Running query: MERGE(n23999:ts20201130T174446:SecondaryNode:IfcPropertySet {GlobalId:"1s5utE$rD...
2024-11-17 19:28:33,044: neo4j_middleware.neo4jConnector: [neo4j_connector] Query delta: <neo4j._sync.work.result.Result object at 0x0000029FD4CC3940>
2024-11-17 19:28:33,121: neo4j_middleware.neo4jConnector: [neo4j_connector] Received response. 
2024-11-17 19:28:33,121: neo4j_middleware.neo4jConnector: [neo4j_connector] Query delta: <neo4j._sync.work.result.Result object at 0x00000228B2D6DE50>
2024-11-17 19:28:33,165: neo4j_middleware.neo4jConnector: [neo4j_connector] Received response. 
2024-11-17 19:28:33,232: neo4j_middleware.neo4jConnector: [neo4j_connector] Running query: MERGE(n23993:ts20201130T174446:SecondaryNode:IfcPropertySingleValue {Name:"Span"...
2024-11-17 19:28:33,260: neo4j_middleware.neo4jConnector: [neo4j_connector] Running query: MERGE(n25131:ts20201130T174446:SecondaryNode:IfcPresentationLayerAssignment {Nam...
2024-11-17 19:28:33,301: neo4j_middleware.neo4jConnector: [neo4j_connector] Query delta: <neo4j._sync.work.result.Result object at 0x00000228B2D6DF40>
2024-11-17 19:28:33,328: neo4j_middleware.neo4jConnector: [neo4j_connector] Query delta: <neo4j._sync.work.result.Result object at 0x0000029FD5239DF0>
2024-11-17 19:28:33,345: neo4j_middleware.neo4jConnector: [neo4j_connector] Received response. 
2024-11-17 19:28:33,373: neo4j_middleware.neo4jConnector: [neo4j_connector] Received response. 
2024-11-17 19:28:33,415: neo4j_middleware.neo4jConnector: [neo4j_connector] Running query: MERGE(n23989:ts20201130T174446:SecondaryNode:IfcPropertySet {GlobalId:"1s5utE$rD...
2024-11-17 19:28:33,441: neo4j_middleware.neo4jConnector: [neo4j_connector] Running query: MERGE(n25129:ts20201130T174446:SecondaryNode:IfcPresentationLayerAssignment {Nam...
2024-11-17 19:28:33,489: neo4j_middleware.neo4jConnector: [neo4j_connector] Query delta: <neo4j._sync.work.result.Result object at 0x00000228B2863430>
2024-11-17 19:28:33,513: neo4j_middleware.neo4jConnector: [neo4j_connector] Query delta: <neo4j._sync.work.result.Result object at 0x0000029FD4D38340>
2024-11-17 19:28:33,526: neo4j_middleware.neo4jConnector: [neo4j_connector] Received response. 
2024-11-17 19:28:33,554: neo4j_middleware.neo4jConnector: [neo4j_connector] Received response. 
2024-11-17 19:28:33,595: neo4j_middleware.neo4jConnector: [neo4j_connector] Running query: MERGE(n23984:ts20201130T174446:SecondaryNode:IfcPropertySet {GlobalId:"1s5utE$rD...
2024-11-17 19:28:33,620: neo4j_middleware.neo4jConnector: [neo4j_connector] Running query: MERGE(n25123:ts20201130T174446:SecondaryNode:IfcPresentationLayerAssignment {Nam...
2024-11-17 19:28:33,667: neo4j_middleware.neo4jConnector: [neo4j_connector] Query delta: <neo4j._sync.work.result.Result object at 0x00000228B281F9A0>
2024-11-17 19:28:33,707: neo4j_middleware.neo4jConnector: [neo4j_connector] Received response. 
2024-11-17 19:28:33,713: neo4j_middleware.neo4jConnector: [neo4j_connector] Query delta: <neo4j._sync.work.result.Result object at 0x0000029FD5239F40>
2024-11-17 19:28:33,747: neo4j_middleware.neo4jConnector: [neo4j_connector] Received response. 
2024-11-17 19:28:33,777: neo4j_middleware.neo4jConnector: [neo4j_connector] Running query: MERGE(n23978:ts20201130T174446:SecondaryNode:IfcPropertySingleValue {Name:"Therm...
2024-11-17 19:28:33,843: neo4j_middleware.neo4jConnector: [neo4j_connector] Running query: MERGE(n25121:ts20201130T174446:SecondaryNode:IfcPresentationLayerAssignment {Nam...
2024-11-17 19:28:33,930: neo4j_middleware.neo4jConnector: [neo4j_connector] Query delta: <neo4j._sync.work.result.Result object at 0x0000029FD4CCE340>
2024-11-17 19:28:33,934: neo4j_middleware.neo4jConnector: [neo4j_connector] Query delta: <neo4j._sync.work.result.Result object at 0x00000228B28046D0>
2024-11-17 19:28:33,974: neo4j_middleware.neo4jConnector: [neo4j_connector] Received response. 
2024-11-17 19:28:33,976: neo4j_middleware.neo4jConnector: [neo4j_connector] Received response. 
2024-11-17 19:28:34,043: neo4j_middleware.neo4jConnector: [neo4j_connector] Running query: MERGE(n24993:ts20201130T174446:SecondaryNode:IfcShapeRepresentation {Representat...
2024-11-17 19:28:34,044: neo4j_middleware.neo4jConnector: [neo4j_connector] Running query: MERGE(n23974:ts20201130T174446:SecondaryNode:IfcPropertySet {GlobalId:"1s5utE$rD...
2024-11-17 19:28:34,119: neo4j_middleware.neo4jConnector: [neo4j_connector] Query delta: <neo4j._sync.work.result.Result object at 0x0000029FD4CCF460>
2024-11-17 19:28:34,156: neo4j_middleware.neo4jConnector: [neo4j_connector] Received response. 
2024-11-17 19:28:34,159: neo4j_middleware.neo4jConnector: [neo4j_connector] Received response. 
2024-11-17 19:28:34,220: neo4j_middleware.neo4jConnector: [neo4j_connector] Running query: MERGE(n23964:ts20201130T174446:SecondaryNode:IfcPropertySet {GlobalId:"1s5utE$rD...
2024-11-17 19:28:34,222: neo4j_middleware.neo4jConnector: [neo4j_connector] Running query: MERGE(n24991:ts20201130T174446:SecondaryNode:IfcAxis2Placement3D {p21_id:24991, ...
2024-11-17 19:28:34,291: neo4j_middleware.neo4jConnector: [neo4j_connector] Query delta: <neo4j._sync.work.result.Result object at 0x0000029FD4CCFDF0>
2024-11-17 19:28:34,293: neo4j_middleware.neo4jConnector: [neo4j_connector] Query delta: <neo4j._sync.work.result.Result object at 0x00000228B2D69FA0>
2024-11-17 19:28:34,331: neo4j_middleware.neo4jConnector: [neo4j_connector] Received response. 
2024-11-17 19:28:34,332: neo4j_middleware.neo4jConnector: [neo4j_connector] Received response. 
2024-11-17 19:28:34,395: neo4j_middleware.neo4jConnector: [neo4j_connector] Running query: MERGE(n24989:ts20201130T174446:SecondaryNode:IfcAxis2Placement2D {p21_id:24989, ...
2024-11-17 19:28:34,403: neo4j_middleware.neo4jConnector: [neo4j_connector] Running query: MERGE(n23963:ts20201130T174446:SecondaryNode:IfcPropertySingleValue {Name:"Therm...
2024-11-17 19:28:34,467: neo4j_middleware.neo4jConnector: [neo4j_connector] Query delta: <neo4j._sync.work.result.Result object at 0x0000029FD4CCEAF0>
2024-11-17 19:28:34,472: neo4j_middleware.neo4jConnector: [neo4j_connector] Query delta: <neo4j._sync.work.result.Result object at 0x00000228B2810730>
2024-11-17 19:28:34,505: neo4j_middleware.neo4jConnector: [neo4j_connector] Received response. 
2024-11-17 19:28:34,517: neo4j_middleware.neo4jConnector: [neo4j_connector] Received response. 
2024-11-17 19:28:34,578: neo4j_middleware.neo4jConnector: [neo4j_connector] Running query: MERGE(n24974:ts20201130T174446:SecondaryNode:IfcLocalPlacement {p21_id:24974, En...
2024-11-17 19:28:34,588: neo4j_middleware.neo4jConnector: [neo4j_connector] Running query: MERGE(n23959:ts20201130T174446:SecondaryNode:IfcPropertySet {GlobalId:"1s5utE$rD...
2024-11-17 19:28:34,641: neo4j_middleware.neo4jConnector: [neo4j_connector] Query delta: <neo4j._sync.work.result.Result object at 0x0000029FD5239970>
2024-11-17 19:28:34,647: neo4j_middleware.neo4jConnector: [neo4j_connector] Query delta: <neo4j._sync.work.result.Result object at 0x00000228B2D6D550>
2024-11-17 19:28:34,678: neo4j_middleware.neo4jConnector: [neo4j_connector] Received response. 
2024-11-17 19:28:34,688: neo4j_middleware.neo4jConnector: [neo4j_connector] Received response. 
2024-11-17 19:28:34,739: neo4j_middleware.neo4jConnector: [neo4j_connector] Running query: MERGE(n24971:ts20201130T174446:SecondaryNode:IfcCartesianPoint {Coordinates:"(10...
2024-11-17 19:28:34,752: neo4j_middleware.neo4jConnector: [neo4j_connector] Running query: MERGE(n23949:ts20201130T174446:SecondaryNode:IfcPropertySet {GlobalId:"1s5utE$rD...
2024-11-17 19:28:34,810: neo4j_middleware.neo4jConnector: [neo4j_connector] Query delta: <neo4j._sync.work.result.Result object at 0x0000029FD4CD4AF0>
2024-11-17 19:28:34,816: neo4j_middleware.neo4jConnector: [neo4j_connector] Query delta: <neo4j._sync.work.result.Result object at 0x00000228B2863AF0>
2024-11-17 19:28:34,850: neo4j_middleware.neo4jConnector: [neo4j_connector] Received response. 
2024-11-17 19:28:34,861: neo4j_middleware.neo4jConnector: [neo4j_connector] Received response. 
2024-11-17 19:28:34,912: neo4j_middleware.neo4jConnector: [neo4j_connector] Running query: MERGE(n24969:ts20201130T174446:SecondaryNode:IfcProductDefinitionShape {Name:"No...
2024-11-17 19:28:34,925: neo4j_middleware.neo4jConnector: [neo4j_connector] Running query: MERGE(n23948:ts20201130T174446:SecondaryNode:IfcPropertySingleValue {Name:"Therm...
2024-11-17 19:28:34,975: neo4j_middleware.neo4jConnector: [neo4j_connector] Query delta: <neo4j._sync.work.result.Result object at 0x0000029FD4CD4340>
2024-11-17 19:28:34,989: neo4j_middleware.neo4jConnector: [neo4j_connector] Query delta: <neo4j._sync.work.result.Result object at 0x00000228B281F250>
2024-11-17 19:28:35,013: neo4j_middleware.neo4jConnector: [neo4j_connector] Received response. 
2024-11-17 19:28:35,028: neo4j_middleware.neo4jConnector: [neo4j_connector] Received response. 
2024-11-17 19:28:35,079: neo4j_middleware.neo4jConnector: [neo4j_connector] Running query: MERGE(n24966:ts20201130T174446:SecondaryNode:IfcExtrudedAreaSolid {Depth:0.1, p2...
2024-11-17 19:28:35,090: neo4j_middleware.neo4jConnector: [neo4j_connector] Running query: MERGE(n23944:ts20201130T174446:SecondaryNode:IfcPropertySet {GlobalId:"1s5utE$rD...
2024-11-17 19:28:35,169: neo4j_middleware.neo4jConnector: [neo4j_connector] Query delta: <neo4j._sync.work.result.Result object at 0x00000228B278D910>
2024-11-17 19:28:35,170: neo4j_middleware.neo4jConnector: [neo4j_connector] Query delta: <neo4j._sync.work.result.Result object at 0x0000029FD4CCE670>
2024-11-17 19:28:35,209: neo4j_middleware.neo4jConnector: [neo4j_connector] Received response. 
2024-11-17 19:28:35,210: neo4j_middleware.neo4jConnector: [neo4j_connector] Received response. 
2024-11-17 19:28:35,291: neo4j_middleware.neo4jConnector: [neo4j_connector] Running query: MERGE(n24964:ts20201130T174446:SecondaryNode:IfcRectangleProfileDef {ProfileType...
2024-11-17 19:28:35,292: neo4j_middleware.neo4jConnector: [neo4j_connector] Running query: MERGE(n23941:ts20201130T174446:SecondaryNode:IfcPropertySet {GlobalId:"08L1EPC_X...
2024-11-17 19:28:35,384: neo4j_middleware.neo4jConnector: [neo4j_connector] Query delta: <neo4j._sync.work.result.Result object at 0x0000029FD4CCF7F0>
2024-11-17 19:28:35,426: neo4j_middleware.neo4jConnector: [neo4j_connector] Received response. 
2024-11-17 19:28:35,428: neo4j_middleware.neo4jConnector: [neo4j_connector] Received response. 
2024-11-17 19:28:35,487: neo4j_middleware.neo4jConnector: [neo4j_connector] Running query: MERGE(n24963:ts20201130T174446:SecondaryNode:IfcAxis2Placement2D {p21_id:24963, ...
2024-11-17 19:28:35,493: neo4j_middleware.neo4jConnector: [neo4j_connector] Running query: MERGE(n23934:ts20201130T174446:SecondaryNode:IfcPropertySet {GlobalId:"1s5utE$rD...
2024-11-17 19:28:35,551: neo4j_middleware.neo4jConnector: [neo4j_connector] Query delta: <neo4j._sync.work.result.Result object at 0x0000029FD4CCDFA0>
2024-11-17 19:28:35,558: neo4j_middleware.neo4jConnector: [neo4j_connector] Query delta: <neo4j._sync.work.result.Result object at 0x00000228B2D6D160>
2024-11-17 19:28:35,591: neo4j_middleware.neo4jConnector: [neo4j_connector] Received response. 
2024-11-17 19:28:35,599: neo4j_middleware.neo4jConnector: [neo4j_connector] Received response. 
2024-11-17 19:28:35,655: neo4j_middleware.neo4jConnector: [neo4j_connector] Running query: MERGE(n24961:ts20201130T174446:SecondaryNode:IfcCartesianPoint {Coordinates:"(1....
2024-11-17 19:28:35,659: neo4j_middleware.neo4jConnector: [neo4j_connector] Running query: MERGE(n23933:ts20201130T174446:SecondaryNode:IfcPropertySingleValue {Name:"Therm...
2024-11-17 19:28:35,717: neo4j_middleware.neo4jConnector: [neo4j_connector] Query delta: <neo4j._sync.work.result.Result object at 0x0000029FD4CCF2B0>
2024-11-17 19:28:35,719: neo4j_middleware.neo4jConnector: [neo4j_connector] Query delta: <neo4j._sync.work.result.Result object at 0x00000228B28043D0>
2024-11-17 19:28:35,754: neo4j_middleware.neo4jConnector: [neo4j_connector] Received response. 
2024-11-17 19:28:35,757: neo4j_middleware.neo4jConnector: [neo4j_connector] Received response. 
2024-11-17 19:28:35,821: neo4j_middleware.neo4jConnector: [neo4j_connector] Running query: MERGE(n24949:ts20201130T174446:PrimaryNode:IfcOpeningElement {GlobalId:"2idC0G3e...
2024-11-17 19:28:35,822: neo4j_middleware.neo4jConnector: [neo4j_connector] Running query: MERGE(n23929:ts20201130T174446:SecondaryNode:IfcPropertySet {GlobalId:"1s5utE$rD...
2024-11-17 19:28:35,896: neo4j_middleware.neo4jConnector: [neo4j_connector] Query delta: <neo4j._sync.work.result.Result object at 0x0000029FD4CCED00>
2024-11-17 19:28:35,898: neo4j_middleware.neo4jConnector: [neo4j_connector] Query delta: <neo4j._sync.work.result.Result object at 0x00000228B28047F0>
2024-11-17 19:28:35,932: neo4j_middleware.neo4jConnector: [neo4j_connector] Received response. 
2024-11-17 19:28:35,935: neo4j_middleware.neo4jConnector: [neo4j_connector] Received response. 
2024-11-17 19:28:36,000: neo4j_middleware.neo4jConnector: [neo4j_connector] Running query: MERGE(n23926:ts20201130T174446:SecondaryNode:IfcPropertySet {GlobalId:"22yU8ylSr...
2024-11-17 19:28:36,001: neo4j_middleware.neo4jConnector: [neo4j_connector] Running query: MERGE(n24948:ts20201130T174446:SecondaryNode:IfcLocalPlacement {p21_id:24948, En...
2024-11-17 19:28:36,065: neo4j_middleware.neo4jConnector: [neo4j_connector] Query delta: <neo4j._sync.work.result.Result object at 0x0000029FD5239E80>
2024-11-17 19:28:36,068: neo4j_middleware.neo4jConnector: [neo4j_connector] Query delta: <neo4j._sync.work.result.Result object at 0x00000228B2D6DE80>
2024-11-17 19:28:36,103: neo4j_middleware.neo4jConnector: [neo4j_connector] Received response. 
2024-11-17 19:28:36,104: neo4j_middleware.neo4jConnector: [neo4j_connector] Received response. 
2024-11-17 19:28:36,165: neo4j_middleware.neo4jConnector: [neo4j_connector] Running query: MERGE(n23922:ts20201130T174446:SecondaryNode:IfcPropertySingleValue {Name:"Refer...
2024-11-17 19:28:36,178: neo4j_middleware.neo4jConnector: [neo4j_connector] Running query: MERGE(n24947:ts20201130T174446:SecondaryNode:IfcAxis2Placement3D {p21_id:24947, ...
2024-11-17 19:28:36,236: neo4j_middleware.neo4jConnector: [neo4j_connector] Query delta: <neo4j._sync.work.result.Result object at 0x00000228B2802FA0>
2024-11-17 19:28:36,245: neo4j_middleware.neo4jConnector: [neo4j_connector] Query delta: <neo4j._sync.work.result.Result object at 0x0000029FD5239E20>
2024-11-17 19:28:36,274: neo4j_middleware.neo4jConnector: [neo4j_connector] Received response. 
2024-11-17 19:28:36,286: neo4j_middleware.neo4jConnector: [neo4j_connector] Received response. 
2024-11-17 19:28:36,337: neo4j_middleware.neo4jConnector: [neo4j_connector] Running query: MERGE(n23870:ts20201130T174446:SecondaryNode:IfcPropertySet {GlobalId:"1ZuV8uoVX...
2024-11-17 19:28:36,354: neo4j_middleware.neo4jConnector: [neo4j_connector] Running query: MERGE(n24941:ts20201130T174446:SecondaryNode:IfcShapeRepresentation {Representat...
2024-11-17 19:28:36,418: neo4j_middleware.neo4jConnector: [neo4j_connector] Query delta: <neo4j._sync.work.result.Result object at 0x00000228B278D550>
2024-11-17 19:28:36,427: neo4j_middleware.neo4jConnector: [neo4j_connector] Query delta: <neo4j._sync.work.result.Result object at 0x0000029FD4CCEA00>
2024-11-17 19:28:36,457: neo4j_middleware.neo4jConnector: [neo4j_connector] Received response. 
2024-11-17 19:28:36,460: neo4j_middleware.neo4jConnector: [neo4j_connector] Received response. 
2024-11-17 19:28:36,530: neo4j_middleware.neo4jConnector: [neo4j_connector] Running query: MERGE(n23865:ts20201130T174446:PrimaryNode:IfcMember {GlobalId:"1s5utE$rDDfRKgzV...
2024-11-17 19:28:36,533: neo4j_middleware.neo4jConnector: [neo4j_connector] Running query: MERGE(n24940:ts20201130T174446:SecondaryNode:IfcExtrudedAreaSolid {Depth:0.1, p2...
2024-11-17 19:28:36,631: neo4j_middleware.neo4jConnector: [neo4j_connector] Query delta: <neo4j._sync.work.result.Result object at 0x0000029FD4CD45B0>
2024-11-17 19:28:36,644: neo4j_middleware.neo4jConnector: [neo4j_connector] Query delta: <neo4j._sync.work.result.Result object at 0x00000228B28020A0>
2024-11-17 19:28:36,672: neo4j_middleware.neo4jConnector: [neo4j_connector] Received response. 
2024-11-17 19:28:36,697: neo4j_middleware.neo4jConnector: [neo4j_connector] Received response. 
2024-11-17 19:28:36,742: neo4j_middleware.neo4jConnector: [neo4j_connector] Running query: MERGE(n24939:ts20201130T174446:SecondaryNode:IfcAxis2Placement3D {p21_id:24939, ...
2024-11-17 19:28:36,756: neo4j_middleware.neo4jConnector: [neo4j_connector] Running query: MERGE(n23863:ts20201130T174446:SecondaryNode:IfcAxis2Placement3D {p21_id:23863, ...
2024-11-17 19:28:36,806: neo4j_middleware.neo4jConnector: [neo4j_connector] Query delta: <neo4j._sync.work.result.Result object at 0x0000029FD4CCFD30>
2024-11-17 19:28:36,816: neo4j_middleware.neo4jConnector: [neo4j_connector] Query delta: <neo4j._sync.work.result.Result object at 0x00000228B2D6D3D0>
2024-11-17 19:28:36,844: neo4j_middleware.neo4jConnector: [neo4j_connector] Received response. 
2024-11-17 19:28:36,850: neo4j_middleware.neo4jConnector: [neo4j_connector] Received response. 
2024-11-17 19:28:36,908: neo4j_middleware.neo4jConnector: [neo4j_connector] Running query: MERGE(n24931:ts20201130T174446:SecondaryNode:IfcAxis2Placement3D {p21_id:24931, ...
2024-11-17 19:28:36,916: neo4j_middleware.neo4jConnector: [neo4j_connector] Running query: MERGE(n23859:ts20201130T174446:SecondaryNode:IfcAxis2Placement3D {p21_id:23859, ...
2024-11-17 19:28:36,972: neo4j_middleware.neo4jConnector: [neo4j_connector] Query delta: <neo4j._sync.work.result.Result object at 0x0000029FD4CCF250>
2024-11-17 19:28:36,973: neo4j_middleware.neo4jConnector: [neo4j_connector] Query delta: <neo4j._sync.work.result.Result object at 0x00000228B2804A90>
2024-11-17 19:28:37,008: neo4j_middleware.neo4jConnector: [neo4j_connector] Received response. 
2024-11-17 19:28:37,012: neo4j_middleware.neo4jConnector: [neo4j_connector] Received response. 
2024-11-17 19:28:37,077: neo4j_middleware.neo4jConnector: [neo4j_connector] Running query: MERGE(n24923:ts20201130T174446:PrimaryNode:IfcOpeningElement {GlobalId:"2idC0G3e...
2024-11-17 19:28:37,084: neo4j_middleware.neo4jConnector: [neo4j_connector] Running query: MERGE(n23855:ts20201130T174446:SecondaryNode:IfcProductDefinitionShape {Name:"No...
2024-11-17 19:28:37,146: neo4j_middleware.neo4jConnector: [neo4j_connector] Query delta: <neo4j._sync.work.result.Result object at 0x0000029FD4CCEAF0>
2024-11-17 19:28:37,152: neo4j_middleware.neo4jConnector: [neo4j_connector] Query delta: <neo4j._sync.work.result.Result object at 0x00000228B2804BE0>
2024-11-17 19:28:37,189: neo4j_middleware.neo4jConnector: [neo4j_connector] Received response. 
2024-11-17 19:28:37,195: neo4j_middleware.neo4jConnector: [neo4j_connector] Received response. 
2024-11-17 19:28:37,250: neo4j_middleware.neo4jConnector: [neo4j_connector] Running query: MERGE(n24922:ts20201130T174446:SecondaryNode:IfcLocalPlacement {p21_id:24922, En...
2024-11-17 19:28:37,266: neo4j_middleware.neo4jConnector: [neo4j_connector] Running query: MERGE(n23848:ts20201130T174446:SecondaryNode:IfcRepresentationMap {p21_id:23848,...
2024-11-17 19:28:37,312: neo4j_middleware.neo4jConnector: [neo4j_connector] Query delta: <neo4j._sync.work.result.Result object at 0x0000029FD4CD4CD0>
2024-11-17 19:28:37,335: neo4j_middleware.neo4jConnector: [neo4j_connector] Query delta: <neo4j._sync.work.result.Result object at 0x00000228B2D699D0>
2024-11-17 19:28:37,350: neo4j_middleware.neo4jConnector: [neo4j_connector] Received response. 
2024-11-17 19:28:37,374: neo4j_middleware.neo4jConnector: [neo4j_connector] Received response. 
2024-11-17 19:28:37,415: neo4j_middleware.neo4jConnector: [neo4j_connector] Running query: MERGE(n24919:ts20201130T174446:SecondaryNode:IfcCartesianPoint {Coordinates:"(13...
2024-11-17 19:28:37,440: neo4j_middleware.neo4jConnector: [neo4j_connector] Running query: MERGE(n23842:ts20201130T174446:SecondaryNode:IfcStyledItem {Name:"None", p21_id:...
2024-11-17 19:28:37,478: neo4j_middleware.neo4jConnector: [neo4j_connector] Query delta: <neo4j._sync.work.result.Result object at 0x0000029FD5239A00>
2024-11-17 19:28:37,513: neo4j_middleware.neo4jConnector: [neo4j_connector] Query delta: <neo4j._sync.work.result.Result object at 0x00000228B2802340>
2024-11-17 19:28:37,514: neo4j_middleware.neo4jConnector: [neo4j_connector] Received response. 
2024-11-17 19:28:37,553: neo4j_middleware.neo4jConnector: [neo4j_connector] Received response. 
2024-11-17 19:28:37,579: neo4j_middleware.neo4jConnector: [neo4j_connector] Running query: MERGE(n24917:ts20201130T174446:SecondaryNode:IfcProductDefinitionShape {Name:"No...
2024-11-17 19:28:37,616: neo4j_middleware.neo4jConnector: [neo4j_connector] Running query: MERGE(n23840:ts20201130T174446:SecondaryNode:IfcAxis2Placement3D {p21_id:23840, ...
2024-11-17 19:28:37,641: neo4j_middleware.neo4jConnector: [neo4j_connector] Query delta: <neo4j._sync.work.result.Result object at 0x0000029FD4CC9160>
2024-11-17 19:28:37,679: neo4j_middleware.neo4jConnector: [neo4j_connector] Query delta: <neo4j._sync.work.result.Result object at 0x00000228B278D700>
2024-11-17 19:28:37,680: neo4j_middleware.neo4jConnector: [neo4j_connector] Received response. 
2024-11-17 19:28:37,716: neo4j_middleware.neo4jConnector: [neo4j_connector] Received response. 
2024-11-17 19:28:37,743: neo4j_middleware.neo4jConnector: [neo4j_connector] Running query: MERGE(n24915:ts20201130T174446:SecondaryNode:IfcShapeRepresentation {Representat...
2024-11-17 19:28:37,784: neo4j_middleware.neo4jConnector: [neo4j_connector] Running query: MERGE(n23837:ts20201130T174446:SecondaryNode:IfcRectangleProfileDef {ProfileType...
2024-11-17 19:28:37,805: neo4j_middleware.neo4jConnector: [neo4j_connector] Query delta: <neo4j._sync.work.result.Result object at 0x0000029FD4CCE040>
2024-11-17 19:28:37,844: neo4j_middleware.neo4jConnector: [neo4j_connector] Received response. 
2024-11-17 19:28:37,853: neo4j_middleware.neo4jConnector: [neo4j_connector] Query delta: <neo4j._sync.work.result.Result object at 0x00000228B2802790>
2024-11-17 19:28:37,891: neo4j_middleware.neo4jConnector: [neo4j_connector] Received response. 
2024-11-17 19:28:37,906: neo4j_middleware.neo4jConnector: [neo4j_connector] Running query: MERGE(n24914:ts20201130T174446:SecondaryNode:IfcExtrudedAreaSolid {Depth:0.1, p2...
2024-11-17 19:28:37,967: neo4j_middleware.neo4jConnector: [neo4j_connector] Running query: MERGE(n23829:ts20201130T174446:PrimaryNode:IfcMember {GlobalId:"1s5utE$rDDfRKgzV...
2024-11-17 19:28:37,980: neo4j_middleware.neo4jConnector: [neo4j_connector] Query delta: <neo4j._sync.work.result.Result object at 0x0000029FD4CD97F0>
2024-11-17 19:28:38,019: neo4j_middleware.neo4jConnector: [neo4j_connector] Received response. 
2024-11-17 19:28:38,049: neo4j_middleware.neo4jConnector: [neo4j_connector] Query delta: <neo4j._sync.work.result.Result object at 0x00000228B2D6D400>
2024-11-17 19:28:38,084: neo4j_middleware.neo4jConnector: [neo4j_connector] Running query: MERGE(n24912:ts20201130T174446:SecondaryNode:IfcRectangleProfileDef {ProfileType...
2024-11-17 19:28:38,087: neo4j_middleware.neo4jConnector: [neo4j_connector] Received response. 
2024-11-17 19:28:38,169: neo4j_middleware.neo4jConnector: [neo4j_connector] Running query: MERGE(n24999:ts20201130T174446:SecondaryNode:IfcAxis2Placement3D {p21_id:24999, ...
2024-11-17 19:28:38,176: neo4j_middleware.neo4jConnector: [neo4j_connector] Query delta: <neo4j._sync.work.result.Result object at 0x0000029FD4CC9160>
2024-11-17 19:28:38,220: neo4j_middleware.neo4jConnector: [neo4j_connector] Received response. 
2024-11-17 19:28:38,234: neo4j_middleware.neo4jConnector: [neo4j_connector] Query delta: <neo4j._sync.work.result.Result object at 0x00000228B2804940>
2024-11-17 19:28:38,274: neo4j_middleware.neo4jConnector: [neo4j_connector] Received response. 
2024-11-17 19:28:38,277: neo4j_middleware.neo4jConnector: [neo4j_connector] Running query: MERGE(n24909:ts20201130T174446:SecondaryNode:IfcCartesianPoint {Coordinates:"(1....
2024-11-17 19:28:38,338: neo4j_middleware.neo4jConnector: [neo4j_connector] Query delta: <neo4j._sync.work.result.Result object at 0x0000029FD4CCEBE0>
2024-11-17 19:28:38,343: neo4j_middleware.neo4jConnector: [neo4j_connector] Running query: MERGE(n23827:ts20201130T174446:SecondaryNode:IfcAxis2Placement3D {p21_id:23827, ...
2024-11-17 19:28:38,378: neo4j_middleware.neo4jConnector: [neo4j_connector] Received response. 
2024-11-17 19:28:38,413: neo4j_middleware.neo4jConnector: [neo4j_connector] Query delta: <neo4j._sync.work.result.Result object at 0x00000228B2D6D490>
2024-11-17 19:28:38,446: neo4j_middleware.neo4jConnector: [neo4j_connector] Running query: MERGE(n24905:ts20201130T174446:SecondaryNode:IfcAxis2Placement3D {p21_id:24905, ...
2024-11-17 19:28:38,454: neo4j_middleware.neo4jConnector: [neo4j_connector] Received response. 
2024-11-17 19:28:38,507: neo4j_middleware.neo4jConnector: [neo4j_connector] Query delta: <neo4j._sync.work.result.Result object at 0x0000029FD5239940>
2024-11-17 19:28:38,533: neo4j_middleware.neo4jConnector: [neo4j_connector] Running query: MERGE(n23825:ts20201130T174446:SecondaryNode:IfcCartesianPoint {Coordinates:"(-0...
2024-11-17 19:28:38,544: neo4j_middleware.neo4jConnector: [neo4j_connector] Received response. 
2024-11-17 19:28:38,599: neo4j_middleware.neo4jConnector: [neo4j_connector] Query delta: <neo4j._sync.work.result.Result object at 0x00000228B2D69910>
2024-11-17 19:28:38,609: neo4j_middleware.neo4jConnector: [neo4j_connector] Running query: MERGE(n24902:ts20201130T174446:ConnectionNode:IfcRelFillsElement {GlobalId:"12ii...
2024-11-17 19:28:38,644: neo4j_middleware.neo4jConnector: [neo4j_connector] Received response. 
2024-11-17 19:28:38,675: neo4j_middleware.neo4jConnector: [neo4j_connector] Query delta: <neo4j._sync.work.result.Result object at 0x0000029FD4CD9760>
2024-11-17 19:28:38,711: neo4j_middleware.neo4jConnector: [neo4j_connector] Running query: MERGE(n23819:ts20201130T174446:SecondaryNode:IfcProductDefinitionShape {Name:"No...
2024-11-17 19:28:38,713: neo4j_middleware.neo4jConnector: [neo4j_connector] Received response. 
2024-11-17 19:28:38,780: neo4j_middleware.neo4jConnector: [neo4j_connector] Running query: MERGE(n24897:ts20201130T174446:PrimaryNode:IfcOpeningElement {GlobalId:"2idC0G3e...
2024-11-17 19:28:38,789: neo4j_middleware.neo4jConnector: [neo4j_connector] Query delta: <neo4j._sync.work.result.Result object at 0x00000228B281F760>
2024-11-17 19:28:38,829: neo4j_middleware.neo4jConnector: [neo4j_connector] Received response. 
2024-11-17 19:28:38,850: neo4j_middleware.neo4jConnector: [neo4j_connector] Query delta: <neo4j._sync.work.result.Result object at 0x0000029FD4CD4F10>
2024-11-17 19:28:38,889: neo4j_middleware.neo4jConnector: [neo4j_connector] Received response. 
2024-11-17 19:28:38,895: neo4j_middleware.neo4jConnector: [neo4j_connector] Running query: MERGE(n23804:ts20201130T174446:SecondaryNode:IfcAxis2Placement3D {p21_id:23804, ...
2024-11-17 19:28:38,954: neo4j_middleware.neo4jConnector: [neo4j_connector] Running query: MERGE(n24895:ts20201130T174446:SecondaryNode:IfcAxis2Placement3D {p21_id:24895, ...
2024-11-17 19:28:38,993: neo4j_middleware.neo4jConnector: [neo4j_connector] Received response. 
2024-11-17 19:28:39,029: neo4j_middleware.neo4jConnector: [neo4j_connector] Query delta: <neo4j._sync.work.result.Result object at 0x0000029FD4CCECD0>
2024-11-17 19:28:39,065: neo4j_middleware.neo4jConnector: [neo4j_connector] Running query: MERGE(n23792:ts20201130T174446:SecondaryNode:IfcMappedItem {p21_id:23792, Entity...
2024-11-17 19:28:39,067: neo4j_middleware.neo4jConnector: [neo4j_connector] Received response. 
2024-11-17 19:28:39,134: neo4j_middleware.neo4jConnector: [neo4j_connector] Running query: MERGE(n24893:ts20201130T174446:SecondaryNode:IfcCartesianPoint {Coordinates:"(14...
2024-11-17 19:28:39,137: neo4j_middleware.neo4jConnector: [neo4j_connector] Query delta: <neo4j._sync.work.result.Result object at 0x00000228B28022B0>
2024-11-17 19:28:39,183: neo4j_middleware.neo4jConnector: [neo4j_connector] Received response. 
2024-11-17 19:28:39,197: neo4j_middleware.neo4jConnector: [neo4j_connector] Query delta: <neo4j._sync.work.result.Result object at 0x0000029FD4CCFE80>
2024-11-17 19:28:39,236: neo4j_middleware.neo4jConnector: [neo4j_connector] Received response. 
2024-11-17 19:28:39,244: neo4j_middleware.neo4jConnector: [neo4j_connector] Running query: MERGE(n23789:ts20201130T174446:SecondaryNode:IfcRepresentationMap {p21_id:23789,...
2024-11-17 19:28:39,306: neo4j_middleware.neo4jConnector: [neo4j_connector] Running query: MERGE(n24887:ts20201130T174446:SecondaryNode:IfcAxis2Placement3D {p21_id:24887, ...
2024-11-17 19:28:39,311: neo4j_middleware.neo4jConnector: [neo4j_connector] Query delta: <neo4j._sync.work.result.Result object at 0x00000228B2D6D550>
2024-11-17 19:28:39,345: neo4j_middleware.neo4jConnector: [neo4j_connector] Received response. 
2024-11-17 19:28:39,368: neo4j_middleware.neo4jConnector: [neo4j_connector] Query delta: <neo4j._sync.work.result.Result object at 0x0000029FD4CCF8E0>
2024-11-17 19:28:39,401: neo4j_middleware.neo4jConnector: [neo4j_connector] Received response. 
2024-11-17 19:28:39,406: neo4j_middleware.neo4jConnector: [neo4j_connector] Running query: MERGE(n23788:ts20201130T174446:SecondaryNode:IfcAxis2Placement3D {p21_id:23788, ...
2024-11-17 19:28:39,465: neo4j_middleware.neo4jConnector: [neo4j_connector] Query delta: <neo4j._sync.work.result.Result object at 0x00000228B2804BE0>
2024-11-17 19:28:39,469: neo4j_middleware.neo4jConnector: [neo4j_connector] Running query: MERGE(n24886:ts20201130T174446:SecondaryNode:IfcRectangleProfileDef {ProfileType...
2024-11-17 19:28:39,509: neo4j_middleware.neo4jConnector: [neo4j_connector] Received response. 
2024-11-17 19:28:39,558: neo4j_middleware.neo4jConnector: [neo4j_connector] Query delta: <neo4j._sync.work.result.Result object at 0x0000029FD4CD4F70>
2024-11-17 19:28:39,581: neo4j_middleware.neo4jConnector: [neo4j_connector] Running query: MERGE(n23782:ts20201130T174446:SecondaryNode:IfcExtrudedAreaSolid {Depth:1.81249...
2024-11-17 19:28:39,602: neo4j_middleware.neo4jConnector: [neo4j_connector] Received response. 
2024-11-17 19:28:39,664: neo4j_middleware.neo4jConnector: [neo4j_connector] Query delta: <neo4j._sync.work.result.Result object at 0x00000228B2D6D250>
2024-11-17 19:28:39,732: neo4j_middleware.neo4jConnector: [neo4j_connector] Running query: MERGE(n24883:ts20201130T174446:SecondaryNode:IfcCartesianPoint {Coordinates:"(1....
2024-11-17 19:28:39,732: neo4j_middleware.neo4jConnector: [neo4j_connector] Received response. 
2024-11-17 19:28:39,806: neo4j_middleware.neo4jConnector: [neo4j_connector] Query delta: <neo4j._sync.work.result.Result object at 0x0000029FD5239B50>
2024-11-17 19:28:39,867: neo4j_middleware.neo4jConnector: [neo4j_connector] Running query: MERGE(n23781:ts20201130T174446:SecondaryNode:IfcAxis2Placement3D {p21_id:23781, ...
2024-11-17 19:28:39,870: neo4j_middleware.neo4jConnector: [neo4j_connector] Received response. 
2024-11-17 19:28:39,936: neo4j_middleware.neo4jConnector: [neo4j_connector] Query delta: <neo4j._sync.work.result.Result object at 0x00000228B28022B0>
2024-11-17 19:28:40,006: neo4j_middleware.neo4jConnector: [neo4j_connector] Received response. 
2024-11-17 19:28:40,006: neo4j_middleware.neo4jConnector: [neo4j_connector] Running query: MERGE(n24879:ts20201130T174446:SecondaryNode:IfcAxis2Placement3D {p21_id:24879, ...
2024-11-17 19:28:40,070: neo4j_middleware.neo4jConnector: [neo4j_connector] Query delta: <neo4j._sync.work.result.Result object at 0x0000029FD4CD9B20>
2024-11-17 19:28:40,136: neo4j_middleware.neo4jConnector: [neo4j_connector] Running query: MERGE(n23777:ts20201130T174446:SecondaryNode:IfcAxis2Placement2D {p21_id:23777, ...
2024-11-17 19:28:40,202: neo4j_middleware.neo4jConnector: [neo4j_connector] Query delta: <neo4j._sync.work.result.Result object at 0x00000228B281F880>
2024-11-17 19:28:40,265: neo4j_middleware.neo4jConnector: [neo4j_connector] Received response. 
2024-11-17 19:28:40,266: neo4j_middleware.neo4jConnector: [neo4j_connector] Running query: MERGE(n24873:ts20201130T174446:ConnectionNode:IfcRelVoidsElement {GlobalId:"2idC...
2024-11-17 19:28:40,332: neo4j_middleware.neo4jConnector: [neo4j_connector] Query delta: <neo4j._sync.work.result.Result object at 0x0000029FD4CD4EE0>
2024-11-17 19:28:40,401: neo4j_middleware.neo4jConnector: [neo4j_connector] Running query: MERGE(n25001:ts20201130T174446:PrimaryNode:IfcOpeningElement {GlobalId:"2idC0G3e...
2024-11-17 19:28:40,401: neo4j_middleware.neo4jConnector: [neo4j_connector] Received response. 
2024-11-17 19:28:40,479: neo4j_middleware.neo4jConnector: [neo4j_connector] Query delta: <neo4j._sync.work.result.Result object at 0x00000228B278D0A0>
2024-11-17 19:28:40,496: neo4j_middleware.neo4jConnector: [neo4j_connector] Running query: MERGE(n24868:ts20201130T174446:PrimaryNode:IfcOpeningElement {GlobalId:"2idC0G3e...
2024-11-17 19:28:40,545: neo4j_middleware.neo4jConnector: [neo4j_connector] Received response. 
2024-11-17 19:28:40,615: neo4j_middleware.neo4jConnector: [neo4j_connector] Query delta: <neo4j._sync.work.result.Result object at 0x0000029FD4CCEAC0>
2024-11-17 19:28:40,678: neo4j_middleware.neo4jConnector: [neo4j_connector] Running query: MERGE(n23773:ts20201130T174446:SecondaryNode:IfcAxis2Placement3D {p21_id:23773, ...
2024-11-17 19:28:40,679: neo4j_middleware.neo4jConnector: [neo4j_connector] Received response. 
2024-11-17 19:28:40,743: neo4j_middleware.neo4jConnector: [neo4j_connector] Query delta: <neo4j._sync.work.result.Result object at 0x00000228B2802100>
2024-11-17 19:28:40,751: neo4j_middleware.neo4jConnector: [neo4j_connector] Running query: MERGE(n24865:ts20201130T174446:SecondaryNode:IfcAxis2Placement3D {p21_id:24865, ...
2024-11-17 19:28:40,783: neo4j_middleware.neo4jConnector: [neo4j_connector] Received response. 
2024-11-17 19:28:40,807: neo4j_middleware.neo4jConnector: [neo4j_connector] Query delta: <neo4j._sync.work.result.Result object at 0x0000029FD4CCF100>
2024-11-17 19:28:40,846: neo4j_middleware.neo4jConnector: [neo4j_connector] Received response. 
2024-11-17 19:28:40,848: neo4j_middleware.neo4jConnector: [neo4j_connector] Running query: MERGE(n23766:ts20201130T174446:SecondaryNode:IfcPropertySet {GlobalId:"05Se9Df6j...
2024-11-17 19:28:40,907: neo4j_middleware.neo4jConnector: [neo4j_connector] Running query: MERGE(n24863:ts20201130T174446:SecondaryNode:IfcCartesianPoint {Coordinates:"(15...
2024-11-17 19:28:40,911: neo4j_middleware.neo4jConnector: [neo4j_connector] Query delta: <neo4j._sync.work.result.Result object at 0x00000228B2D69970>
2024-11-17 19:28:40,947: neo4j_middleware.neo4jConnector: [neo4j_connector] Received response. 
2024-11-17 19:28:40,969: neo4j_middleware.neo4jConnector: [neo4j_connector] Query delta: <neo4j._sync.work.result.Result object at 0x0000029FD4CCECA0>
2024-11-17 19:28:41,007: neo4j_middleware.neo4jConnector: [neo4j_connector] Received response. 
2024-11-17 19:28:41,013: neo4j_middleware.neo4jConnector: [neo4j_connector] Running query: MERGE(n23763:ts20201130T174446:PrimaryNode:IfcMember {GlobalId:"1s5utE$rDDfRKgzV...
2024-11-17 19:28:41,072: neo4j_middleware.neo4jConnector: [neo4j_connector] Running query: MERGE(n24858:ts20201130T174446:SecondaryNode:IfcExtrudedAreaSolid {Depth:0.1, p2...
2024-11-17 19:28:41,076: neo4j_middleware.neo4jConnector: [neo4j_connector] Query delta: <neo4j._sync.work.result.Result object at 0x00000228B2D6D1C0>
2024-11-17 19:28:41,109: neo4j_middleware.neo4jConnector: [neo4j_connector] Received response. 
2024-11-17 19:28:41,131: neo4j_middleware.neo4jConnector: [neo4j_connector] Query delta: <neo4j._sync.work.result.Result object at 0x0000029FD5239DF0>
2024-11-17 19:28:41,162: neo4j_middleware.neo4jConnector: [neo4j_connector] Received response. 
2024-11-17 19:28:41,167: neo4j_middleware.neo4jConnector: [neo4j_connector] Running query: MERGE(n25004:ts20201130T174446:ConnectionNode:IfcRelVoidsElement {GlobalId:"2idC...
2024-11-17 19:28:41,230: neo4j_middleware.neo4jConnector: [neo4j_connector] Running query: MERGE(n24856:ts20201130T174446:SecondaryNode:IfcRectangleProfileDef {ProfileType...
2024-11-17 19:28:41,257: neo4j_middleware.neo4jConnector: [neo4j_connector] Query delta: <neo4j._sync.work.result.Result object at 0x00000228B2D6D5B0>
2024-11-17 19:28:41,296: neo4j_middleware.neo4jConnector: [neo4j_connector] Received response. 
2024-11-17 19:28:41,306: neo4j_middleware.neo4jConnector: [neo4j_connector] Query delta: <neo4j._sync.work.result.Result object at 0x0000029FD4CD42E0>
2024-11-17 19:28:41,341: neo4j_middleware.neo4jConnector: [neo4j_connector] Received response. 
2024-11-17 19:28:41,360: neo4j_middleware.neo4jConnector: [neo4j_connector] Running query: MERGE(n23759:ts20201130T174446:SecondaryNode:IfcCartesianPoint {Coordinates:"(-4...
2024-11-17 19:28:41,412: neo4j_middleware.neo4jConnector: [neo4j_connector] Running query: MERGE(n24853:ts20201130T174446:SecondaryNode:IfcCartesianPoint {Coordinates:"(1....
2024-11-17 19:28:41,445: neo4j_middleware.neo4jConnector: [neo4j_connector] Query delta: <neo4j._sync.work.result.Result object at 0x00000228B2802040>
2024-11-17 19:28:41,464: neo4j_middleware.neo4jConnector: [neo4j_connector] Query delta: <neo4j._sync.work.result.Result object at 0x0000029FD4CCD9A0>
2024-11-17 19:28:41,482: neo4j_middleware.neo4jConnector: [neo4j_connector] Received response. 
2024-11-17 19:28:41,501: neo4j_middleware.neo4jConnector: [neo4j_connector] Received response. 
2024-11-17 19:28:41,550: neo4j_middleware.neo4jConnector: [neo4j_connector] Running query: MERGE(n23758:ts20201130T174446:SecondaryNode:IfcLocalPlacement {p21_id:23758, En...
2024-11-17 19:28:41,558: neo4j_middleware.neo4jConnector: [neo4j_connector] Running query: MERGE(n24850:ts20201130T174446:ConnectionNode:IfcRelConnectsPathElements {Global...
2024-11-17 19:28:41,614: neo4j_middleware.neo4jConnector: [neo4j_connector] Query delta: <neo4j._sync.work.result.Result object at 0x00000228B27A26A0>
2024-11-17 19:28:41,635: neo4j_middleware.neo4jConnector: [neo4j_connector] Query delta: <neo4j._sync.work.result.Result object at 0x0000029FD4CD4B20>
2024-11-17 19:28:41,652: neo4j_middleware.neo4jConnector: [neo4j_connector] Received response. 
2024-11-17 19:28:41,672: neo4j_middleware.neo4jConnector: [neo4j_connector] Received response. 
2024-11-17 19:28:41,711: neo4j_middleware.neo4jConnector: [neo4j_connector] Running query: MERGE(n23747:ts20201130T174446:PrimaryNode:IfcMemberType {GlobalId:"2pFZenn1bDyQ...
2024-11-17 19:28:41,731: neo4j_middleware.neo4jConnector: [neo4j_connector] Running query: MERGE(n24845:ts20201130T174446:ConnectionNode:IfcRelConnectsPathElements {Global...
2024-11-17 19:28:41,799: neo4j_middleware.neo4jConnector: [neo4j_connector] Query delta: <neo4j._sync.work.result.Result object at 0x00000228B278D940>
2024-11-17 19:28:41,807: neo4j_middleware.neo4jConnector: [neo4j_connector] Query delta: <neo4j._sync.work.result.Result object at 0x0000029FD4CCE460>
2024-11-17 19:28:41,838: neo4j_middleware.neo4jConnector: [neo4j_connector] Received response. 
2024-11-17 19:28:41,845: neo4j_middleware.neo4jConnector: [neo4j_connector] Received response. 
2024-11-17 19:28:41,905: neo4j_middleware.neo4jConnector: [neo4j_connector] Running query: MERGE(n24835:ts20201130T174446:ConnectionNode:IfcRelConnectsPathElements {Global...
2024-11-17 19:28:41,908: neo4j_middleware.neo4jConnector: [neo4j_connector] Running query: MERGE(n23743:ts20201130T174446:SecondaryNode:IfcShapeRepresentation {Representat...
2024-11-17 19:28:41,972: neo4j_middleware.neo4jConnector: [neo4j_connector] Query delta: <neo4j._sync.work.result.Result object at 0x00000228B2802E50>
2024-11-17 19:28:41,972: neo4j_middleware.neo4jConnector: [neo4j_connector] Query delta: <neo4j._sync.work.result.Result object at 0x0000029FD4CCF400>
2024-11-17 19:28:42,010: neo4j_middleware.neo4jConnector: [neo4j_connector] Received response. 
2024-11-17 19:28:42,015: neo4j_middleware.neo4jConnector: [neo4j_connector] Received response. 
2024-11-17 19:28:42,077: neo4j_middleware.neo4jConnector: [neo4j_connector] Running query: MERGE(n23739:ts20201130T174446:SecondaryNode:IfcExtrudedAreaSolid {Depth:1.78750...
2024-11-17 19:28:42,079: neo4j_middleware.neo4jConnector: [neo4j_connector] Running query: MERGE(n24826:ts20201130T174446:ConnectionNode:IfcRelDefinesByType {GlobalId:"0w1...
2024-11-17 19:28:42,136: neo4j_middleware.neo4jConnector: [neo4j_connector] Query delta: <neo4j._sync.work.result.Result object at 0x00000228B2D69D00>
2024-11-17 19:28:42,142: neo4j_middleware.neo4jConnector: [neo4j_connector] Query delta: <neo4j._sync.work.result.Result object at 0x0000029FD4CCE8B0>
2024-11-17 19:28:42,168: neo4j_middleware.neo4jConnector: [neo4j_connector] Received response. 
2024-11-17 19:28:42,174: neo4j_middleware.neo4jConnector: [neo4j_connector] Received response. 
2024-11-17 19:28:42,229: neo4j_middleware.neo4jConnector: [neo4j_connector] Running query: MERGE(n23735:ts20201130T174446:SecondaryNode:IfcRectangleProfileDef {ProfileType...
2024-11-17 19:28:42,233: neo4j_middleware.neo4jConnector: [neo4j_connector] Running query: MERGE(n24823:ts20201130T174446:ConnectionNode:IfcRelDefinesByType {GlobalId:"3OH...
2024-11-17 19:28:42,307: neo4j_middleware.neo4jConnector: [neo4j_connector] Query delta: <neo4j._sync.work.result.Result object at 0x0000029FD4CCE7F0>
2024-11-17 19:28:42,308: neo4j_middleware.neo4jConnector: [neo4j_connector] Query delta: <neo4j._sync.work.result.Result object at 0x00000228B2D6DB20>
2024-11-17 19:28:42,347: neo4j_middleware.neo4jConnector: [neo4j_connector] Received response. 
2024-11-17 19:28:42,347: neo4j_middleware.neo4jConnector: [neo4j_connector] Received response. 
2024-11-17 19:28:42,416: neo4j_middleware.neo4jConnector: [neo4j_connector] Running query: MERGE(n24820:ts20201130T174446:ConnectionNode:IfcRelDefinesByType {GlobalId:"3RR...
2024-11-17 19:28:42,420: neo4j_middleware.neo4jConnector: [neo4j_connector] Running query: MERGE(n23732:ts20201130T174446:SecondaryNode:IfcCartesianPoint {Coordinates:"(0....
2024-11-17 19:28:42,510: neo4j_middleware.neo4jConnector: [neo4j_connector] Query delta: <neo4j._sync.work.result.Result object at 0x0000029FD4CD45B0>
2024-11-17 19:28:42,515: neo4j_middleware.neo4jConnector: [neo4j_connector] Query delta: <neo4j._sync.work.result.Result object at 0x00000228B2D6DE80>
2024-11-17 19:28:42,553: neo4j_middleware.neo4jConnector: [neo4j_connector] Received response. 
2024-11-17 19:28:42,556: neo4j_middleware.neo4jConnector: [neo4j_connector] Received response. 
2024-11-17 19:28:42,617: neo4j_middleware.neo4jConnector: [neo4j_connector] Running query: MERGE(n24808:ts20201130T174446:ConnectionNode:IfcRelDefinesByType {GlobalId:"3$w...
2024-11-17 19:28:42,623: neo4j_middleware.neo4jConnector: [neo4j_connector] Running query: MERGE(n25006:ts20201130T174446:ConnectionNode:IfcRelFillsElement {GlobalId:"3N3H...
2024-11-17 19:28:42,685: neo4j_middleware.neo4jConnector: [neo4j_connector] Query delta: <neo4j._sync.work.result.Result object at 0x0000029FD4CCDFD0>
2024-11-17 19:28:42,687: neo4j_middleware.neo4jConnector: [neo4j_connector] Query delta: <neo4j._sync.work.result.Result object at 0x00000228B2802220>
2024-11-17 19:28:42,719: neo4j_middleware.neo4jConnector: [neo4j_connector] Received response. 
2024-11-17 19:28:42,723: neo4j_middleware.neo4jConnector: [neo4j_connector] Received response. 
2024-11-17 19:28:42,777: neo4j_middleware.neo4jConnector: [neo4j_connector] Running query: MERGE(n24805:ts20201130T174446:ConnectionNode:IfcRelDefinesByType {GlobalId:"35g...
2024-11-17 19:28:42,787: neo4j_middleware.neo4jConnector: [neo4j_connector] Running query: MERGE(n25009:ts20201130T174446:SecondaryNode:IfcAxis2Placement3D {p21_id:25009, ...
2024-11-17 19:28:42,836: neo4j_middleware.neo4jConnector: [neo4j_connector] Query delta: <neo4j._sync.work.result.Result object at 0x0000029FD4CD4430>
2024-11-17 19:28:42,854: neo4j_middleware.neo4jConnector: [neo4j_connector] Query delta: <neo4j._sync.work.result.Result object at 0x00000228B28639A0>
2024-11-17 19:28:42,868: neo4j_middleware.neo4jConnector: [neo4j_connector] Received response. 
2024-11-17 19:28:42,890: neo4j_middleware.neo4jConnector: [neo4j_connector] Received response. 
2024-11-17 19:28:42,927: neo4j_middleware.neo4jConnector: [neo4j_connector] Running query: MERGE(n24796:ts20201130T174446:ConnectionNode:IfcRelDefinesByType {GlobalId:"1NQ...
2024-11-17 19:28:42,947: neo4j_middleware.neo4jConnector: [neo4j_connector] Running query: MERGE(n23725:ts20201130T174446:SecondaryNode:IfcAxis2Placement3D {p21_id:23725, ...
2024-11-17 19:28:42,996: neo4j_middleware.neo4jConnector: [neo4j_connector] Query delta: <neo4j._sync.work.result.Result object at 0x0000029FD4CCED30>
2024-11-17 19:28:43,015: neo4j_middleware.neo4jConnector: [neo4j_connector] Query delta: <neo4j._sync.work.result.Result object at 0x00000228B278D580>
2024-11-17 19:28:43,033: neo4j_middleware.neo4jConnector: [neo4j_connector] Received response. 
2024-11-17 19:28:43,056: neo4j_middleware.neo4jConnector: [neo4j_connector] Received response. 
2024-11-17 19:28:43,091: neo4j_middleware.neo4jConnector: [neo4j_connector] Running query: MERGE(n24793:ts20201130T174446:ConnectionNode:IfcRelDefinesByType {GlobalId:"36Z...
2024-11-17 19:28:43,118: neo4j_middleware.neo4jConnector: [neo4j_connector] Running query: MERGE(n23722:ts20201130T174446:SecondaryNode:IfcLocalPlacement {p21_id:23722, En...
2024-11-17 19:28:43,149: neo4j_middleware.neo4jConnector: [neo4j_connector] Query delta: <neo4j._sync.work.result.Result object at 0x0000029FD4CE2DC0>
2024-11-17 19:28:43,176: neo4j_middleware.neo4jConnector: [neo4j_connector] Query delta: <neo4j._sync.work.result.Result object at 0x00000228B2802760>
2024-11-17 19:28:43,185: neo4j_middleware.neo4jConnector: [neo4j_connector] Received response. 
2024-11-17 19:28:43,216: neo4j_middleware.neo4jConnector: [neo4j_connector] Received response. 
2024-11-17 19:28:43,253: neo4j_middleware.neo4jConnector: [neo4j_connector] Running query: MERGE(n24778:ts20201130T174446:ConnectionNode:IfcRelDefinesByType {GlobalId:"2F$...
2024-11-17 19:28:43,281: neo4j_middleware.neo4jConnector: [neo4j_connector] Running query: MERGE(n23717:ts20201130T174446:SecondaryNode:IfcProductDefinitionShape {Name:"No...
2024-11-17 19:28:43,317: neo4j_middleware.neo4jConnector: [neo4j_connector] Query delta: <neo4j._sync.work.result.Result object at 0x0000029FD4CCE790>
2024-11-17 19:28:43,343: neo4j_middleware.neo4jConnector: [neo4j_connector] Query delta: <neo4j._sync.work.result.Result object at 0x00000228B2D6D730>
2024-11-17 19:28:43,353: neo4j_middleware.neo4jConnector: [neo4j_connector] Received response. 
2024-11-17 19:28:43,384: neo4j_middleware.neo4jConnector: [neo4j_connector] Received response. 
2024-11-17 19:28:43,419: neo4j_middleware.neo4jConnector: [neo4j_connector] Running query: MERGE(n24775:ts20201130T174446:ConnectionNode:IfcRelDefinesByType {GlobalId:"0bP...
2024-11-17 19:28:43,446: neo4j_middleware.neo4jConnector: [neo4j_connector] Running query: MERGE(n23714:ts20201130T174446:SecondaryNode:IfcMappedItem {p21_id:23714, Entity...
2024-11-17 19:28:43,477: neo4j_middleware.neo4jConnector: [neo4j_connector] Query delta: <neo4j._sync.work.result.Result object at 0x0000029FD4CD4AC0>
2024-11-17 19:28:43,500: neo4j_middleware.neo4jConnector: [neo4j_connector] Query delta: <neo4j._sync.work.result.Result object at 0x00000228B2810280>
2024-11-17 19:28:43,520: neo4j_middleware.neo4jConnector: [neo4j_connector] Received response. 
2024-11-17 19:28:43,537: neo4j_middleware.neo4jConnector: [neo4j_connector] Received response. 
2024-11-17 19:28:43,580: neo4j_middleware.neo4jConnector: [neo4j_connector] Running query: MERGE(n24763:ts20201130T174446:ConnectionNode:IfcRelDefinesByType {GlobalId:"27Y...
2024-11-17 19:28:43,595: neo4j_middleware.neo4jConnector: [neo4j_connector] Running query: MERGE(n23709:ts20201130T174446:SecondaryNode:IfcPropertySet {GlobalId:"12ou$qO7T...
2024-11-17 19:28:43,658: neo4j_middleware.neo4jConnector: [neo4j_connector] Query delta: <neo4j._sync.work.result.Result object at 0x0000029FD4CCDD60>
2024-11-17 19:28:43,673: neo4j_middleware.neo4jConnector: [neo4j_connector] Query delta: <neo4j._sync.work.result.Result object at 0x00000228B27C0130>
2024-11-17 19:28:43,698: neo4j_middleware.neo4jConnector: [neo4j_connector] Received response. 
2024-11-17 19:28:43,706: neo4j_middleware.neo4jConnector: [neo4j_connector] Received response. 
2024-11-17 19:28:43,762: neo4j_middleware.neo4jConnector: [neo4j_connector] Running query: MERGE(n24757:ts20201130T174446:ConnectionNode:IfcRelDefinesByType {GlobalId:"1KM...
2024-11-17 19:28:43,768: neo4j_middleware.neo4jConnector: [neo4j_connector] Running query: MERGE(n23707:ts20201130T174446:SecondaryNode:IfcPropertySet {GlobalId:"2rZj_evdH...
2024-11-17 19:28:43,866: neo4j_middleware.neo4jConnector: [neo4j_connector] Query delta: <neo4j._sync.work.result.Result object at 0x00000228B28025E0>
2024-11-17 19:28:43,868: neo4j_middleware.neo4jConnector: [neo4j_connector] Query delta: <neo4j._sync.work.result.Result object at 0x0000029FD4CD4880>
2024-11-17 19:28:43,904: neo4j_middleware.neo4jConnector: [neo4j_connector] Received response. 
2024-11-17 19:28:43,908: neo4j_middleware.neo4jConnector: [neo4j_connector] Received response. 
2024-11-17 19:28:43,966: neo4j_middleware.neo4jConnector: [neo4j_connector] Running query: MERGE(n24754:ts20201130T174446:ConnectionNode:IfcRelDefinesByType {GlobalId:"16J...
2024-11-17 19:28:43,971: neo4j_middleware.neo4jConnector: [neo4j_connector] Running query: MERGE(n23699:ts20201130T174446:SecondaryNode:IfcLocalPlacement {p21_id:23699, En...
2024-11-17 19:28:44,029: neo4j_middleware.neo4jConnector: [neo4j_connector] Query delta: <neo4j._sync.work.result.Result object at 0x00000228B2810BB0>
2024-11-17 19:28:44,030: neo4j_middleware.neo4jConnector: [neo4j_connector] Query delta: <neo4j._sync.work.result.Result object at 0x0000029FD4CCE3A0>
2024-11-17 19:28:44,069: neo4j_middleware.neo4jConnector: [neo4j_connector] Received response. 
2024-11-17 19:28:44,069: neo4j_middleware.neo4jConnector: [neo4j_connector] Received response. 
2024-11-17 19:28:44,131: neo4j_middleware.neo4jConnector: [neo4j_connector] Running query: MERGE(n23694:ts20201130T174446:SecondaryNode:IfcProductDefinitionShape {Name:"No...
2024-11-17 19:28:44,134: neo4j_middleware.neo4jConnector: [neo4j_connector] Running query: MERGE(n24719:ts20201130T174446:ConnectionNode:IfcRelAssociatesMaterial {GlobalId...
2024-11-17 19:28:44,201: neo4j_middleware.neo4jConnector: [neo4j_connector] Query delta: <neo4j._sync.work.result.Result object at 0x0000029FD4CCFA30>
2024-11-17 19:28:44,202: neo4j_middleware.neo4jConnector: [neo4j_connector] Query delta: <neo4j._sync.work.result.Result object at 0x00000228B278D700>
2024-11-17 19:28:44,231: neo4j_middleware.neo4jConnector: [neo4j_connector] Received response. 
2024-11-17 19:28:44,241: neo4j_middleware.neo4jConnector: [neo4j_connector] Received response. 
2024-11-17 19:28:44,288: neo4j_middleware.neo4jConnector: [neo4j_connector] Running query: MERGE(n24715:ts20201130T174446:ConnectionNode:IfcRelAssociatesMaterial {GlobalId...
2024-11-17 19:28:44,311: neo4j_middleware.neo4jConnector: [neo4j_connector] Running query: MERGE(n23692:ts20201130T174446:SecondaryNode:IfcShapeRepresentation {Representat...
2024-11-17 19:28:44,363: neo4j_middleware.neo4jConnector: [neo4j_connector] Query delta: <neo4j._sync.work.result.Result object at 0x0000029FD4CCF4F0>
2024-11-17 19:28:44,377: neo4j_middleware.neo4jConnector: [neo4j_connector] Query delta: <neo4j._sync.work.result.Result object at 0x00000228B27C0130>
2024-11-17 19:28:44,398: neo4j_middleware.neo4jConnector: [neo4j_connector] Received response. 
2024-11-17 19:28:44,425: neo4j_middleware.neo4jConnector: [neo4j_connector] Received response. 
2024-11-17 19:28:44,460: neo4j_middleware.neo4jConnector: [neo4j_connector] Running query: MERGE(n24712:ts20201130T174446:ConnectionNode:IfcRelAssociatesMaterial {GlobalId...
2024-11-17 19:28:44,484: neo4j_middleware.neo4jConnector: [neo4j_connector] Running query: MERGE(n23688:ts20201130T174446:PrimaryNode:IfcMemberType {GlobalId:"2wrQh2Uxb38e...
2024-11-17 19:28:44,522: neo4j_middleware.neo4jConnector: [neo4j_connector] Query delta: <neo4j._sync.work.result.Result object at 0x0000029FD4CCFCA0>
2024-11-17 19:28:44,556: neo4j_middleware.neo4jConnector: [neo4j_connector] Query delta: <neo4j._sync.work.result.Result object at 0x00000228B2802D90>
2024-11-17 19:28:44,559: neo4j_middleware.neo4jConnector: [neo4j_connector] Received response. 
2024-11-17 19:28:44,590: neo4j_middleware.neo4jConnector: [neo4j_connector] Received response. 
2024-11-17 19:28:44,631: neo4j_middleware.neo4jConnector: [neo4j_connector] Running query: MERGE(n24706:ts20201130T174446:ConnectionNode:IfcRelAssociatesMaterial {GlobalId...
2024-11-17 19:28:44,653: neo4j_middleware.neo4jConnector: [neo4j_connector] Running query: MERGE(n23684:ts20201130T174446:SecondaryNode:IfcShapeRepresentation {Representat...
2024-11-17 19:28:44,696: neo4j_middleware.neo4jConnector: [neo4j_connector] Query delta: <neo4j._sync.work.result.Result object at 0x0000029FD4CD4760>
2024-11-17 19:28:44,721: neo4j_middleware.neo4jConnector: [neo4j_connector] Query delta: <neo4j._sync.work.result.Result object at 0x00000228B2863340>
2024-11-17 19:28:44,732: neo4j_middleware.neo4jConnector: [neo4j_connector] Received response. 
2024-11-17 19:28:44,759: neo4j_middleware.neo4jConnector: [neo4j_connector] Received response. 
2024-11-17 19:28:44,795: neo4j_middleware.neo4jConnector: [neo4j_connector] Running query: MERGE(n24703:ts20201130T174446:ConnectionNode:IfcRelAssociatesMaterial {GlobalId...
2024-11-17 19:28:44,817: neo4j_middleware.neo4jConnector: [neo4j_connector] Running query: MERGE(n23680:ts20201130T174446:SecondaryNode:IfcExtrudedAreaSolid {Depth:1.81249...
2024-11-17 19:28:44,860: neo4j_middleware.neo4jConnector: [neo4j_connector] Query delta: <neo4j._sync.work.result.Result object at 0x0000029FD4CCE4C0>
2024-11-17 19:28:44,892: neo4j_middleware.neo4jConnector: [neo4j_connector] Query delta: <neo4j._sync.work.result.Result object at 0x00000228B2D6D940>
2024-11-17 19:28:44,899: neo4j_middleware.neo4jConnector: [neo4j_connector] Received response. 
2024-11-17 19:28:44,925: neo4j_middleware.neo4jConnector: [neo4j_connector] Received response. 
2024-11-17 19:28:44,966: neo4j_middleware.neo4jConnector: [neo4j_connector] Running query: MERGE(n24700:ts20201130T174446:ConnectionNode:IfcRelAssociatesMaterial {GlobalId...
2024-11-17 19:28:44,983: neo4j_middleware.neo4jConnector: [neo4j_connector] Running query: MERGE(n23679:ts20201130T174446:SecondaryNode:IfcAxis2Placement3D {p21_id:23679, ...
2024-11-17 19:28:45,091: neo4j_middleware.neo4jConnector: [neo4j_connector] Query delta: <neo4j._sync.work.result.Result object at 0x0000029FD4CD9C10>
2024-11-17 19:28:45,092: neo4j_middleware.neo4jConnector: [neo4j_connector] Query delta: <neo4j._sync.work.result.Result object at 0x00000228B2D69D30>
2024-11-17 19:28:45,131: neo4j_middleware.neo4jConnector: [neo4j_connector] Received response. 
2024-11-17 19:28:45,131: neo4j_middleware.neo4jConnector: [neo4j_connector] Received response. 
2024-11-17 19:28:45,191: neo4j_middleware.neo4jConnector: [neo4j_connector] Running query: MERGE(n24688:ts20201130T174446:ConnectionNode:IfcRelAssociatesMaterial {GlobalId...
2024-11-17 19:28:45,194: neo4j_middleware.neo4jConnector: [neo4j_connector] Running query: MERGE(n23677:ts20201130T174446:SecondaryNode:IfcCartesianPoint {Coordinates:"(-0...
2024-11-17 19:28:45,258: neo4j_middleware.neo4jConnector: [neo4j_connector] Query delta: <neo4j._sync.work.result.Result object at 0x00000228B28100D0>
2024-11-17 19:28:45,259: neo4j_middleware.neo4jConnector: [neo4j_connector] Query delta: <neo4j._sync.work.result.Result object at 0x0000029FD4CD4730>
2024-11-17 19:28:45,296: neo4j_middleware.neo4jConnector: [neo4j_connector] Received response. 
2024-11-17 19:28:45,296: neo4j_middleware.neo4jConnector: [neo4j_connector] Received response. 
2024-11-17 19:28:45,355: neo4j_middleware.neo4jConnector: [neo4j_connector] Running query: MERGE(n24682:ts20201130T174446:ConnectionNode:IfcRelAssociatesMaterial {GlobalId...
2024-11-17 19:28:45,362: neo4j_middleware.neo4jConnector: [neo4j_connector] Running query: MERGE(n23673:ts20201130T174446:SecondaryNode:IfcCartesianPoint {Coordinates:"(0....
2024-11-17 19:28:45,421: neo4j_middleware.neo4jConnector: [neo4j_connector] Query delta: <neo4j._sync.work.result.Result object at 0x0000029FD4CCFB80>
2024-11-17 19:28:45,423: neo4j_middleware.neo4jConnector: [neo4j_connector] Query delta: <neo4j._sync.work.result.Result object at 0x00000228B278D850>
2024-11-17 19:28:45,459: neo4j_middleware.neo4jConnector: [neo4j_connector] Received response. 
2024-11-17 19:28:45,460: neo4j_middleware.neo4jConnector: [neo4j_connector] Received response. 
2024-11-17 19:28:45,524: neo4j_middleware.neo4jConnector: [neo4j_connector] Running query: MERGE(n25015:ts20201130T174446:SecondaryNode:IfcAxis2Placement2D {p21_id:25015, ...
2024-11-17 19:28:45,526: neo4j_middleware.neo4jConnector: [neo4j_connector] Running query: MERGE(n24676:ts20201130T174446:ConnectionNode:IfcRelAssociatesMaterial {GlobalId...
2024-11-17 19:28:45,580: neo4j_middleware.neo4jConnector: [neo4j_connector] Query delta: <neo4j._sync.work.result.Result object at 0x00000228B2810BB0>
2024-11-17 19:28:45,591: neo4j_middleware.neo4jConnector: [neo4j_connector] Query delta: <neo4j._sync.work.result.Result object at 0x0000029FD4CCE7F0>
2024-11-17 19:28:45,627: neo4j_middleware.neo4jConnector: [neo4j_connector] Received response. 
2024-11-17 19:28:45,628: neo4j_middleware.neo4jConnector: [neo4j_connector] Received response. 
2024-11-17 19:28:45,687: neo4j_middleware.neo4jConnector: [neo4j_connector] Running query: MERGE(n23659:ts20201130T174446:SecondaryNode:IfcAxis2Placement3D {p21_id:23659, ...
2024-11-17 19:28:45,687: neo4j_middleware.neo4jConnector: [neo4j_connector] Running query: MERGE(n24673:ts20201130T174446:ConnectionNode:IfcRelAssociatesMaterial {GlobalId...
2024-11-17 19:28:45,760: neo4j_middleware.neo4jConnector: [neo4j_connector] Query delta: <neo4j._sync.work.result.Result object at 0x00000228B2802E50>
2024-11-17 19:28:45,763: neo4j_middleware.neo4jConnector: [neo4j_connector] Query delta: <neo4j._sync.work.result.Result object at 0x0000029FD4CCFDC0>
2024-11-17 19:28:45,796: neo4j_middleware.neo4jConnector: [neo4j_connector] Received response. 
2024-11-17 19:28:45,797: neo4j_middleware.neo4jConnector: [neo4j_connector] Received response. 
2024-11-17 19:28:45,856: neo4j_middleware.neo4jConnector: [neo4j_connector] Running query: MERGE(n23647:ts20201130T174446:SecondaryNode:IfcMappedItem {p21_id:23647, Entity...
2024-11-17 19:28:45,861: neo4j_middleware.neo4jConnector: [neo4j_connector] Running query: MERGE(n24658:ts20201130T174446:ConnectionNode:IfcRelAssociatesMaterial {GlobalId...
2024-11-17 19:28:45,913: neo4j_middleware.neo4jConnector: [neo4j_connector] Query delta: <neo4j._sync.work.result.Result object at 0x0000029FD4CD48B0>
2024-11-17 19:28:45,914: neo4j_middleware.neo4jConnector: [neo4j_connector] Query delta: <neo4j._sync.work.result.Result object at 0x00000228B2D6D130>
2024-11-17 19:28:45,951: neo4j_middleware.neo4jConnector: [neo4j_connector] Received response. 
2024-11-17 19:28:45,953: neo4j_middleware.neo4jConnector: [neo4j_connector] Received response. 
2024-11-17 19:28:46,013: neo4j_middleware.neo4jConnector: [neo4j_connector] Running query: MERGE(n23644:ts20201130T174446:SecondaryNode:IfcRepresentationMap {p21_id:23644,...
2024-11-17 19:28:46,013: neo4j_middleware.neo4jConnector: [neo4j_connector] Running query: MERGE(n24652:ts20201130T174446:ConnectionNode:IfcRelAssociatesMaterial {GlobalId...
2024-11-17 19:28:46,073: neo4j_middleware.neo4jConnector: [neo4j_connector] Query delta: <neo4j._sync.work.result.Result object at 0x00000228B2802A30>
2024-11-17 19:28:46,073: neo4j_middleware.neo4jConnector: [neo4j_connector] Query delta: <neo4j._sync.work.result.Result object at 0x0000029FD4CD4400>
2024-11-17 19:28:46,104: neo4j_middleware.neo4jConnector: [neo4j_connector] Received response. 
2024-11-17 19:28:46,104: neo4j_middleware.neo4jConnector: [neo4j_connector] Received response. 
2024-11-17 19:28:46,167: neo4j_middleware.neo4jConnector: [neo4j_connector] Running query: MERGE(n23643:ts20201130T174446:SecondaryNode:IfcAxis2Placement3D {p21_id:23643, ...
2024-11-17 19:28:46,167: neo4j_middleware.neo4jConnector: [neo4j_connector] Running query: MERGE(n24646:ts20201130T174446:ConnectionNode:IfcRelAssociatesMaterial {GlobalId...
2024-11-17 19:28:46,229: neo4j_middleware.neo4jConnector: [neo4j_connector] Query delta: <neo4j._sync.work.result.Result object at 0x00000228AB6FE190>
2024-11-17 19:28:46,229: neo4j_middleware.neo4jConnector: [neo4j_connector] Query delta: <neo4j._sync.work.result.Result object at 0x0000029FD4CD9190>
2024-11-17 19:28:46,261: neo4j_middleware.neo4jConnector: [neo4j_connector] Received response. 
2024-11-17 19:28:46,261: neo4j_middleware.neo4jConnector: [neo4j_connector] Received response. 
2024-11-17 19:28:46,326: neo4j_middleware.neo4jConnector: [neo4j_connector] Running query: MERGE(n23637:ts20201130T174446:SecondaryNode:IfcExtrudedAreaSolid {Depth:1.78750...
2024-11-17 19:28:46,336: neo4j_middleware.neo4jConnector: [neo4j_connector] Running query: MERGE(n24643:ts20201130T174446:ConnectionNode:IfcRelAssociatesMaterial {GlobalId...
2024-11-17 19:28:46,399: neo4j_middleware.neo4jConnector: [neo4j_connector] Query delta: <neo4j._sync.work.result.Result object at 0x00000228B28630D0>
2024-11-17 19:28:46,415: neo4j_middleware.neo4jConnector: [neo4j_connector] Query delta: <neo4j._sync.work.result.Result object at 0x0000029FD4CD4CD0>
2024-11-17 19:28:46,434: neo4j_middleware.neo4jConnector: [neo4j_connector] Received response. 
2024-11-17 19:28:46,451: neo4j_middleware.neo4jConnector: [neo4j_connector] Received response. 
2024-11-17 19:28:46,492: neo4j_middleware.neo4jConnector: [neo4j_connector] Running query: MERGE(n23636:ts20201130T174446:SecondaryNode:IfcAxis2Placement3D {p21_id:23636, ...
2024-11-17 19:28:46,509: neo4j_middleware.neo4jConnector: [neo4j_connector] Running query: MERGE(n24637:ts20201130T174446:ConnectionNode:IfcRelAssociatesMaterial {GlobalId...
2024-11-17 19:28:46,552: neo4j_middleware.neo4jConnector: [neo4j_connector] Query delta: <neo4j._sync.work.result.Result object at 0x00000228B278D1F0>
2024-11-17 19:28:46,564: neo4j_middleware.neo4jConnector: [neo4j_connector] Query delta: <neo4j._sync.work.result.Result object at 0x0000029FD4CCEF10>
2024-11-17 19:28:46,591: neo4j_middleware.neo4jConnector: [neo4j_connector] Received response. 
2024-11-17 19:28:46,604: neo4j_middleware.neo4jConnector: [neo4j_connector] Received response. 
2024-11-17 19:28:46,649: neo4j_middleware.neo4jConnector: [neo4j_connector] Running query: MERGE(n23632:ts20201130T174446:SecondaryNode:IfcAxis2Placement2D {p21_id:23632, ...
2024-11-17 19:28:46,673: neo4j_middleware.neo4jConnector: [neo4j_connector] Running query: MERGE(n24628:ts20201130T174446:ConnectionNode:IfcRelAssociatesMaterial {GlobalId...
2024-11-17 19:28:46,702: neo4j_middleware.neo4jConnector: [neo4j_connector] Query delta: <neo4j._sync.work.result.Result object at 0x00000228B2810640>
2024-11-17 19:28:46,729: neo4j_middleware.neo4jConnector: [neo4j_connector] Query delta: <neo4j._sync.work.result.Result object at 0x0000029FD4CE3F70>
2024-11-17 19:28:46,734: neo4j_middleware.neo4jConnector: [neo4j_connector] Received response. 
2024-11-17 19:28:46,769: neo4j_middleware.neo4jConnector: [neo4j_connector] Received response. 
2024-11-17 19:28:46,785: neo4j_middleware.neo4jConnector: [neo4j_connector] Running query: MERGE(n23628:ts20201130T174446:SecondaryNode:IfcAxis2Placement3D {p21_id:23628, ...
2024-11-17 19:28:46,831: neo4j_middleware.neo4jConnector: [neo4j_connector] Running query: MERGE(n24616:ts20201130T174446:ConnectionNode:IfcRelAssociatesMaterial {GlobalId...
2024-11-17 19:28:46,854: neo4j_middleware.neo4jConnector: [neo4j_connector] Query delta: <neo4j._sync.work.result.Result object at 0x00000228B2802340>
2024-11-17 19:28:46,879: neo4j_middleware.neo4jConnector: [neo4j_connector] Query delta: <neo4j._sync.work.result.Result object at 0x0000029FD4CCF550>
2024-11-17 19:28:46,894: neo4j_middleware.neo4jConnector: [neo4j_connector] Received response. 
2024-11-17 19:28:46,926: neo4j_middleware.neo4jConnector: [neo4j_connector] Received response. 
2024-11-17 19:28:46,958: neo4j_middleware.neo4jConnector: [neo4j_connector] Running query: MERGE(n23621:ts20201130T174446:SecondaryNode:IfcPropertySet {GlobalId:"3UgXJSDgP...
2024-11-17 19:28:46,989: neo4j_middleware.neo4jConnector: [neo4j_connector] Running query: MERGE(n24598:ts20201130T174446:ConnectionNode:IfcRelAssociatesMaterial {GlobalId...
2024-11-17 19:28:47,036: neo4j_middleware.neo4jConnector: [neo4j_connector] Query delta: <neo4j._sync.work.result.Result object at 0x00000228B2D6D550>
2024-11-17 19:28:47,070: neo4j_middleware.neo4jConnector: [neo4j_connector] Query delta: <neo4j._sync.work.result.Result object at 0x0000029FD4CCF9D0>
2024-11-17 19:28:47,077: neo4j_middleware.neo4jConnector: [neo4j_connector] Received response. 
2024-11-17 19:28:47,099: neo4j_middleware.neo4jConnector: [neo4j_connector] Received response. 
2024-11-17 19:28:47,143: neo4j_middleware.neo4jConnector: [neo4j_connector] Running query: MERGE(n25018:ts20201130T174446:SecondaryNode:IfcExtrudedAreaSolid {Depth:0.1, p2...
2024-11-17 19:28:47,161: neo4j_middleware.neo4jConnector: [neo4j_connector] Running query: MERGE(n24592:ts20201130T174446:ConnectionNode:IfcRelAssociatesMaterial {GlobalId...
2024-11-17 19:28:47,221: neo4j_middleware.neo4jConnector: [neo4j_connector] Query delta: <neo4j._sync.work.result.Result object at 0x0000029FD4CD96D0>
2024-11-17 19:28:47,221: neo4j_middleware.neo4jConnector: [neo4j_connector] Query delta: <neo4j._sync.work.result.Result object at 0x00000228B2802A60>
2024-11-17 19:28:47,255: neo4j_middleware.neo4jConnector: [neo4j_connector] Received response. 
2024-11-17 19:28:47,255: neo4j_middleware.neo4jConnector: [neo4j_connector] Received response. 
2024-11-17 19:28:47,315: neo4j_middleware.neo4jConnector: [neo4j_connector] Running query: MERGE(n24586:ts20201130T174446:ConnectionNode:IfcRelAssociatesMaterial {GlobalId...
2024-11-17 19:28:47,315: neo4j_middleware.neo4jConnector: [neo4j_connector] Running query: MERGE(n23614:ts20201130T174446:SecondaryNode:IfcCartesianPoint {Coordinates:"(3....
2024-11-17 19:28:47,378: neo4j_middleware.neo4jConnector: [neo4j_connector] Query delta: <neo4j._sync.work.result.Result object at 0x00000228B2810880>
2024-11-17 19:28:47,394: neo4j_middleware.neo4jConnector: [neo4j_connector] Query delta: <neo4j._sync.work.result.Result object at 0x0000029FD4CD4F10>
2024-11-17 19:28:47,410: neo4j_middleware.neo4jConnector: [neo4j_connector] Received response. 
2024-11-17 19:28:47,425: neo4j_middleware.neo4jConnector: [neo4j_connector] Received response. 
2024-11-17 19:28:47,473: neo4j_middleware.neo4jConnector: [neo4j_connector] Running query: MERGE(n23613:ts20201130T174446:SecondaryNode:IfcLocalPlacement {p21_id:23613, En...
2024-11-17 19:28:47,488: neo4j_middleware.neo4jConnector: [neo4j_connector] Running query: MERGE(n24577:ts20201130T174446:ConnectionNode:IfcRelAssociatesMaterial {GlobalId...
2024-11-17 19:28:47,535: neo4j_middleware.neo4jConnector: [neo4j_connector] Query delta: <neo4j._sync.work.result.Result object at 0x00000228B28630A0>
2024-11-17 19:28:47,556: neo4j_middleware.neo4jConnector: [neo4j_connector] Query delta: <neo4j._sync.work.result.Result object at 0x0000029FD4CCFE50>
2024-11-17 19:28:47,567: neo4j_middleware.neo4jConnector: [neo4j_connector] Received response. 
2024-11-17 19:28:47,582: neo4j_middleware.neo4jConnector: [neo4j_connector] Received response. 
2024-11-17 19:28:47,641: neo4j_middleware.neo4jConnector: [neo4j_connector] Running query: MERGE(n23602:ts20201130T174446:PrimaryNode:IfcMemberType {GlobalId:"2ooFqYUTz3s9...
2024-11-17 19:28:47,659: neo4j_middleware.neo4jConnector: [neo4j_connector] Running query: MERGE(n24574:ts20201130T174446:ConnectionNode:IfcRelAssociatesMaterial {GlobalId...
2024-11-17 19:28:47,721: neo4j_middleware.neo4jConnector: [neo4j_connector] Query delta: <neo4j._sync.work.result.Result object at 0x0000029FD4CCEC40>
2024-11-17 19:28:47,721: neo4j_middleware.neo4jConnector: [neo4j_connector] Query delta: <neo4j._sync.work.result.Result object at 0x00000228B278D0A0>
2024-11-17 19:28:47,768: neo4j_middleware.neo4jConnector: [neo4j_connector] Received response. 
2024-11-17 19:28:47,768: neo4j_middleware.neo4jConnector: [neo4j_connector] Received response. 
2024-11-17 19:28:47,832: neo4j_middleware.neo4jConnector: [neo4j_connector] Running query: MERGE(n24568:ts20201130T174446:ConnectionNode:IfcRelAssociatesMaterial {GlobalId...
2024-11-17 19:28:47,835: neo4j_middleware.neo4jConnector: [neo4j_connector] Running query: MERGE(n23598:ts20201130T174446:SecondaryNode:IfcShapeRepresentation {Representat...
2024-11-17 19:28:47,883: neo4j_middleware.neo4jConnector: [neo4j_connector] Query delta: <neo4j._sync.work.result.Result object at 0x0000029FD4CE8D30>
2024-11-17 19:28:47,899: neo4j_middleware.neo4jConnector: [neo4j_connector] Query delta: <neo4j._sync.work.result.Result object at 0x00000228B2810A90>
2024-11-17 19:28:47,930: neo4j_middleware.neo4jConnector: [neo4j_connector] Received response. 
2024-11-17 19:28:47,930: neo4j_middleware.neo4jConnector: [neo4j_connector] Received response. 
2024-11-17 19:28:47,993: neo4j_middleware.neo4jConnector: [neo4j_connector] Running query: MERGE(n24562:ts20201130T174446:ConnectionNode:IfcRelAssociatesMaterial {GlobalId...
2024-11-17 19:28:47,993: neo4j_middleware.neo4jConnector: [neo4j_connector] Running query: MERGE(n23594:ts20201130T174446:SecondaryNode:IfcExtrudedAreaSolid {Depth:1.78750...
2024-11-17 19:28:48,056: neo4j_middleware.neo4jConnector: [neo4j_connector] Query delta: <neo4j._sync.work.result.Result object at 0x0000029FD4CCE8B0>
2024-11-17 19:28:48,058: neo4j_middleware.neo4jConnector: [neo4j_connector] Query delta: <neo4j._sync.work.result.Result object at 0x00000228B28020D0>
2024-11-17 19:28:48,088: neo4j_middleware.neo4jConnector: [neo4j_connector] Received response. 
2024-11-17 19:28:48,088: neo4j_middleware.neo4jConnector: [neo4j_connector] Received response. 
2024-11-17 19:28:48,158: neo4j_middleware.neo4jConnector: [neo4j_connector] Running query: MERGE(n24559:ts20201130T174446:ConnectionNode:IfcRelAssociatesMaterial {GlobalId...
2024-11-17 19:28:48,170: neo4j_middleware.neo4jConnector: [neo4j_connector] Running query: MERGE(n23590:ts20201130T174446:SecondaryNode:IfcRectangleProfileDef {ProfileType...
2024-11-17 19:28:48,222: neo4j_middleware.neo4jConnector: [neo4j_connector] Query delta: <neo4j._sync.work.result.Result object at 0x0000029FD4CCFAC0>
2024-11-17 19:28:48,222: neo4j_middleware.neo4jConnector: [neo4j_connector] Query delta: <neo4j._sync.work.result.Result object at 0x00000228B2D6D940>
2024-11-17 19:28:48,254: neo4j_middleware.neo4jConnector: [neo4j_connector] Received response. 
2024-11-17 19:28:48,258: neo4j_middleware.neo4jConnector: [neo4j_connector] Received response. 
2024-11-17 19:28:48,323: neo4j_middleware.neo4jConnector: [neo4j_connector] Running query: MERGE(n24556:ts20201130T174446:ConnectionNode:IfcRelAssociatesMaterial {GlobalId...
2024-11-17 19:28:48,328: neo4j_middleware.neo4jConnector: [neo4j_connector] Running query: MERGE(n23587:ts20201130T174446:SecondaryNode:IfcCartesianPoint {Coordinates:"(0....
2024-11-17 19:28:48,407: neo4j_middleware.neo4jConnector: [neo4j_connector] Query delta: <neo4j._sync.work.result.Result object at 0x00000228B2802E50>
2024-11-17 19:28:48,408: neo4j_middleware.neo4jConnector: [neo4j_connector] Query delta: <neo4j._sync.work.result.Result object at 0x0000029FD4CD4FA0>
2024-11-17 19:28:48,439: neo4j_middleware.neo4jConnector: [neo4j_connector] Received response. 
2024-11-17 19:28:48,439: neo4j_middleware.neo4jConnector: [neo4j_connector] Received response. 
2024-11-17 19:28:48,525: neo4j_middleware.neo4jConnector: [neo4j_connector] Running query: MERGE(n24544:ts20201130T174446:SecondaryNode:IfcPropertySet {GlobalId:"29TFpHBYX...
2024-11-17 19:28:48,525: neo4j_middleware.neo4jConnector: [neo4j_connector] Running query: MERGE(n23580:ts20201130T174446:SecondaryNode:IfcAxis2Placement3D {p21_id:23580, ...
2024-11-17 19:28:48,592: neo4j_middleware.neo4jConnector: [neo4j_connector] Query delta: <neo4j._sync.work.result.Result object at 0x0000029FD4CD4B20>
2024-11-17 19:28:48,605: neo4j_middleware.neo4jConnector: [neo4j_connector] Query delta: <neo4j._sync.work.result.Result object at 0x00000228B2810F10>
2024-11-17 19:28:48,633: neo4j_middleware.neo4jConnector: [neo4j_connector] Received response. 
2024-11-17 19:28:48,633: neo4j_middleware.neo4jConnector: [neo4j_connector] Received response. 
2024-11-17 19:28:48,694: neo4j_middleware.neo4jConnector: [neo4j_connector] Running query: MERGE(n24543:ts20201130T174446:SecondaryNode:IfcPropertySingleValue {Name:"IsLan...
2024-11-17 19:28:48,696: neo4j_middleware.neo4jConnector: [neo4j_connector] Running query: MERGE(n23577:ts20201130T174446:SecondaryNode:IfcLocalPlacement {p21_id:23577, En...
2024-11-17 19:28:48,758: neo4j_middleware.neo4jConnector: [neo4j_connector] Query delta: <neo4j._sync.work.result.Result object at 0x0000029FD4CCFE80>
2024-11-17 19:28:48,758: neo4j_middleware.neo4jConnector: [neo4j_connector] Query delta: <neo4j._sync.work.result.Result object at 0x00000228B281FF70>
2024-11-17 19:28:48,790: neo4j_middleware.neo4jConnector: [neo4j_connector] Received response. 
2024-11-17 19:28:48,790: neo4j_middleware.neo4jConnector: [neo4j_connector] Received response. 
2024-11-17 19:28:48,858: neo4j_middleware.neo4jConnector: [neo4j_connector] Running query: MERGE(n23572:ts20201130T174446:SecondaryNode:IfcProductDefinitionShape {Name:"No...
2024-11-17 19:28:48,869: neo4j_middleware.neo4jConnector: [neo4j_connector] Running query: MERGE(n24537:ts20201130T174446:ConnectionNode:IfcRelAggregates {GlobalId:"29TFpH...
2024-11-17 19:28:48,916: neo4j_middleware.neo4jConnector: [neo4j_connector] Query delta: <neo4j._sync.work.result.Result object at 0x00000228B278D910>
2024-11-17 19:28:48,916: neo4j_middleware.neo4jConnector: [neo4j_connector] Query delta: <neo4j._sync.work.result.Result object at 0x0000029FD4CCEFD0>
2024-11-17 19:28:48,959: neo4j_middleware.neo4jConnector: [neo4j_connector] Received response. 
2024-11-17 19:28:48,963: neo4j_middleware.neo4jConnector: [neo4j_connector] Received response. 
2024-11-17 19:28:49,021: neo4j_middleware.neo4jConnector: [neo4j_connector] Running query: MERGE(n23569:ts20201130T174446:SecondaryNode:IfcMappedItem {p21_id:23569, Entity...
2024-11-17 19:28:49,032: neo4j_middleware.neo4jConnector: [neo4j_connector] Running query: MERGE(n24521:ts20201130T174446:ConnectionNode:IfcRelDefinesByProperties {GlobalI...
2024-11-17 19:28:49,091: neo4j_middleware.neo4jConnector: [neo4j_connector] Query delta: <neo4j._sync.work.result.Result object at 0x00000228B28631F0>
2024-11-17 19:28:49,099: neo4j_middleware.neo4jConnector: [neo4j_connector] Query delta: <neo4j._sync.work.result.Result object at 0x0000029FD4CE81F0>
2024-11-17 19:28:49,120: neo4j_middleware.neo4jConnector: [neo4j_connector] Received response. 
2024-11-17 19:28:49,135: neo4j_middleware.neo4jConnector: [neo4j_connector] Received response. 
2024-11-17 19:28:49,194: neo4j_middleware.neo4jConnector: [neo4j_connector] Running query: MERGE(n25023:ts20201130T174446:SecondaryNode:IfcCartesianPoint {Coordinates:"(8....
2024-11-17 19:28:49,196: neo4j_middleware.neo4jConnector: [neo4j_connector] Running query: MERGE(n24466:ts20201130T174446:ConnectionNode:IfcRelContainedInSpatialStructure ...
2024-11-17 19:28:49,256: neo4j_middleware.neo4jConnector: [neo4j_connector] Query delta: <neo4j._sync.work.result.Result object at 0x00000228B2D69A00>
2024-11-17 19:28:49,260: neo4j_middleware.neo4jConnector: [neo4j_connector] Query delta: <neo4j._sync.work.result.Result object at 0x0000029FD4CCEB50>
2024-11-17 19:28:49,290: neo4j_middleware.neo4jConnector: [neo4j_connector] Received response. 
2024-11-17 19:28:49,290: neo4j_middleware.neo4jConnector: [neo4j_connector] Received response. 
2024-11-17 19:28:49,360: neo4j_middleware.neo4jConnector: [neo4j_connector] Running query: MERGE(n24460:ts20201130T174446:SecondaryNode:IfcPropertySet {GlobalId:"29TFpHBYX...
2024-11-17 19:28:49,369: neo4j_middleware.neo4jConnector: [neo4j_connector] Running query: MERGE(n23564:ts20201130T174446:SecondaryNode:IfcAxis2Placement3D {p21_id:23564, ...
2024-11-17 19:28:49,416: neo4j_middleware.neo4jConnector: [neo4j_connector] Query delta: <neo4j._sync.work.result.Result object at 0x0000029FD4CCD640>
2024-11-17 19:28:49,431: neo4j_middleware.neo4jConnector: [neo4j_connector] Query delta: <neo4j._sync.work.result.Result object at 0x00000228B28021F0>
2024-11-17 19:28:49,463: neo4j_middleware.neo4jConnector: [neo4j_connector] Received response. 
2024-11-17 19:28:49,463: neo4j_middleware.neo4jConnector: [neo4j_connector] Received response. 
2024-11-17 19:28:49,510: neo4j_middleware.neo4jConnector: [neo4j_connector] Running query: MERGE(n23562:ts20201130T174446:SecondaryNode:IfcCartesianPoint {Coordinates:"(1....
2024-11-17 19:28:49,526: neo4j_middleware.neo4jConnector: [neo4j_connector] Running query: MERGE(n24453:ts20201130T174446:SecondaryNode:IfcPropertySet {GlobalId:"2Hot_6d71...
2024-11-17 19:28:49,573: neo4j_middleware.neo4jConnector: [neo4j_connector] Query delta: <neo4j._sync.work.result.Result object at 0x00000228B27A26A0>
2024-11-17 19:28:49,573: neo4j_middleware.neo4jConnector: [neo4j_connector] Query delta: <neo4j._sync.work.result.Result object at 0x0000029FD4CCFBB0>
2024-11-17 19:28:49,620: neo4j_middleware.neo4jConnector: [neo4j_connector] Received response. 
2024-11-17 19:28:49,620: neo4j_middleware.neo4jConnector: [neo4j_connector] Received response. 
2024-11-17 19:28:49,683: neo4j_middleware.neo4jConnector: [neo4j_connector] Running query: MERGE(n23560:ts20201130T174446:SecondaryNode:IfcAxis2Placement3D {p21_id:23560, ...
2024-11-17 19:28:49,683: neo4j_middleware.neo4jConnector: [neo4j_connector] Running query: MERGE(n24451:ts20201130T174446:SecondaryNode:IfcPropertySet {GlobalId:"0wQknZQiX...
2024-11-17 19:28:49,761: neo4j_middleware.neo4jConnector: [neo4j_connector] Query delta: <neo4j._sync.work.result.Result object at 0x00000228B2810790>
2024-11-17 19:28:49,761: neo4j_middleware.neo4jConnector: [neo4j_connector] Query delta: <neo4j._sync.work.result.Result object at 0x0000029FD4CCF730>
2024-11-17 19:28:49,806: neo4j_middleware.neo4jConnector: [neo4j_connector] Received response. 
2024-11-17 19:28:49,806: neo4j_middleware.neo4jConnector: [neo4j_connector] Received response. 
2024-11-17 19:28:49,885: neo4j_middleware.neo4jConnector: [neo4j_connector] Running query: MERGE(n24448:ts20201130T174446:ConnectionNode:IfcRelDefinesByProperties {GlobalI...
2024-11-17 19:28:49,885: neo4j_middleware.neo4jConnector: [neo4j_connector] Running query: MERGE(n23558:ts20201130T174446:SecondaryNode:IfcCartesianPoint {Coordinates:"(1....
2024-11-17 19:28:49,979: neo4j_middleware.neo4jConnector: [neo4j_connector] Query delta: <neo4j._sync.work.result.Result object at 0x0000029FD4CD4760>
2024-11-17 19:28:49,995: neo4j_middleware.neo4jConnector: [neo4j_connector] Query delta: <neo4j._sync.work.result.Result object at 0x00000228B281FA60>
2024-11-17 19:28:50,026: neo4j_middleware.neo4jConnector: [neo4j_connector] Received response. 
2024-11-17 19:28:50,026: neo4j_middleware.neo4jConnector: [neo4j_connector] Received response. 
2024-11-17 19:28:50,091: neo4j_middleware.neo4jConnector: [neo4j_connector] Running query: MERGE(n24441:ts20201130T174446:ConnectionNode:IfcRelDefinesByProperties {GlobalI...
2024-11-17 19:28:50,095: neo4j_middleware.neo4jConnector: [neo4j_connector] Running query: MERGE(n23554:ts20201130T174446:SecondaryNode:IfcShapeRepresentation {Representat...
2024-11-17 19:28:50,153: neo4j_middleware.neo4jConnector: [neo4j_connector] Query delta: <neo4j._sync.work.result.Result object at 0x00000228B278D550>
2024-11-17 19:28:50,155: neo4j_middleware.neo4jConnector: [neo4j_connector] Query delta: <neo4j._sync.work.result.Result object at 0x0000029FD4CCE7F0>
2024-11-17 19:28:50,189: neo4j_middleware.neo4jConnector: [neo4j_connector] Received response. 
2024-11-17 19:28:50,189: neo4j_middleware.neo4jConnector: [neo4j_connector] Received response. 
2024-11-17 19:28:50,256: neo4j_middleware.neo4jConnector: [neo4j_connector] Running query: MERGE(n24437:ts20201130T174446:ConnectionNode:IfcRelDefinesByProperties {GlobalI...
2024-11-17 19:28:50,262: neo4j_middleware.neo4jConnector: [neo4j_connector] Running query: MERGE(n23550:ts20201130T174446:PrimaryNode:IfcMember {GlobalId:"1s5utE$rDDfRKgzV...
2024-11-17 19:28:50,316: neo4j_middleware.neo4jConnector: [neo4j_connector] Query delta: <neo4j._sync.work.result.Result object at 0x0000029FD4CE8F70>
2024-11-17 19:28:50,328: neo4j_middleware.neo4jConnector: [neo4j_connector] Query delta: <neo4j._sync.work.result.Result object at 0x00000228B2804EB0>
2024-11-17 19:28:50,353: neo4j_middleware.neo4jConnector: [neo4j_connector] Received response. 
2024-11-17 19:28:50,363: neo4j_middleware.neo4jConnector: [neo4j_connector] Received response. 
2024-11-17 19:28:50,416: neo4j_middleware.neo4jConnector: [neo4j_connector] Running query: MERGE(n24423:ts20201130T174446:ConnectionNode:IfcRelDefinesByProperties {GlobalI...
2024-11-17 19:28:50,427: neo4j_middleware.neo4jConnector: [neo4j_connector] Running query: MERGE(n23537:ts20201130T174446:SecondaryNode:IfcMappedItem {p21_id:23537, Entity...
2024-11-17 19:28:50,481: neo4j_middleware.neo4jConnector: [neo4j_connector] Query delta: <neo4j._sync.work.result.Result object at 0x0000029FD5239F10>
2024-11-17 19:28:50,486: neo4j_middleware.neo4jConnector: [neo4j_connector] Query delta: <neo4j._sync.work.result.Result object at 0x00000228B2802790>
2024-11-17 19:28:50,515: neo4j_middleware.neo4jConnector: [neo4j_connector] Received response. 
2024-11-17 19:28:50,515: neo4j_middleware.neo4jConnector: [neo4j_connector] Received response. 
2024-11-17 19:28:50,578: neo4j_middleware.neo4jConnector: [neo4j_connector] Running query: MERGE(n23534:ts20201130T174446:PrimaryNode:IfcMember {GlobalId:"1s5utE$rDDfRKgzV...
2024-11-17 19:28:50,578: neo4j_middleware.neo4jConnector: [neo4j_connector] Running query: MERGE(n24416:ts20201130T174446:ConnectionNode:IfcRelDefinesByProperties {GlobalI...
2024-11-17 19:28:50,641: neo4j_middleware.neo4jConnector: [neo4j_connector] Query delta: <neo4j._sync.work.result.Result object at 0x00000228B281FAC0>
2024-11-17 19:28:50,662: neo4j_middleware.neo4jConnector: [neo4j_connector] Query delta: <neo4j._sync.work.result.Result object at 0x0000029FD4CCD6D0>
2024-11-17 19:28:50,688: neo4j_middleware.neo4jConnector: [neo4j_connector] Received response. 
2024-11-17 19:28:50,688: neo4j_middleware.neo4jConnector: [neo4j_connector] Received response. 
2024-11-17 19:28:50,750: neo4j_middleware.neo4jConnector: [neo4j_connector] Running query: MERGE(n25026:ts20201130T174446:SecondaryNode:IfcLocalPlacement {p21_id:25026, En...
2024-11-17 19:28:50,750: neo4j_middleware.neo4jConnector: [neo4j_connector] Running query: MERGE(n24413:ts20201130T174446:ConnectionNode:IfcRelDefinesByProperties {GlobalI...
2024-11-17 19:28:50,809: neo4j_middleware.neo4jConnector: [neo4j_connector] Query delta: <neo4j._sync.work.result.Result object at 0x00000228B281FBE0>
2024-11-17 19:28:50,821: neo4j_middleware.neo4jConnector: [neo4j_connector] Query delta: <neo4j._sync.work.result.Result object at 0x0000029FD4CCF820>
2024-11-17 19:28:50,843: neo4j_middleware.neo4jConnector: [neo4j_connector] Received response. 
2024-11-17 19:28:50,861: neo4j_middleware.neo4jConnector: [neo4j_connector] Received response. 
2024-11-17 19:28:50,905: neo4j_middleware.neo4jConnector: [neo4j_connector] Running query: MERGE(n23532:ts20201130T174446:SecondaryNode:IfcAxis2Placement3D {p21_id:23532, ...
2024-11-17 19:28:50,921: neo4j_middleware.neo4jConnector: [neo4j_connector] Running query: MERGE(n24409:ts20201130T174446:ConnectionNode:IfcRelDefinesByProperties {GlobalI...
2024-11-17 19:28:50,967: neo4j_middleware.neo4jConnector: [neo4j_connector] Query delta: <neo4j._sync.work.result.Result object at 0x00000228B2802A60>
2024-11-17 19:28:50,978: neo4j_middleware.neo4jConnector: [neo4j_connector] Query delta: <neo4j._sync.work.result.Result object at 0x0000029FD4CCF550>
2024-11-17 19:28:51,005: neo4j_middleware.neo4jConnector: [neo4j_connector] Received response. 
2024-11-17 19:28:51,017: neo4j_middleware.neo4jConnector: [neo4j_connector] Received response. 
2024-11-17 19:28:51,064: neo4j_middleware.neo4jConnector: [neo4j_connector] Running query: MERGE(n23528:ts20201130T174446:SecondaryNode:IfcAxis2Placement3D {p21_id:23528, ...
2024-11-17 19:28:51,078: neo4j_middleware.neo4jConnector: [neo4j_connector] Running query: MERGE(n24406:ts20201130T174446:ConnectionNode:IfcRelDefinesByProperties {GlobalI...
2024-11-17 19:28:51,137: neo4j_middleware.neo4jConnector: [neo4j_connector] Query delta: <neo4j._sync.work.result.Result object at 0x00000228B2804DC0>
2024-11-17 19:28:51,141: neo4j_middleware.neo4jConnector: [neo4j_connector] Query delta: <neo4j._sync.work.result.Result object at 0x0000029FD4CCD640>
2024-11-17 19:28:51,172: neo4j_middleware.neo4jConnector: [neo4j_connector] Received response. 
2024-11-17 19:28:51,188: neo4j_middleware.neo4jConnector: [neo4j_connector] Received response. 
2024-11-17 19:28:51,235: neo4j_middleware.neo4jConnector: [neo4j_connector] Running query: MERGE(n23524:ts20201130T174446:SecondaryNode:IfcProductDefinitionShape {Name:"No...
2024-11-17 19:28:51,266: neo4j_middleware.neo4jConnector: [neo4j_connector] Running query: MERGE(n24399:ts20201130T174446:ConnectionNode:IfcRelDefinesByProperties {GlobalI...
2024-11-17 19:28:51,387: neo4j_middleware.neo4jConnector: [neo4j_connector] Query delta: <neo4j._sync.work.result.Result object at 0x0000029FD4CE8DF0>
2024-11-17 19:28:51,387: neo4j_middleware.neo4jConnector: [neo4j_connector] Query delta: <neo4j._sync.work.result.Result object at 0x00000228B278D850>
2024-11-17 19:28:51,425: neo4j_middleware.neo4jConnector: [neo4j_connector] Received response. 
2024-11-17 19:28:51,425: neo4j_middleware.neo4jConnector: [neo4j_connector] Received response. 
2024-11-17 19:28:51,490: neo4j_middleware.neo4jConnector: [neo4j_connector] Running query: MERGE(n24395:ts20201130T174446:ConnectionNode:IfcRelDefinesByProperties {GlobalI...
2024-11-17 19:28:51,490: neo4j_middleware.neo4jConnector: [neo4j_connector] Running query: MERGE(n23522:ts20201130T174446:SecondaryNode:IfcShapeRepresentation {Representat...
2024-11-17 19:28:51,566: neo4j_middleware.neo4jConnector: [neo4j_connector] Query delta: <neo4j._sync.work.result.Result object at 0x00000228B2804100>
2024-11-17 19:28:51,569: neo4j_middleware.neo4jConnector: [neo4j_connector] Query delta: <neo4j._sync.work.result.Result object at 0x0000029FD4CD4190>
2024-11-17 19:28:51,599: neo4j_middleware.neo4jConnector: [neo4j_connector] Received response. 
2024-11-17 19:28:51,599: neo4j_middleware.neo4jConnector: [neo4j_connector] Received response. 
2024-11-17 19:28:51,651: neo4j_middleware.neo4jConnector: [neo4j_connector] Running query: MERGE(n23514:ts20201130T174446:SecondaryNode:IfcCartesianPoint {Coordinates:"(3....
2024-11-17 19:28:51,667: neo4j_middleware.neo4jConnector: [neo4j_connector] Running query: MERGE(n24392:ts20201130T174446:ConnectionNode:IfcRelDefinesByProperties {GlobalI...
2024-11-17 19:28:51,724: neo4j_middleware.neo4jConnector: [neo4j_connector] Query delta: <neo4j._sync.work.result.Result object at 0x00000228B2802640>
2024-11-17 19:28:51,728: neo4j_middleware.neo4jConnector: [neo4j_connector] Query delta: <neo4j._sync.work.result.Result object at 0x0000029FD4CE8BE0>
2024-11-17 19:28:51,758: neo4j_middleware.neo4jConnector: [neo4j_connector] Received response. 
2024-11-17 19:28:51,758: neo4j_middleware.neo4jConnector: [neo4j_connector] Received response. 
2024-11-17 19:28:51,833: neo4j_middleware.neo4jConnector: [neo4j_connector] Running query: MERGE(n23513:ts20201130T174446:SecondaryNode:IfcLocalPlacement {p21_id:23513, En...
2024-11-17 19:28:51,864: neo4j_middleware.neo4jConnector: [neo4j_connector] Running query: MERGE(n24388:ts20201130T174446:ConnectionNode:IfcRelDefinesByProperties {GlobalI...
2024-11-17 19:28:51,897: neo4j_middleware.neo4jConnector: [neo4j_connector] Query delta: <neo4j._sync.work.result.Result object at 0x00000228B281F520>
2024-11-17 19:28:51,918: neo4j_middleware.neo4jConnector: [neo4j_connector] Query delta: <neo4j._sync.work.result.Result object at 0x0000029FD4CCDC10>
2024-11-17 19:28:51,937: neo4j_middleware.neo4jConnector: [neo4j_connector] Received response. 
2024-11-17 19:28:51,961: neo4j_middleware.neo4jConnector: [neo4j_connector] Received response. 
2024-11-17 19:28:52,008: neo4j_middleware.neo4jConnector: [neo4j_connector] Running query: MERGE(n23505:ts20201130T174446:SecondaryNode:IfcMappedItem {p21_id:23505, Entity...
2024-11-17 19:28:52,024: neo4j_middleware.neo4jConnector: [neo4j_connector] Running query: MERGE(n24385:ts20201130T174446:ConnectionNode:IfcRelDefinesByProperties {GlobalI...
2024-11-17 19:28:52,065: neo4j_middleware.neo4jConnector: [neo4j_connector] Query delta: <neo4j._sync.work.result.Result object at 0x00000228B2802EB0>
2024-11-17 19:28:52,087: neo4j_middleware.neo4jConnector: [neo4j_connector] Query delta: <neo4j._sync.work.result.Result object at 0x0000029FD4CCF580>
2024-11-17 19:28:52,087: neo4j_middleware.neo4jConnector: [neo4j_connector] Received response. 
2024-11-17 19:28:52,118: neo4j_middleware.neo4jConnector: [neo4j_connector] Received response. 
2024-11-17 19:28:52,149: neo4j_middleware.neo4jConnector: [neo4j_connector] Running query: MERGE(n23502:ts20201130T174446:PrimaryNode:IfcMember {GlobalId:"1s5utE$rDDfRKgzV...
2024-11-17 19:28:52,181: neo4j_middleware.neo4jConnector: [neo4j_connector] Running query: MERGE(n24381:ts20201130T174446:ConnectionNode:IfcRelDefinesByProperties {GlobalI...
2024-11-17 19:28:52,228: neo4j_middleware.neo4jConnector: [neo4j_connector] Query delta: <neo4j._sync.work.result.Result object at 0x00000228B2D69EB0>
2024-11-17 19:28:52,244: neo4j_middleware.neo4jConnector: [neo4j_connector] Query delta: <neo4j._sync.work.result.Result object at 0x0000029FD4CCF2B0>
2024-11-17 19:28:52,266: neo4j_middleware.neo4jConnector: [neo4j_connector] Received response. 
2024-11-17 19:28:52,275: neo4j_middleware.neo4jConnector: [neo4j_connector] Received response. 
2024-11-17 19:28:52,322: neo4j_middleware.neo4jConnector: [neo4j_connector] Running query: MERGE(n23498:ts20201130T174446:SecondaryNode:IfcCartesianPoint {Coordinates:"(1....
2024-11-17 19:28:52,338: neo4j_middleware.neo4jConnector: [neo4j_connector] Running query: MERGE(n24371:ts20201130T174446:ConnectionNode:IfcRelDefinesByProperties {GlobalI...
2024-11-17 19:28:52,385: neo4j_middleware.neo4jConnector: [neo4j_connector] Query delta: <neo4j._sync.work.result.Result object at 0x00000228B2804370>
2024-11-17 19:28:52,406: neo4j_middleware.neo4jConnector: [neo4j_connector] Query delta: <neo4j._sync.work.result.Result object at 0x0000029FD4CCD9A0>
2024-11-17 19:28:52,427: neo4j_middleware.neo4jConnector: [neo4j_connector] Received response. 
2024-11-17 19:28:52,443: neo4j_middleware.neo4jConnector: [neo4j_connector] Received response. 
2024-11-17 19:28:52,491: neo4j_middleware.neo4jConnector: [neo4j_connector] Running query: MERGE(n23494:ts20201130T174446:SecondaryNode:IfcCartesianPoint {Coordinates:"(1....
2024-11-17 19:28:52,509: neo4j_middleware.neo4jConnector: [neo4j_connector] Running query: MERGE(n24367:ts20201130T174446:ConnectionNode:IfcRelDefinesByProperties {GlobalI...
2024-11-17 19:28:52,585: neo4j_middleware.neo4jConnector: [neo4j_connector] Query delta: <neo4j._sync.work.result.Result object at 0x00000228B278D580>
2024-11-17 19:28:52,601: neo4j_middleware.neo4jConnector: [neo4j_connector] Query delta: <neo4j._sync.work.result.Result object at 0x0000029FD4CD4D90>
2024-11-17 19:28:52,632: neo4j_middleware.neo4jConnector: [neo4j_connector] Received response. 
2024-11-17 19:28:52,632: neo4j_middleware.neo4jConnector: [neo4j_connector] Received response. 
2024-11-17 19:28:52,695: neo4j_middleware.neo4jConnector: [neo4j_connector] Running query: MERGE(n23492:ts20201130T174446:SecondaryNode:IfcProductDefinitionShape {Name:"No...
2024-11-17 19:28:52,711: neo4j_middleware.neo4jConnector: [neo4j_connector] Running query: MERGE(n24357:ts20201130T174446:ConnectionNode:IfcRelDefinesByProperties {GlobalI...
2024-11-17 19:28:52,774: neo4j_middleware.neo4jConnector: [neo4j_connector] Query delta: <neo4j._sync.work.result.Result object at 0x0000029FD4CE3760>
2024-11-17 19:28:52,774: neo4j_middleware.neo4jConnector: [neo4j_connector] Query delta: <neo4j._sync.work.result.Result object at 0x00000228B28040D0>
2024-11-17 19:28:52,821: neo4j_middleware.neo4jConnector: [neo4j_connector] Received response. 
2024-11-17 19:28:52,821: neo4j_middleware.neo4jConnector: [neo4j_connector] Received response. 
2024-11-17 19:28:52,884: neo4j_middleware.neo4jConnector: [neo4j_connector] Running query: MERGE(n24353:ts20201130T174446:ConnectionNode:IfcRelDefinesByProperties {GlobalI...
2024-11-17 19:28:52,884: neo4j_middleware.neo4jConnector: [neo4j_connector] Running query: MERGE(n23490:ts20201130T174446:SecondaryNode:IfcShapeRepresentation {Representat...
2024-11-17 19:28:52,955: neo4j_middleware.neo4jConnector: [neo4j_connector] Query delta: <neo4j._sync.work.result.Result object at 0x0000029FD4CD45E0>
2024-11-17 19:28:52,955: neo4j_middleware.neo4jConnector: [neo4j_connector] Query delta: <neo4j._sync.work.result.Result object at 0x00000228B2802BB0>
2024-11-17 19:28:52,995: neo4j_middleware.neo4jConnector: [neo4j_connector] Received response. 
2024-11-17 19:28:52,995: neo4j_middleware.neo4jConnector: [neo4j_connector] Received response. 
2024-11-17 19:28:53,059: neo4j_middleware.neo4jConnector: [neo4j_connector] Running query: MERGE(n23484:ts20201130T174446:SecondaryNode:IfcPropertySet {GlobalId:"0Plg56YDH...
2024-11-17 19:28:53,065: neo4j_middleware.neo4jConnector: [neo4j_connector] Running query: MERGE(n24350:ts20201130T174446:ConnectionNode:IfcRelDefinesByProperties {GlobalI...
2024-11-17 19:28:53,131: neo4j_middleware.neo4jConnector: [neo4j_connector] Query delta: <neo4j._sync.work.result.Result object at 0x00000228B281FE80>
2024-11-17 19:28:53,138: neo4j_middleware.neo4jConnector: [neo4j_connector] Query delta: <neo4j._sync.work.result.Result object at 0x0000029FD4CCD9A0>
2024-11-17 19:28:53,167: neo4j_middleware.neo4jConnector: [neo4j_connector] Received response. 
2024-11-17 19:28:53,171: neo4j_middleware.neo4jConnector: [neo4j_connector] Received response. 
2024-11-17 19:28:53,218: neo4j_middleware.neo4jConnector: [neo4j_connector] Running query: MERGE(n23479:ts20201130T174446:PrimaryNode:IfcMember {GlobalId:"1s5utE$rDDfRKgzV...
2024-11-17 19:28:53,234: neo4j_middleware.neo4jConnector: [neo4j_connector] Running query: MERGE(n24343:ts20201130T174446:ConnectionNode:IfcRelDefinesByProperties {GlobalI...
2024-11-17 19:28:53,303: neo4j_middleware.neo4jConnector: [neo4j_connector] Query delta: <neo4j._sync.work.result.Result object at 0x00000228B2802CD0>
2024-11-17 19:28:53,303: neo4j_middleware.neo4jConnector: [neo4j_connector] Query delta: <neo4j._sync.work.result.Result object at 0x0000029FD4CCF160>
2024-11-17 19:28:53,339: neo4j_middleware.neo4jConnector: [neo4j_connector] Received response. 
2024-11-17 19:28:53,341: neo4j_middleware.neo4jConnector: [neo4j_connector] Received response. 
2024-11-17 19:28:53,397: neo4j_middleware.neo4jConnector: [neo4j_connector] Running query: MERGE(n24339:ts20201130T174446:ConnectionNode:IfcRelDefinesByProperties {GlobalI...
2024-11-17 19:28:53,405: neo4j_middleware.neo4jConnector: [neo4j_connector] Running query: MERGE(n25032:ts20201130T174446:ConnectionNode:IfcRelFillsElement {GlobalId:"3lnV...
2024-11-17 19:28:53,470: neo4j_middleware.neo4jConnector: [neo4j_connector] Query delta: <neo4j._sync.work.result.Result object at 0x0000029FD4CCD3A0>
2024-11-17 19:28:53,472: neo4j_middleware.neo4jConnector: [neo4j_connector] Query delta: <neo4j._sync.work.result.Result object at 0x00000228B2D69EE0>
2024-11-17 19:28:53,502: neo4j_middleware.neo4jConnector: [neo4j_connector] Received response. 
2024-11-17 19:28:53,508: neo4j_middleware.neo4jConnector: [neo4j_connector] Received response. 
2024-11-17 19:28:53,557: neo4j_middleware.neo4jConnector: [neo4j_connector] Running query: MERGE(n24329:ts20201130T174446:ConnectionNode:IfcRelDefinesByProperties {GlobalI...
2024-11-17 19:28:53,557: neo4j_middleware.neo4jConnector: [neo4j_connector] Running query: MERGE(n23477:ts20201130T174446:SecondaryNode:IfcAxis2Placement3D {p21_id:23477, ...
2024-11-17 19:28:53,606: neo4j_middleware.neo4jConnector: [neo4j_connector] Query delta: <neo4j._sync.work.result.Result object at 0x0000029FD4CE88B0>
2024-11-17 19:28:53,606: neo4j_middleware.neo4jConnector: [neo4j_connector] Query delta: <neo4j._sync.work.result.Result object at 0x00000228B2D6D520>
2024-11-17 19:28:53,653: neo4j_middleware.neo4jConnector: [neo4j_connector] Received response. 
2024-11-17 19:28:53,653: neo4j_middleware.neo4jConnector: [neo4j_connector] Received response. 
2024-11-17 19:28:53,725: neo4j_middleware.neo4jConnector: [neo4j_connector] Running query: MERGE(n24325:ts20201130T174446:ConnectionNode:IfcRelDefinesByProperties {GlobalI...
2024-11-17 19:28:53,727: neo4j_middleware.neo4jConnector: [neo4j_connector] Running query: MERGE(n23475:ts20201130T174446:SecondaryNode:IfcCartesianPoint {Coordinates:"(-0...
2024-11-17 19:28:53,797: neo4j_middleware.neo4jConnector: [neo4j_connector] Query delta: <neo4j._sync.work.result.Result object at 0x0000029FD4CD4A90>
2024-11-17 19:28:53,797: neo4j_middleware.neo4jConnector: [neo4j_connector] Query delta: <neo4j._sync.work.result.Result object at 0x00000228B278D190>
2024-11-17 19:28:53,828: neo4j_middleware.neo4jConnector: [neo4j_connector] Received response. 
2024-11-17 19:28:53,844: neo4j_middleware.neo4jConnector: [neo4j_connector] Received response. 
2024-11-17 19:28:53,891: neo4j_middleware.neo4jConnector: [neo4j_connector] Running query: MERGE(n24318:ts20201130T174446:ConnectionNode:IfcRelDefinesByProperties {GlobalI...
2024-11-17 19:28:53,906: neo4j_middleware.neo4jConnector: [neo4j_connector] Running query: MERGE(n23469:ts20201130T174446:SecondaryNode:IfcProductDefinitionShape {Name:"No...
2024-11-17 19:28:53,995: neo4j_middleware.neo4jConnector: [neo4j_connector] Query delta: <neo4j._sync.work.result.Result object at 0x00000228B2804190>
2024-11-17 19:28:53,995: neo4j_middleware.neo4jConnector: [neo4j_connector] Query delta: <neo4j._sync.work.result.Result object at 0x0000029FD4CCEC10>
2024-11-17 19:28:54,026: neo4j_middleware.neo4jConnector: [neo4j_connector] Received response. 
2024-11-17 19:28:54,026: neo4j_middleware.neo4jConnector: [neo4j_connector] Received response. 
2024-11-17 19:28:54,104: neo4j_middleware.neo4jConnector: [neo4j_connector] Running query: MERGE(n24315:ts20201130T174446:ConnectionNode:IfcRelDefinesByProperties {GlobalI...
2024-11-17 19:28:54,106: neo4j_middleware.neo4jConnector: [neo4j_connector] Running query: MERGE(n23462:ts20201130T174446:SecondaryNode:IfcRepresentationMap {p21_id:23462,...
2024-11-17 19:28:54,152: neo4j_middleware.neo4jConnector: [neo4j_connector] Query delta: <neo4j._sync.work.result.Result object at 0x00000228B2D699A0>
2024-11-17 19:28:54,152: neo4j_middleware.neo4jConnector: [neo4j_connector] Query delta: <neo4j._sync.work.result.Result object at 0x0000029FD4CD4A90>
2024-11-17 19:28:54,199: neo4j_middleware.neo4jConnector: [neo4j_connector] Received response. 
2024-11-17 19:28:54,199: neo4j_middleware.neo4jConnector: [neo4j_connector] Received response. 
2024-11-17 19:28:54,262: neo4j_middleware.neo4jConnector: [neo4j_connector] Running query: MERGE(n23461:ts20201130T174446:SecondaryNode:IfcAxis2Placement3D {p21_id:23461, ...
2024-11-17 19:28:54,262: neo4j_middleware.neo4jConnector: [neo4j_connector] Running query: MERGE(n24308:ts20201130T174446:ConnectionNode:IfcRelDefinesByProperties {GlobalI...
2024-11-17 19:28:54,325: neo4j_middleware.neo4jConnector: [neo4j_connector] Query delta: <neo4j._sync.work.result.Result object at 0x00000228B281F400>
2024-11-17 19:28:54,325: neo4j_middleware.neo4jConnector: [neo4j_connector] Query delta: <neo4j._sync.work.result.Result object at 0x0000029FD4CE8A00>
2024-11-17 19:28:54,356: neo4j_middleware.neo4jConnector: [neo4j_connector] Received response. 
2024-11-17 19:28:54,356: neo4j_middleware.neo4jConnector: [neo4j_connector] Received response. 
2024-11-17 19:28:54,428: neo4j_middleware.neo4jConnector: [neo4j_connector] Running query: MERGE(n23454:ts20201130T174446:SecondaryNode:IfcAxis2Placement3D {p21_id:23454, ...
2024-11-17 19:28:54,432: neo4j_middleware.neo4jConnector: [neo4j_connector] Running query: MERGE(n24301:ts20201130T174446:ConnectionNode:IfcRelDefinesByProperties {GlobalI...
2024-11-17 19:28:54,507: neo4j_middleware.neo4jConnector: [neo4j_connector] Query delta: <neo4j._sync.work.result.Result object at 0x00000228B2802FA0>
2024-11-17 19:28:54,516: neo4j_middleware.neo4jConnector: [neo4j_connector] Query delta: <neo4j._sync.work.result.Result object at 0x0000029FD4CCD190>
2024-11-17 19:28:54,558: neo4j_middleware.neo4jConnector: [neo4j_connector] Received response. 
2024-11-17 19:28:54,559: neo4j_middleware.neo4jConnector: [neo4j_connector] Received response. 
2024-11-17 19:28:54,618: neo4j_middleware.neo4jConnector: [neo4j_connector] Running query: MERGE(n23439:ts20201130T174446:SecondaryNode:IfcPropertySet {GlobalId:"3s1vdxP_z...
2024-11-17 19:28:54,649: neo4j_middleware.neo4jConnector: [neo4j_connector] Running query: MERGE(n24297:ts20201130T174446:ConnectionNode:IfcRelDefinesByProperties {GlobalI...
2024-11-17 19:28:54,697: neo4j_middleware.neo4jConnector: [neo4j_connector] Query delta: <neo4j._sync.work.result.Result object at 0x00000228B2804E50>
2024-11-17 19:28:54,728: neo4j_middleware.neo4jConnector: [neo4j_connector] Query delta: <neo4j._sync.work.result.Result object at 0x0000029FD4CCD130>
2024-11-17 19:28:54,728: neo4j_middleware.neo4jConnector: [neo4j_connector] Received response. 
2024-11-17 19:28:54,759: neo4j_middleware.neo4jConnector: [neo4j_connector] Received response. 
2024-11-17 19:28:54,802: neo4j_middleware.neo4jConnector: [neo4j_connector] Running query: MERGE(n25039:ts20201130T174446:SecondaryNode:IfcCartesianPoint {Coordinates:"(1....
2024-11-17 19:28:54,832: neo4j_middleware.neo4jConnector: [neo4j_connector] Running query: MERGE(n24283:ts20201130T174446:ConnectionNode:IfcRelDefinesByProperties {GlobalI...
2024-11-17 19:28:54,862: neo4j_middleware.neo4jConnector: [neo4j_connector] Query delta: <neo4j._sync.work.result.Result object at 0x00000228B2863D90>
2024-11-17 19:28:54,894: neo4j_middleware.neo4jConnector: [neo4j_connector] Query delta: <neo4j._sync.work.result.Result object at 0x0000029FD4CE89D0>
2024-11-17 19:28:54,898: neo4j_middleware.neo4jConnector: [neo4j_connector] Received response. 
2024-11-17 19:28:54,924: neo4j_middleware.neo4jConnector: [neo4j_connector] Received response. 
2024-11-17 19:28:54,967: neo4j_middleware.neo4jConnector: [neo4j_connector] Running query: MERGE(n23434:ts20201130T174446:SecondaryNode:IfcAxis2Placement3D {p21_id:23434, ...
2024-11-17 19:28:54,995: neo4j_middleware.neo4jConnector: [neo4j_connector] Running query: MERGE(n24273:ts20201130T174446:ConnectionNode:IfcRelDefinesByProperties {GlobalI...
2024-11-17 19:28:55,028: neo4j_middleware.neo4jConnector: [neo4j_connector] Query delta: <neo4j._sync.work.result.Result object at 0x00000228B278D070>
2024-11-17 19:28:55,056: neo4j_middleware.neo4jConnector: [neo4j_connector] Query delta: <neo4j._sync.work.result.Result object at 0x0000029FD4CD4220>
2024-11-17 19:28:55,071: neo4j_middleware.neo4jConnector: [neo4j_connector] Received response. 
2024-11-17 19:28:55,090: neo4j_middleware.neo4jConnector: [neo4j_connector] Received response. 
2024-11-17 19:28:55,154: neo4j_middleware.neo4jConnector: [neo4j_connector] Running query: MERGE(n24269:ts20201130T174446:ConnectionNode:IfcRelDefinesByProperties {GlobalI...
2024-11-17 19:28:55,154: neo4j_middleware.neo4jConnector: [neo4j_connector] Running query: MERGE(n23432:ts20201130T174446:SecondaryNode:IfcCartesianPoint {Coordinates:"(-2...
2024-11-17 19:28:55,232: neo4j_middleware.neo4jConnector: [neo4j_connector] Query delta: <neo4j._sync.work.result.Result object at 0x0000029FD4CD90D0>
2024-11-17 19:28:55,232: neo4j_middleware.neo4jConnector: [neo4j_connector] Query delta: <neo4j._sync.work.result.Result object at 0x00000228B2804490>
2024-11-17 19:28:55,279: neo4j_middleware.neo4jConnector: [neo4j_connector] Received response. 
2024-11-17 19:28:55,279: neo4j_middleware.neo4jConnector: [neo4j_connector] Received response. 
2024-11-17 19:28:55,349: neo4j_middleware.neo4jConnector: [neo4j_connector] Running query: MERGE(n24262:ts20201130T174446:ConnectionNode:IfcRelDefinesByProperties {GlobalI...
2024-11-17 19:28:55,352: neo4j_middleware.neo4jConnector: [neo4j_connector] Running query: MERGE(n23430:ts20201130T174446:SecondaryNode:IfcAxis2Placement3D {p21_id:23430, ...
2024-11-17 19:28:55,438: neo4j_middleware.neo4jConnector: [neo4j_connector] Query delta: <neo4j._sync.work.result.Result object at 0x0000029FD4CCE3D0>
2024-11-17 19:28:55,439: neo4j_middleware.neo4jConnector: [neo4j_connector] Query delta: <neo4j._sync.work.result.Result object at 0x00000228B2D69A30>
2024-11-17 19:28:55,495: neo4j_middleware.neo4jConnector: [neo4j_connector] Received response. 
2024-11-17 19:28:55,495: neo4j_middleware.neo4jConnector: [neo4j_connector] Received response. 
2024-11-17 19:28:55,558: neo4j_middleware.neo4jConnector: [neo4j_connector] Running query: MERGE(n24259:ts20201130T174446:ConnectionNode:IfcRelDefinesByProperties {GlobalI...
2024-11-17 19:28:55,565: neo4j_middleware.neo4jConnector: [neo4j_connector] Running query: MERGE(n23428:ts20201130T174446:SecondaryNode:IfcCartesianPoint {Coordinates:"(-2...
2024-11-17 19:28:55,620: neo4j_middleware.neo4jConnector: [neo4j_connector] Query delta: <neo4j._sync.work.result.Result object at 0x00000228B281F040>
2024-11-17 19:28:55,627: neo4j_middleware.neo4jConnector: [neo4j_connector] Query delta: <neo4j._sync.work.result.Result object at 0x0000029FD4CE8040>
2024-11-17 19:28:55,662: neo4j_middleware.neo4jConnector: [neo4j_connector] Received response. 
2024-11-17 19:28:55,662: neo4j_middleware.neo4jConnector: [neo4j_connector] Received response. 
2024-11-17 19:28:55,721: neo4j_middleware.neo4jConnector: [neo4j_connector] Running query: MERGE(n24255:ts20201130T174446:ConnectionNode:IfcRelDefinesByProperties {GlobalI...
2024-11-17 19:28:55,728: neo4j_middleware.neo4jConnector: [neo4j_connector] Running query: MERGE(n23424:ts20201130T174446:SecondaryNode:IfcShapeRepresentation {Representat...
2024-11-17 19:28:55,791: neo4j_middleware.neo4jConnector: [neo4j_connector] Query delta: <neo4j._sync.work.result.Result object at 0x0000029FD4CCD280>
2024-11-17 19:28:55,793: neo4j_middleware.neo4jConnector: [neo4j_connector] Query delta: <neo4j._sync.work.result.Result object at 0x00000228B2802CA0>
2024-11-17 19:28:55,832: neo4j_middleware.neo4jConnector: [neo4j_connector] Received response. 
2024-11-17 19:28:55,832: neo4j_middleware.neo4jConnector: [neo4j_connector] Received response. 
2024-11-17 19:28:55,885: neo4j_middleware.neo4jConnector: [neo4j_connector] Running query: MERGE(n23420:ts20201130T174446:PrimaryNode:IfcMemberType {GlobalId:"0qE8hALen8wR...
2024-11-17 19:28:55,892: neo4j_middleware.neo4jConnector: [neo4j_connector] Running query: MERGE(n24248:ts20201130T174446:ConnectionNode:IfcRelDefinesByProperties {GlobalI...
2024-11-17 19:28:55,954: neo4j_middleware.neo4jConnector: [neo4j_connector] Query delta: <neo4j._sync.work.result.Result object at 0x0000029FD5239C70>
2024-11-17 19:28:55,959: neo4j_middleware.neo4jConnector: [neo4j_connector] Query delta: <neo4j._sync.work.result.Result object at 0x00000228B2804160>
2024-11-17 19:28:55,992: neo4j_middleware.neo4jConnector: [neo4j_connector] Received response. 
2024-11-17 19:28:55,995: neo4j_middleware.neo4jConnector: [neo4j_connector] Received response. 
2024-11-17 19:28:56,054: neo4j_middleware.neo4jConnector: [neo4j_connector] Running query: MERGE(n24245:ts20201130T174446:ConnectionNode:IfcRelDefinesByProperties {GlobalI...
2024-11-17 19:28:56,063: neo4j_middleware.neo4jConnector: [neo4j_connector] Running query: MERGE(n23419:ts20201130T174446:SecondaryNode:IfcRepresentationMap {p21_id:23419,...
2024-11-17 19:28:56,113: neo4j_middleware.neo4jConnector: [neo4j_connector] Query delta: <neo4j._sync.work.result.Result object at 0x0000029FD4CD46A0>
2024-11-17 19:28:56,120: neo4j_middleware.neo4jConnector: [neo4j_connector] Query delta: <neo4j._sync.work.result.Result object at 0x00000228B2863C10>
2024-11-17 19:28:56,152: neo4j_middleware.neo4jConnector: [neo4j_connector] Received response. 
2024-11-17 19:28:56,158: neo4j_middleware.neo4jConnector: [neo4j_connector] Received response. 
2024-11-17 19:28:56,208: neo4j_middleware.neo4jConnector: [neo4j_connector] Running query: MERGE(n24231:ts20201130T174446:ConnectionNode:IfcRelDefinesByProperties {GlobalI...
2024-11-17 19:28:56,224: neo4j_middleware.neo4jConnector: [neo4j_connector] Running query: MERGE(n23413:ts20201130T174446:SecondaryNode:IfcStyledItem {Name:"None", p21_id:...
2024-11-17 19:28:56,255: neo4j_middleware.neo4jConnector: [neo4j_connector] Query delta: <neo4j._sync.work.result.Result object at 0x0000029FD4CE3B80>
2024-11-17 19:28:56,272: neo4j_middleware.neo4jConnector: [neo4j_connector] Query delta: <neo4j._sync.work.result.Result object at 0x00000228B278D550>
2024-11-17 19:28:56,302: neo4j_middleware.neo4jConnector: [neo4j_connector] Received response. 
2024-11-17 19:28:56,302: neo4j_middleware.neo4jConnector: [neo4j_connector] Received response. 
2024-11-17 19:28:56,353: neo4j_middleware.neo4jConnector: [neo4j_connector] Running query: MERGE(n24224:ts20201130T174446:ConnectionNode:IfcRelDefinesByProperties {GlobalI...
2024-11-17 19:28:56,372: neo4j_middleware.neo4jConnector: [neo4j_connector] Running query: MERGE(n23412:ts20201130T174446:SecondaryNode:IfcExtrudedAreaSolid {Depth:1.71250...
2024-11-17 19:28:56,439: neo4j_middleware.neo4jConnector: [neo4j_connector] Query delta: <neo4j._sync.work.result.Result object at 0x0000029FD4CEBEE0>
2024-11-17 19:28:56,439: neo4j_middleware.neo4jConnector: [neo4j_connector] Query delta: <neo4j._sync.work.result.Result object at 0x00000228B2863880>
2024-11-17 19:28:56,472: neo4j_middleware.neo4jConnector: [neo4j_connector] Received response. 
2024-11-17 19:28:56,472: neo4j_middleware.neo4jConnector: [neo4j_connector] Received response. 
2024-11-17 19:28:56,540: neo4j_middleware.neo4jConnector: [neo4j_connector] Running query: MERGE(n24220:ts20201130T174446:ConnectionNode:IfcRelDefinesByProperties {GlobalI...
2024-11-17 19:28:56,540: neo4j_middleware.neo4jConnector: [neo4j_connector] Running query: MERGE(n23409:ts20201130T174446:SecondaryNode:IfcCartesianPoint {Coordinates:"(0....
2024-11-17 19:28:56,688: neo4j_middleware.neo4jConnector: [neo4j_connector] Query delta: <neo4j._sync.work.result.Result object at 0x0000029FD4CCEEE0>
2024-11-17 19:28:56,688: neo4j_middleware.neo4jConnector: [neo4j_connector] Query delta: <neo4j._sync.work.result.Result object at 0x00000228B2D69E20>
2024-11-17 19:28:56,735: neo4j_middleware.neo4jConnector: [neo4j_connector] Received response. 
2024-11-17 19:28:56,735: neo4j_middleware.neo4jConnector: [neo4j_connector] Received response. 
2024-11-17 19:28:56,796: neo4j_middleware.neo4jConnector: [neo4j_connector] Running query: MERGE(n24217:ts20201130T174446:ConnectionNode:IfcRelDefinesByProperties {GlobalI...
2024-11-17 19:28:56,796: neo4j_middleware.neo4jConnector: [neo4j_connector] Running query: MERGE(n23405:ts20201130T174446:SecondaryNode:IfcCartesianPoint {Coordinates:"(0....
2024-11-17 19:28:56,856: neo4j_middleware.neo4jConnector: [neo4j_connector] Query delta: <neo4j._sync.work.result.Result object at 0x00000228B281F610>
2024-11-17 19:28:56,877: neo4j_middleware.neo4jConnector: [neo4j_connector] Query delta: <neo4j._sync.work.result.Result object at 0x0000029FD4CD49D0>
2024-11-17 19:28:56,901: neo4j_middleware.neo4jConnector: [neo4j_connector] Received response. 
2024-11-17 19:28:56,917: neo4j_middleware.neo4jConnector: [neo4j_connector] Received response. 
2024-11-17 19:28:56,970: neo4j_middleware.neo4jConnector: [neo4j_connector] Running query: MERGE(n23400:ts20201130T174446:PrimaryNode:IfcMember {GlobalId:"1s5utE$rDDfRKgzV...
2024-11-17 19:28:56,977: neo4j_middleware.neo4jConnector: [neo4j_connector] Running query: MERGE(n24213:ts20201130T174446:ConnectionNode:IfcRelDefinesByProperties {GlobalI...
2024-11-17 19:28:57,034: neo4j_middleware.neo4jConnector: [neo4j_connector] Query delta: <neo4j._sync.work.result.Result object at 0x00000228B28022B0>
2024-11-17 19:28:57,034: neo4j_middleware.neo4jConnector: [neo4j_connector] Query delta: <neo4j._sync.work.result.Result object at 0x0000029FD4CCDC10>
2024-11-17 19:28:57,072: neo4j_middleware.neo4jConnector: [neo4j_connector] Received response. 
2024-11-17 19:28:57,082: neo4j_middleware.neo4jConnector: [neo4j_connector] Received response. 
2024-11-17 19:28:57,144: neo4j_middleware.neo4jConnector: [neo4j_connector] Running query: MERGE(n25042:ts20201130T174446:SecondaryNode:IfcRectangleProfileDef {ProfileType...
2024-11-17 19:28:57,144: neo4j_middleware.neo4jConnector: [neo4j_connector] Running query: MERGE(n24210:ts20201130T174446:ConnectionNode:IfcRelDefinesByProperties {GlobalI...
2024-11-17 19:28:57,207: neo4j_middleware.neo4jConnector: [neo4j_connector] Query delta: <neo4j._sync.work.result.Result object at 0x00000228B28047C0>
2024-11-17 19:28:57,223: neo4j_middleware.neo4jConnector: [neo4j_connector] Query delta: <neo4j._sync.work.result.Result object at 0x0000029FD4CE8B50>
2024-11-17 19:28:57,254: neo4j_middleware.neo4jConnector: [neo4j_connector] Received response. 
2024-11-17 19:28:57,254: neo4j_middleware.neo4jConnector: [neo4j_connector] Received response. 
2024-11-17 19:28:57,316: neo4j_middleware.neo4jConnector: [neo4j_connector] Running query: MERGE(n24185:ts20201130T174446:ConnectionNode:IfcRelDefinesByProperties {GlobalI...
2024-11-17 19:28:57,328: neo4j_middleware.neo4jConnector: [neo4j_connector] Running query: MERGE(n23398:ts20201130T174446:SecondaryNode:IfcAxis2Placement3D {p21_id:23398, ...
2024-11-17 19:28:57,384: neo4j_middleware.neo4jConnector: [neo4j_connector] Query delta: <neo4j._sync.work.result.Result object at 0x0000029FD4CD49D0>
2024-11-17 19:28:57,391: neo4j_middleware.neo4jConnector: [neo4j_connector] Query delta: <neo4j._sync.work.result.Result object at 0x00000228B2863940>
2024-11-17 19:28:57,425: neo4j_middleware.neo4jConnector: [neo4j_connector] Received response. 
2024-11-17 19:28:57,432: neo4j_middleware.neo4jConnector: [neo4j_connector] Received response. 
2024-11-17 19:28:57,488: neo4j_middleware.neo4jConnector: [neo4j_connector] Running query: MERGE(n24175:ts20201130T174446:ConnectionNode:IfcRelDefinesByProperties {GlobalI...
2024-11-17 19:28:57,488: neo4j_middleware.neo4jConnector: [neo4j_connector] Running query: MERGE(n23394:ts20201130T174446:SecondaryNode:IfcAxis2Placement3D {p21_id:23394, ...
2024-11-17 19:28:57,544: neo4j_middleware.neo4jConnector: [neo4j_connector] Query delta: <neo4j._sync.work.result.Result object at 0x00000228B278D190>
2024-11-17 19:28:57,544: neo4j_middleware.neo4jConnector: [neo4j_connector] Query delta: <neo4j._sync.work.result.Result object at 0x0000029FD4CCE970>
2024-11-17 19:28:57,576: neo4j_middleware.neo4jConnector: [neo4j_connector] Received response. 
2024-11-17 19:28:57,591: neo4j_middleware.neo4jConnector: [neo4j_connector] Received response. 
2024-11-17 19:28:57,654: neo4j_middleware.neo4jConnector: [neo4j_connector] Running query: MERGE(n23392:ts20201130T174446:SecondaryNode:IfcCartesianPoint {Coordinates:"(1....
2024-11-17 19:28:57,712: neo4j_middleware.neo4jConnector: [neo4j_connector] Query delta: <neo4j._sync.work.result.Result object at 0x00000228B2D69CD0>
2024-11-17 19:28:57,752: neo4j_middleware.neo4jConnector: [neo4j_connector] Received response. 
2024-11-17 19:28:57,805: neo4j_middleware.neo4jConnector: [neo4j_connector] Running query: MERGE(n23390:ts20201130T174446:SecondaryNode:IfcProductDefinitionShape {Name:"No...
2024-11-17 19:28:57,887: neo4j_middleware.neo4jConnector: [neo4j_connector] Query delta: <neo4j._sync.work.result.Result object at 0x00000228B2802EE0>
2024-11-17 19:28:57,926: neo4j_middleware.neo4jConnector: [neo4j_connector] Received response. 
2024-11-17 19:28:57,926: neo4j_middleware.neo4jConnector: [neo4j_connector] Running query: MERGE(n24168:ts20201130T174446:ConnectionNode:IfcRelDefinesByProperties {GlobalI...
2024-11-17 19:28:58,002: neo4j_middleware.neo4jConnector: [neo4j_connector] Query delta: <neo4j._sync.work.result.Result object at 0x0000029FD4CD6580>
2024-11-17 19:28:58,026: neo4j_middleware.neo4jConnector: [neo4j_connector] Running query: MERGE(n23387:ts20201130T174446:SecondaryNode:IfcMappedItem {p21_id:23387, Entity...
2024-11-17 19:28:58,047: neo4j_middleware.neo4jConnector: [neo4j_connector] Received response. 
2024-11-17 19:28:58,100: neo4j_middleware.neo4jConnector: [neo4j_connector] Query delta: <neo4j._sync.work.result.Result object at 0x00000228B28103A0>
2024-11-17 19:28:58,105: neo4j_middleware.neo4jConnector: [neo4j_connector] Running query: MERGE(n24157:ts20201130T174446:ConnectionNode:IfcRelDefinesByProperties {GlobalI...
2024-11-17 19:28:58,136: neo4j_middleware.neo4jConnector: [neo4j_connector] Received response. 
2024-11-17 19:28:58,183: neo4j_middleware.neo4jConnector: [neo4j_connector] Query delta: <neo4j._sync.work.result.Result object at 0x0000029FD4CEB520>
2024-11-17 19:28:58,206: neo4j_middleware.neo4jConnector: [neo4j_connector] Running query: MERGE(n23379:ts20201130T174446:SecondaryNode:IfcLocalPlacement {p21_id:23379, En...
2024-11-17 19:28:58,220: neo4j_middleware.neo4jConnector: [neo4j_connector] Received response. 
2024-11-17 19:28:58,267: neo4j_middleware.neo4jConnector: [neo4j_connector] Query delta: <neo4j._sync.work.result.Result object at 0x00000228B2802520>
2024-11-17 19:28:58,287: neo4j_middleware.neo4jConnector: [neo4j_connector] Running query: MERGE(n24147:ts20201130T174446:ConnectionNode:IfcRelDefinesByProperties {GlobalI...
2024-11-17 19:28:58,307: neo4j_middleware.neo4jConnector: [neo4j_connector] Received response. 
2024-11-17 19:28:58,352: neo4j_middleware.neo4jConnector: [neo4j_connector] Query delta: <neo4j._sync.work.result.Result object at 0x0000029FD4CD4880>
2024-11-17 19:28:58,370: neo4j_middleware.neo4jConnector: [neo4j_connector] Running query: MERGE(n23374:ts20201130T174446:SecondaryNode:IfcProductDefinitionShape {Name:"No...
2024-11-17 19:28:58,391: neo4j_middleware.neo4jConnector: [neo4j_connector] Received response. 
2024-11-17 19:28:58,425: neo4j_middleware.neo4jConnector: [neo4j_connector] Query delta: <neo4j._sync.work.result.Result object at 0x00000228B2D69FA0>
2024-11-17 19:28:58,453: neo4j_middleware.neo4jConnector: [neo4j_connector] Running query: MERGE(n24138:ts20201130T174446:SecondaryNode:IfcPropertySingleValue {Name:"Span"...
2024-11-17 19:28:58,460: neo4j_middleware.neo4jConnector: [neo4j_connector] Received response. 
2024-11-17 19:28:58,516: neo4j_middleware.neo4jConnector: [neo4j_connector] Query delta: <neo4j._sync.work.result.Result object at 0x0000029FD4CE8130>
2024-11-17 19:28:58,523: neo4j_middleware.neo4jConnector: [neo4j_connector] Running query: MERGE(n23372:ts20201130T174446:SecondaryNode:IfcShapeRepresentation {Representat...
2024-11-17 19:28:58,557: neo4j_middleware.neo4jConnector: [neo4j_connector] Received response. 
2024-11-17 19:28:58,585: neo4j_middleware.neo4jConnector: [neo4j_connector] Query delta: <neo4j._sync.work.result.Result object at 0x00000228B2D73D90>
2024-11-17 19:28:58,627: neo4j_middleware.neo4jConnector: [neo4j_connector] Received response. 
2024-11-17 19:28:58,627: neo4j_middleware.neo4jConnector: [neo4j_connector] Running query: MERGE(n24133:ts20201130T174446:SecondaryNode:IfcPropertySingleValue {Name:"Span"...
2024-11-17 19:28:58,689: neo4j_middleware.neo4jConnector: [neo4j_connector] Running query: MERGE(n23368:ts20201130T174446:PrimaryNode:IfcMember {GlobalId:"1s5utE$rDDfRKgzV...
2024-11-17 19:28:58,689: neo4j_middleware.neo4jConnector: [neo4j_connector] Query delta: <neo4j._sync.work.result.Result object at 0x0000029FD4CE8160>
2024-11-17 19:28:58,731: neo4j_middleware.neo4jConnector: [neo4j_connector] Received response. 
2024-11-17 19:28:58,759: neo4j_middleware.neo4jConnector: [neo4j_connector] Query delta: <neo4j._sync.work.result.Result object at 0x00000228B278D850>
2024-11-17 19:28:58,794: neo4j_middleware.neo4jConnector: [neo4j_connector] Running query: MERGE(n24128:ts20201130T174446:SecondaryNode:IfcPropertySingleValue {Name:"Span"...
2024-11-17 19:28:58,800: neo4j_middleware.neo4jConnector: [neo4j_connector] Received response. 
2024-11-17 19:28:58,863: neo4j_middleware.neo4jConnector: [neo4j_connector] Running query: MERGE(n25044:ts20201130T174446:SecondaryNode:IfcExtrudedAreaSolid {Depth:0.1, p2...
2024-11-17 19:28:58,870: neo4j_middleware.neo4jConnector: [neo4j_connector] Query delta: <neo4j._sync.work.result.Result object at 0x0000029FD4CD60A0>
2024-11-17 19:28:58,897: neo4j_middleware.neo4jConnector: [neo4j_connector] Received response. 
2024-11-17 19:28:58,918: neo4j_middleware.neo4jConnector: [neo4j_connector] Query delta: <neo4j._sync.work.result.Result object at 0x00000228B2804FA0>
2024-11-17 19:28:58,968: neo4j_middleware.neo4jConnector: [neo4j_connector] Received response. 
2024-11-17 19:28:58,980: neo4j_middleware.neo4jConnector: [neo4j_connector] Running query: MERGE(n24124:ts20201130T174446:SecondaryNode:IfcPropertySet {GlobalId:"1s5utE$rD...
2024-11-17 19:28:59,031: neo4j_middleware.neo4jConnector: [neo4j_connector] Running query: MERGE(n23364:ts20201130T174446:SecondaryNode:IfcCartesianPoint {Coordinates:"(-0...
2024-11-17 19:28:59,046: neo4j_middleware.neo4jConnector: [neo4j_connector] Query delta: <neo4j._sync.work.result.Result object at 0x0000029FD4CD9760>
2024-11-17 19:28:59,084: neo4j_middleware.neo4jConnector: [neo4j_connector] Received response. 
2024-11-17 19:28:59,103: neo4j_middleware.neo4jConnector: [neo4j_connector] Query delta: <neo4j._sync.work.result.Result object at 0x00000228B2802DF0>
2024-11-17 19:28:59,133: neo4j_middleware.neo4jConnector: [neo4j_connector] Received response. 
2024-11-17 19:28:59,159: neo4j_middleware.neo4jConnector: [neo4j_connector] Running query: MERGE(n24123:ts20201130T174446:SecondaryNode:IfcPropertySingleValue {Name:"Span"...
2024-11-17 19:28:59,203: neo4j_middleware.neo4jConnector: [neo4j_connector] Running query: MERGE(n23362:ts20201130T174446:SecondaryNode:IfcAxis2Placement3D {p21_id:23362, ...
2024-11-17 19:28:59,261: neo4j_middleware.neo4jConnector: [neo4j_connector] Query delta: <neo4j._sync.work.result.Result object at 0x00000228B28630A0>
2024-11-17 19:28:59,267: neo4j_middleware.neo4jConnector: [neo4j_connector] Query delta: <neo4j._sync.work.result.Result object at 0x0000029FD4CCD460>
2024-11-17 19:28:59,301: neo4j_middleware.neo4jConnector: [neo4j_connector] Received response. 
2024-11-17 19:28:59,308: neo4j_middleware.neo4jConnector: [neo4j_connector] Received response. 
2024-11-17 19:28:59,365: neo4j_middleware.neo4jConnector: [neo4j_connector] Running query: MERGE(n23360:ts20201130T174446:SecondaryNode:IfcCartesianPoint {Coordinates:"(-0...
2024-11-17 19:28:59,368: neo4j_middleware.neo4jConnector: [neo4j_connector] Running query: MERGE(n24118:ts20201130T174446:SecondaryNode:IfcPropertySingleValue {Name:"Span"...
2024-11-17 19:28:59,447: neo4j_middleware.neo4jConnector: [neo4j_connector] Query delta: <neo4j._sync.work.result.Result object at 0x0000029FD4CCD9D0>
2024-11-17 19:28:59,449: neo4j_middleware.neo4jConnector: [neo4j_connector] Query delta: <neo4j._sync.work.result.Result object at 0x00000228B2802D60>
2024-11-17 19:28:59,488: neo4j_middleware.neo4jConnector: [neo4j_connector] Received response. 
2024-11-17 19:28:59,556: neo4j_middleware.neo4jConnector: [neo4j_connector] Running query: MERGE(n24113:ts20201130T174446:SecondaryNode:IfcPropertySingleValue {Name:"Span"...
2024-11-17 19:28:59,556: neo4j_middleware.neo4jConnector: [neo4j_connector] Running query: MERGE(n25045:ts20201130T174446:SecondaryNode:IfcShapeRepresentation {Representat...
2024-11-17 19:28:59,634: neo4j_middleware.neo4jConnector: [neo4j_connector] Query delta: <neo4j._sync.work.result.Result object at 0x00000228B2804A30>
2024-11-17 19:28:59,638: neo4j_middleware.neo4jConnector: [neo4j_connector] Query delta: <neo4j._sync.work.result.Result object at 0x0000029FD4CEB850>
2024-11-17 19:28:59,680: neo4j_middleware.neo4jConnector: [neo4j_connector] Received response. 
2024-11-17 19:28:59,680: neo4j_middleware.neo4jConnector: [neo4j_connector] Received response. 
2024-11-17 19:28:59,741: neo4j_middleware.neo4jConnector: [neo4j_connector] Running query: MERGE(n24109:ts20201130T174446:SecondaryNode:IfcPropertySet {GlobalId:"1s5utE$rD...
2024-11-17 19:28:59,761: neo4j_middleware.neo4jConnector: [neo4j_connector] Running query: MERGE(n23347:ts20201130T174446:SecondaryNode:IfcLocalPlacement {p21_id:23347, En...
2024-11-17 19:28:59,796: neo4j_middleware.neo4jConnector: [neo4j_connector] Query delta: <neo4j._sync.work.result.Result object at 0x0000029FD4CD94F0>
2024-11-17 19:28:59,820: neo4j_middleware.neo4jConnector: [neo4j_connector] Query delta: <neo4j._sync.work.result.Result object at 0x00000228B27CEB20>
2024-11-17 19:28:59,834: neo4j_middleware.neo4jConnector: [neo4j_connector] Received response. 
2024-11-17 19:28:59,866: neo4j_middleware.neo4jConnector: [neo4j_connector] Received response. 
2024-11-17 19:28:59,898: neo4j_middleware.neo4jConnector: [neo4j_connector] Running query: MERGE(n24108:ts20201130T174446:SecondaryNode:IfcPropertySingleValue {Name:"Span"...
2024-11-17 19:28:59,928: neo4j_middleware.neo4jConnector: [neo4j_connector] Running query: MERGE(n23342:ts20201130T174446:SecondaryNode:IfcProductDefinitionShape {Name:"No...
2024-11-17 19:28:59,962: neo4j_middleware.neo4jConnector: [neo4j_connector] Query delta: <neo4j._sync.work.result.Result object at 0x0000029FD4CEB730>
2024-11-17 19:29:00,000: neo4j_middleware.neo4jConnector: [neo4j_connector] Query delta: <neo4j._sync.work.result.Result object at 0x00000228B278D550>
2024-11-17 19:29:00,017: neo4j_middleware.neo4jConnector: [neo4j_connector] Received response. 
2024-11-17 19:29:00,042: neo4j_middleware.neo4jConnector: [neo4j_connector] Received response. 
2024-11-17 19:29:00,093: neo4j_middleware.neo4jConnector: [neo4j_connector] Running query: MERGE(n24106:ts20201130T174446:SecondaryNode:IfcPropertySet {GlobalId:"1HlwzEHjX...
2024-11-17 19:29:00,115: neo4j_middleware.neo4jConnector: [neo4j_connector] Running query: MERGE(n23339:ts20201130T174446:SecondaryNode:IfcMappedItem {p21_id:23339, Entity...
2024-11-17 19:29:00,160: neo4j_middleware.neo4jConnector: [neo4j_connector] Query delta: <neo4j._sync.work.result.Result object at 0x0000029FD4CCDB80>
2024-11-17 19:29:00,174: neo4j_middleware.neo4jConnector: [neo4j_connector] Query delta: <neo4j._sync.work.result.Result object at 0x00000228B2D73F10>
2024-11-17 19:29:00,195: neo4j_middleware.neo4jConnector: [neo4j_connector] Received response. 
2024-11-17 19:29:00,210: neo4j_middleware.neo4jConnector: [neo4j_connector] Received response. 
2024-11-17 19:29:00,264: neo4j_middleware.neo4jConnector: [neo4j_connector] Running query: MERGE(n24104:ts20201130T174446:SecondaryNode:IfcPropertySet {GlobalId:"1s5utE$rD...
2024-11-17 19:29:00,271: neo4j_middleware.neo4jConnector: [neo4j_connector] Running query: MERGE(n23334:ts20201130T174446:SecondaryNode:IfcPropertySet {GlobalId:"3LTF_0wAj...
2024-11-17 19:29:00,333: neo4j_middleware.neo4jConnector: [neo4j_connector] Query delta: <neo4j._sync.work.result.Result object at 0x0000029FD4CCE790>
2024-11-17 19:29:00,334: neo4j_middleware.neo4jConnector: [neo4j_connector] Query delta: <neo4j._sync.work.result.Result object at 0x00000228B2D69910>
2024-11-17 19:29:00,368: neo4j_middleware.neo4jConnector: [neo4j_connector] Received response. 
2024-11-17 19:29:00,371: neo4j_middleware.neo4jConnector: [neo4j_connector] Received response. 
2024-11-17 19:29:00,433: neo4j_middleware.neo4jConnector: [neo4j_connector] Running query: MERGE(n24094:ts20201130T174446:SecondaryNode:IfcPropertySet {GlobalId:"1s5utE$rD...
2024-11-17 19:29:00,441: neo4j_middleware.neo4jConnector: [neo4j_connector] Running query: MERGE(n23332:ts20201130T174446:SecondaryNode:IfcPropertySet {GlobalId:"1ikjtR_nT...
2024-11-17 19:29:00,499: neo4j_middleware.neo4jConnector: [neo4j_connector] Query delta: <neo4j._sync.work.result.Result object at 0x0000029FD4CCD5B0>
2024-11-17 19:29:00,501: neo4j_middleware.neo4jConnector: [neo4j_connector] Query delta: <neo4j._sync.work.result.Result object at 0x00000228B28026A0>
2024-11-17 19:29:00,533: neo4j_middleware.neo4jConnector: [neo4j_connector] Received response. 
2024-11-17 19:29:00,533: neo4j_middleware.neo4jConnector: [neo4j_connector] Received response. 
2024-11-17 19:29:00,603: neo4j_middleware.neo4jConnector: [neo4j_connector] Running query: MERGE(n24093:ts20201130T174446:SecondaryNode:IfcPropertySingleValue {Name:"Span"...
2024-11-17 19:29:00,611: neo4j_middleware.neo4jConnector: [neo4j_connector] Running query: MERGE(n25047:ts20201130T174446:SecondaryNode:IfcProductDefinitionShape {Name:"No...
2024-11-17 19:29:00,669: neo4j_middleware.neo4jConnector: [neo4j_connector] Query delta: <neo4j._sync.work.result.Result object at 0x0000029FD4CEB880>
2024-11-17 19:29:00,674: neo4j_middleware.neo4jConnector: [neo4j_connector] Query delta: <neo4j._sync.work.result.Result object at 0x00000228B2802250>
2024-11-17 19:29:00,714: neo4j_middleware.neo4jConnector: [neo4j_connector] Received response. 
2024-11-17 19:29:00,716: neo4j_middleware.neo4jConnector: [neo4j_connector] Received response. 
2024-11-17 19:29:00,790: neo4j_middleware.neo4jConnector: [neo4j_connector] Running query: MERGE(n23327:ts20201130T174446:SecondaryNode:IfcAxis2Placement3D {p21_id:23327, ...
2024-11-17 19:29:00,791: neo4j_middleware.neo4jConnector: [neo4j_connector] Running query: MERGE(n24089:ts20201130T174446:SecondaryNode:IfcPropertySet {GlobalId:"1s5utE$rD...
2024-11-17 19:29:00,866: neo4j_middleware.neo4jConnector: [neo4j_connector] Query delta: <neo4j._sync.work.result.Result object at 0x0000029FD4CD9A60>
2024-11-17 19:29:00,872: neo4j_middleware.neo4jConnector: [neo4j_connector] Query delta: <neo4j._sync.work.result.Result object at 0x00000228B2804850>
2024-11-17 19:29:00,909: neo4j_middleware.neo4jConnector: [neo4j_connector] Received response. 
2024-11-17 19:29:00,920: neo4j_middleware.neo4jConnector: [neo4j_connector] Received response. 
2024-11-17 19:29:00,987: neo4j_middleware.neo4jConnector: [neo4j_connector] Running query: MERGE(n24086:ts20201130T174446:SecondaryNode:IfcPropertySet {GlobalId:"2BDbOTe79...
2024-11-17 19:29:00,988: neo4j_middleware.neo4jConnector: [neo4j_connector] Running query: MERGE(n23324:ts20201130T174446:SecondaryNode:IfcLocalPlacement {p21_id:23324, En...
2024-11-17 19:29:01,059: neo4j_middleware.neo4jConnector: [neo4j_connector] Query delta: <neo4j._sync.work.result.Result object at 0x0000029FD5239940>
2024-11-17 19:29:01,061: neo4j_middleware.neo4jConnector: [neo4j_connector] Query delta: <neo4j._sync.work.result.Result object at 0x00000228B2863250>
2024-11-17 19:29:01,105: neo4j_middleware.neo4jConnector: [neo4j_connector] Received response. 
2024-11-17 19:29:01,113: neo4j_middleware.neo4jConnector: [neo4j_connector] Received response. 
2024-11-17 19:29:01,164: neo4j_middleware.neo4jConnector: [neo4j_connector] Running query: MERGE(n24079:ts20201130T174446:SecondaryNode:IfcPropertySet {GlobalId:"1s5utE$rD...
2024-11-17 19:29:01,190: neo4j_middleware.neo4jConnector: [neo4j_connector] Running query: MERGE(n23323:ts20201130T174446:SecondaryNode:IfcAxis2Placement3D {p21_id:23323, ...
2024-11-17 19:29:01,233: neo4j_middleware.neo4jConnector: [neo4j_connector] Query delta: <neo4j._sync.work.result.Result object at 0x0000029FD4CEB340>
2024-11-17 19:29:01,256: neo4j_middleware.neo4jConnector: [neo4j_connector] Query delta: <neo4j._sync.work.result.Result object at 0x00000228B278D190>
2024-11-17 19:29:01,265: neo4j_middleware.neo4jConnector: [neo4j_connector] Received response. 
2024-11-17 19:29:01,294: neo4j_middleware.neo4jConnector: [neo4j_connector] Received response. 
2024-11-17 19:29:01,339: neo4j_middleware.neo4jConnector: [neo4j_connector] Running query: MERGE(n24078:ts20201130T174446:SecondaryNode:IfcPropertySingleValue {Name:"Span"...
2024-11-17 19:29:01,360: neo4j_middleware.neo4jConnector: [neo4j_connector] Running query: MERGE(n23319:ts20201130T174446:SecondaryNode:IfcProductDefinitionShape {Name:"No...
2024-11-17 19:29:01,412: neo4j_middleware.neo4jConnector: [neo4j_connector] Query delta: <neo4j._sync.work.result.Result object at 0x0000029FD4CCDB50>
2024-11-17 19:29:01,412: neo4j_middleware.neo4jConnector: [neo4j_connector] Query delta: <neo4j._sync.work.result.Result object at 0x00000228B2D73D90>
2024-11-17 19:29:01,453: neo4j_middleware.neo4jConnector: [neo4j_connector] Received response. 
2024-11-17 19:29:01,456: neo4j_middleware.neo4jConnector: [neo4j_connector] Received response. 
2024-11-17 19:29:01,514: neo4j_middleware.neo4jConnector: [neo4j_connector] Running query: MERGE(n24074:ts20201130T174446:SecondaryNode:IfcPropertySet {GlobalId:"1s5utE$rD...
2024-11-17 19:29:01,520: neo4j_middleware.neo4jConnector: [neo4j_connector] Running query: MERGE(n23317:ts20201130T174446:SecondaryNode:IfcShapeRepresentation {Representat...
2024-11-17 19:29:01,589: neo4j_middleware.neo4jConnector: [neo4j_connector] Query delta: <neo4j._sync.work.result.Result object at 0x0000029FD4CCDD60>
2024-11-17 19:29:01,592: neo4j_middleware.neo4jConnector: [neo4j_connector] Query delta: <neo4j._sync.work.result.Result object at 0x00000228B2804F70>
2024-11-17 19:29:01,626: neo4j_middleware.neo4jConnector: [neo4j_connector] Received response. 
2024-11-17 19:29:01,631: neo4j_middleware.neo4jConnector: [neo4j_connector] Received response. 
2024-11-17 19:29:01,697: neo4j_middleware.neo4jConnector: [neo4j_connector] Running query: MERGE(n24071:ts20201130T174446:SecondaryNode:IfcPropertySet {GlobalId:"3O3Vo_MoD...
2024-11-17 19:29:01,698: neo4j_middleware.neo4jConnector: [neo4j_connector] Running query: MERGE(n23315:ts20201130T174446:SecondaryNode:IfcMappedItem {p21_id:23315, Entity...
2024-11-17 19:29:01,763: neo4j_middleware.neo4jConnector: [neo4j_connector] Query delta: <neo4j._sync.work.result.Result object at 0x00000228B28023A0>
2024-11-17 19:29:01,770: neo4j_middleware.neo4jConnector: [neo4j_connector] Query delta: <neo4j._sync.work.result.Result object at 0x0000029FD4CCDAC0>
2024-11-17 19:29:01,801: neo4j_middleware.neo4jConnector: [neo4j_connector] Received response. 
2024-11-17 19:29:01,802: neo4j_middleware.neo4jConnector: [neo4j_connector] Received response. 
2024-11-17 19:29:01,871: neo4j_middleware.neo4jConnector: [neo4j_connector] Running query: MERGE(n23312:ts20201130T174446:SecondaryNode:IfcRepresentationMap {p21_id:23312,...
2024-11-17 19:29:01,876: neo4j_middleware.neo4jConnector: [neo4j_connector] Running query: MERGE(n24064:ts20201130T174446:SecondaryNode:IfcPropertySet {GlobalId:"1s5utE$rD...
2024-11-17 19:29:01,931: neo4j_middleware.neo4jConnector: [neo4j_connector] Query delta: <neo4j._sync.work.result.Result object at 0x00000228B2802490>
2024-11-17 19:29:01,932: neo4j_middleware.neo4jConnector: [neo4j_connector] Query delta: <neo4j._sync.work.result.Result object at 0x0000029FD4CEB8E0>
2024-11-17 19:29:01,967: neo4j_middleware.neo4jConnector: [neo4j_connector] Received response. 
2024-11-17 19:29:01,972: neo4j_middleware.neo4jConnector: [neo4j_connector] Received response. 
2024-11-17 19:29:02,053: neo4j_middleware.neo4jConnector: [neo4j_connector] Running query: MERGE(n23309:ts20201130T174446:SecondaryNode:IfcShapeRepresentation {Representat...
2024-11-17 19:29:02,062: neo4j_middleware.neo4jConnector: [neo4j_connector] Running query: MERGE(n24063:ts20201130T174446:SecondaryNode:IfcPropertySingleValue {Name:"Span"...
2024-11-17 19:29:02,120: neo4j_middleware.neo4jConnector: [neo4j_connector] Query delta: <neo4j._sync.work.result.Result object at 0x00000228B27F20D0>
2024-11-17 19:29:02,127: neo4j_middleware.neo4jConnector: [neo4j_connector] Query delta: <neo4j._sync.work.result.Result object at 0x0000029FD4CD9FD0>
2024-11-17 19:29:02,161: neo4j_middleware.neo4jConnector: [neo4j_connector] Received response. 
2024-11-17 19:29:02,167: neo4j_middleware.neo4jConnector: [neo4j_connector] Received response. 
2024-11-17 19:29:02,231: neo4j_middleware.neo4jConnector: [neo4j_connector] Running query: MERGE(n23304:ts20201130T174446:SecondaryNode:IfcAxis2Placement3D {p21_id:23304, ...
2024-11-17 19:29:02,239: neo4j_middleware.neo4jConnector: [neo4j_connector] Running query: MERGE(n24059:ts20201130T174446:SecondaryNode:IfcPropertySet {GlobalId:"1s5utE$rD...
2024-11-17 19:29:02,293: neo4j_middleware.neo4jConnector: [neo4j_connector] Query delta: <neo4j._sync.work.result.Result object at 0x00000228B2863340>
2024-11-17 19:29:02,318: neo4j_middleware.neo4jConnector: [neo4j_connector] Query delta: <neo4j._sync.work.result.Result object at 0x0000029FD5239970>
2024-11-17 19:29:02,321: neo4j_middleware.neo4jConnector: [neo4j_connector] Received response. 
2024-11-17 19:29:02,357: neo4j_middleware.neo4jConnector: [neo4j_connector] Received response. 
2024-11-17 19:29:02,397: neo4j_middleware.neo4jConnector: [neo4j_connector] Running query: MERGE(n23302:ts20201130T174446:SecondaryNode:IfcCartesianPoint {Coordinates:"(0....
2024-11-17 19:29:02,418: neo4j_middleware.neo4jConnector: [neo4j_connector] Running query: MERGE(n24053:ts20201130T174446:SecondaryNode:IfcPropertySingleValue {Name:"Span"...
2024-11-17 19:29:02,486: neo4j_middleware.neo4jConnector: [neo4j_connector] Query delta: <neo4j._sync.work.result.Result object at 0x00000228B2D6D160>
2024-11-17 19:29:02,487: neo4j_middleware.neo4jConnector: [neo4j_connector] Query delta: <neo4j._sync.work.result.Result object at 0x0000029FD4CEBE80>
2024-11-17 19:29:02,525: neo4j_middleware.neo4jConnector: [neo4j_connector] Received response. 
2024-11-17 19:29:02,527: neo4j_middleware.neo4jConnector: [neo4j_connector] Received response. 
2024-11-17 19:29:02,597: neo4j_middleware.neo4jConnector: [neo4j_connector] Running query: MERGE(n23300:ts20201130T174446:SecondaryNode:IfcAxis2Placement2D {p21_id:23300, ...
2024-11-17 19:29:02,599: neo4j_middleware.neo4jConnector: [neo4j_connector] Running query: MERGE(n24049:ts20201130T174446:SecondaryNode:IfcPropertySet {GlobalId:"1s5utE$rD...
2024-11-17 19:29:02,658: neo4j_middleware.neo4jConnector: [neo4j_connector] Query delta: <neo4j._sync.work.result.Result object at 0x00000228B2D73580>
2024-11-17 19:29:02,661: neo4j_middleware.neo4jConnector: [neo4j_connector] Query delta: <neo4j._sync.work.result.Result object at 0x0000029FD4CCDE50>
2024-11-17 19:29:02,698: neo4j_middleware.neo4jConnector: [neo4j_connector] Received response. 
2024-11-17 19:29:02,702: neo4j_middleware.neo4jConnector: [neo4j_connector] Received response. 
2024-11-17 19:29:02,751: neo4j_middleware.neo4jConnector: [neo4j_connector] Running query: MERGE(n24048:ts20201130T174446:SecondaryNode:IfcPropertySingleValue {Name:"Span"...
2024-11-17 19:29:02,776: neo4j_middleware.neo4jConnector: [neo4j_connector] Running query: MERGE(n23298:ts20201130T174446:SecondaryNode:IfcCartesianPoint {Coordinates:"(0....
2024-11-17 19:29:02,831: neo4j_middleware.neo4jConnector: [neo4j_connector] Query delta: <neo4j._sync.work.result.Result object at 0x0000029FD4CCEC40>
2024-11-17 19:29:02,837: neo4j_middleware.neo4jConnector: [neo4j_connector] Query delta: <neo4j._sync.work.result.Result object at 0x00000228B2804A30>
2024-11-17 19:29:02,855: neo4j_middleware.neo4jConnector: [neo4j_connector] Received response. 
2024-11-17 19:29:02,880: neo4j_middleware.neo4jConnector: [neo4j_connector] Received response. 
2024-11-17 19:29:02,933: neo4j_middleware.neo4jConnector: [neo4j_connector] Running query: MERGE(n24044:ts20201130T174446:SecondaryNode:IfcPropertySet {GlobalId:"1s5utE$rD...
2024-11-17 19:29:02,943: neo4j_middleware.neo4jConnector: [neo4j_connector] Running query: MERGE(n25049:ts20201130T174446:SecondaryNode:IfcCartesianPoint {Coordinates:"(7....
2024-11-17 19:29:03,006: neo4j_middleware.neo4jConnector: [neo4j_connector] Query delta: <neo4j._sync.work.result.Result object at 0x00000228B2802040>
2024-11-17 19:29:03,006: neo4j_middleware.neo4jConnector: [neo4j_connector] Query delta: <neo4j._sync.work.result.Result object at 0x0000029FD4CCDE20>
2024-11-17 19:29:03,050: neo4j_middleware.neo4jConnector: [neo4j_connector] Received response. 
2024-11-17 19:29:03,052: neo4j_middleware.neo4jConnector: [neo4j_connector] Received response. 
2024-11-17 19:29:03,098: neo4j_middleware.neo4jConnector: [neo4j_connector] Running query: MERGE(n24038:ts20201130T174446:SecondaryNode:IfcPropertySingleValue {Name:"Span"...
2024-11-17 19:29:03,128: neo4j_middleware.neo4jConnector: [neo4j_connector] Running query: MERGE(n23289:ts20201130T174446:SecondaryNode:IfcPropertySet {GlobalId:"1ANc0dqXX...
2024-11-17 19:29:03,178: neo4j_middleware.neo4jConnector: [neo4j_connector] Query delta: <neo4j._sync.work.result.Result object at 0x0000029FD4CEB670>
2024-11-17 19:29:03,188: neo4j_middleware.neo4jConnector: [neo4j_connector] Query delta: <neo4j._sync.work.result.Result object at 0x00000228B2804970>
2024-11-17 19:29:03,226: neo4j_middleware.neo4jConnector: [neo4j_connector] Received response. 
2024-11-17 19:29:03,231: neo4j_middleware.neo4jConnector: [neo4j_connector] Received response. 
2024-11-17 19:29:03,279: neo4j_middleware.neo4jConnector: [neo4j_connector] Running query: MERGE(n24034:ts20201130T174446:SecondaryNode:IfcPropertySet {GlobalId:"1s5utE$rD...
2024-11-17 19:29:03,279: neo4j_middleware.neo4jConnector: [neo4j_connector] Running query: MERGE(n23282:ts20201130T174446:SecondaryNode:IfcCartesianPoint {Coordinates:"(-2...
2024-11-17 19:29:03,341: neo4j_middleware.neo4jConnector: [neo4j_connector] Query delta: <neo4j._sync.work.result.Result object at 0x0000029FD5239EE0>
2024-11-17 19:29:03,357: neo4j_middleware.neo4jConnector: [neo4j_connector] Query delta: <neo4j._sync.work.result.Result object at 0x00000228B2D69BE0>
2024-11-17 19:29:03,387: neo4j_middleware.neo4jConnector: [neo4j_connector] Received response. 
2024-11-17 19:29:03,387: neo4j_middleware.neo4jConnector: [neo4j_connector] Received response. 
2024-11-17 19:29:03,454: neo4j_middleware.neo4jConnector: [neo4j_connector] Running query: MERGE(n24033:ts20201130T174446:SecondaryNode:IfcPropertySingleValue {Name:"Span"...
2024-11-17 19:29:03,459: neo4j_middleware.neo4jConnector: [neo4j_connector] Running query: MERGE(n23278:ts20201130T174446:SecondaryNode:IfcCartesianPoint {Coordinates:"(-2...
2024-11-17 19:29:03,519: neo4j_middleware.neo4jConnector: [neo4j_connector] Query delta: <neo4j._sync.work.result.Result object at 0x0000029FD4CCFBB0>
2024-11-17 19:29:03,520: neo4j_middleware.neo4jConnector: [neo4j_connector] Query delta: <neo4j._sync.work.result.Result object at 0x00000228B28634C0>
2024-11-17 19:29:03,550: neo4j_middleware.neo4jConnector: [neo4j_connector] Received response. 
2024-11-17 19:29:03,550: neo4j_middleware.neo4jConnector: [neo4j_connector] Received response. 
2024-11-17 19:29:03,623: neo4j_middleware.neo4jConnector: [neo4j_connector] Running query: MERGE(n24029:ts20201130T174446:SecondaryNode:IfcPropertySet {GlobalId:"1s5utE$rD...
2024-11-17 19:29:03,634: neo4j_middleware.neo4jConnector: [neo4j_connector] Running query: MERGE(n23274:ts20201130T174446:SecondaryNode:IfcShapeRepresentation {Representat...
2024-11-17 19:29:03,696: neo4j_middleware.neo4jConnector: [neo4j_connector] Query delta: <neo4j._sync.work.result.Result object at 0x0000029FD4CD9340>
2024-11-17 19:29:03,696: neo4j_middleware.neo4jConnector: [neo4j_connector] Query delta: <neo4j._sync.work.result.Result object at 0x00000228B2D6DAC0>
2024-11-17 19:29:03,747: neo4j_middleware.neo4jConnector: [neo4j_connector] Received response. 
2024-11-17 19:29:03,748: neo4j_middleware.neo4jConnector: [neo4j_connector] Received response. 
2024-11-17 19:29:03,815: neo4j_middleware.neo4jConnector: [neo4j_connector] Running query: MERGE(n24023:ts20201130T174446:SecondaryNode:IfcPropertySingleValue {Name:"Span"...
2024-11-17 19:29:03,815: neo4j_middleware.neo4jConnector: [neo4j_connector] Running query: MERGE(n23272:ts20201130T174446:SecondaryNode:IfcMappedItem {p21_id:23272, Entity...
2024-11-17 19:29:03,895: neo4j_middleware.neo4jConnector: [neo4j_connector] Query delta: <neo4j._sync.work.result.Result object at 0x0000029FD4CEBF40>
2024-11-17 19:29:03,896: neo4j_middleware.neo4jConnector: [neo4j_connector] Query delta: <neo4j._sync.work.result.Result object at 0x00000228B2863580>
2024-11-17 19:29:03,940: neo4j_middleware.neo4jConnector: [neo4j_connector] Received response. 
2024-11-17 19:29:04,006: neo4j_middleware.neo4jConnector: [neo4j_connector] Running query: MERGE(n24019:ts20201130T174446:SecondaryNode:IfcPropertySet {GlobalId:"1s5utE$rD...
2024-11-17 19:29:04,009: neo4j_middleware.neo4jConnector: [neo4j_connector] Running query: MERGE(n23270:ts20201130T174446:PrimaryNode:IfcMemberType {GlobalId:"3h7JYbUvL63x...
2024-11-17 19:29:04,077: neo4j_middleware.neo4jConnector: [neo4j_connector] Query delta: <neo4j._sync.work.result.Result object at 0x00000228B2D69CD0>
2024-11-17 19:29:04,077: neo4j_middleware.neo4jConnector: [neo4j_connector] Query delta: <neo4j._sync.work.result.Result object at 0x0000029FD4CCD4F0>
2024-11-17 19:29:04,117: neo4j_middleware.neo4jConnector: [neo4j_connector] Received response. 
2024-11-17 19:29:04,117: neo4j_middleware.neo4jConnector: [neo4j_connector] Received response. 
2024-11-17 19:29:04,179: neo4j_middleware.neo4jConnector: [neo4j_connector] Running query: MERGE(n24014:ts20201130T174446:SecondaryNode:IfcPropertySet {GlobalId:"1s5utE$rD...
2024-11-17 19:29:04,182: neo4j_middleware.neo4jConnector: [neo4j_connector] Running query: MERGE(n23268:ts20201130T174446:SecondaryNode:IfcAxis2Placement3D {p21_id:23268, ...
2024-11-17 19:29:04,242: neo4j_middleware.neo4jConnector: [neo4j_connector] Query delta: <neo4j._sync.work.result.Result object at 0x00000228B2802A60>
2024-11-17 19:29:04,249: neo4j_middleware.neo4jConnector: [neo4j_connector] Query delta: <neo4j._sync.work.result.Result object at 0x0000029FD4CCDF40>
2024-11-17 19:29:04,281: neo4j_middleware.neo4jConnector: [neo4j_connector] Received response. 
2024-11-17 19:29:04,287: neo4j_middleware.neo4jConnector: [neo4j_connector] Received response. 
2024-11-17 19:29:04,341: neo4j_middleware.neo4jConnector: [neo4j_connector] Running query: MERGE(n23259:ts20201130T174446:SecondaryNode:IfcCartesianPoint {Coordinates:"(0....
2024-11-17 19:29:04,353: neo4j_middleware.neo4jConnector: [neo4j_connector] Running query: MERGE(n24008:ts20201130T174446:SecondaryNode:IfcPropertySingleValue {Name:"Span"...
2024-11-17 19:29:04,405: neo4j_middleware.neo4jConnector: [neo4j_connector] Query delta: <neo4j._sync.work.result.Result object at 0x00000228B2804220>
2024-11-17 19:29:04,422: neo4j_middleware.neo4jConnector: [neo4j_connector] Query delta: <neo4j._sync.work.result.Result object at 0x0000029FD4CEBF10>
2024-11-17 19:29:04,439: neo4j_middleware.neo4jConnector: [neo4j_connector] Received response. 
2024-11-17 19:29:04,461: neo4j_middleware.neo4jConnector: [neo4j_connector] Received response. 
2024-11-17 19:29:04,502: neo4j_middleware.neo4jConnector: [neo4j_connector] Running query: MERGE(n23257:ts20201130T174446:SecondaryNode:IfcAxis2Placement2D {p21_id:23257, ...
2024-11-17 19:29:04,527: neo4j_middleware.neo4jConnector: [neo4j_connector] Running query: MERGE(n24004:ts20201130T174446:SecondaryNode:IfcPropertySet {GlobalId:"1s5utE$rD...
2024-11-17 19:29:04,563: neo4j_middleware.neo4jConnector: [neo4j_connector] Query delta: <neo4j._sync.work.result.Result object at 0x00000228B2D73C40>
2024-11-17 19:29:04,587: neo4j_middleware.neo4jConnector: [neo4j_connector] Query delta: <neo4j._sync.work.result.Result object at 0x0000029FD5239BB0>
2024-11-17 19:29:04,606: neo4j_middleware.neo4jConnector: [neo4j_connector] Received response. 
2024-11-17 19:29:04,635: neo4j_middleware.neo4jConnector: [neo4j_connector] Received response. 
2024-11-17 19:29:04,675: neo4j_middleware.neo4jConnector: [neo4j_connector] Running query: MERGE(n23255:ts20201130T174446:SecondaryNode:IfcCartesianPoint {Coordinates:"(0....
2024-11-17 19:29:04,701: neo4j_middleware.neo4jConnector: [neo4j_connector] Running query: MERGE(n23999:ts20201130T174446:SecondaryNode:IfcPropertySet {GlobalId:"1s5utE$rD...
2024-11-17 19:29:04,735: neo4j_middleware.neo4jConnector: [neo4j_connector] Query delta: <neo4j._sync.work.result.Result object at 0x00000228B281FE50>
2024-11-17 19:29:04,773: neo4j_middleware.neo4jConnector: [neo4j_connector] Query delta: <neo4j._sync.work.result.Result object at 0x0000029FD4CCFA60>
2024-11-17 19:29:04,774: neo4j_middleware.neo4jConnector: [neo4j_connector] Received response. 
2024-11-17 19:29:04,807: neo4j_middleware.neo4jConnector: [neo4j_connector] Received response. 
2024-11-17 19:29:04,842: neo4j_middleware.neo4jConnector: [neo4j_connector] Running query: MERGE(n23253:ts20201130T174446:SecondaryNode:IfcAxis2Placement3D {p21_id:23253, ...
2024-11-17 19:29:04,866: neo4j_middleware.neo4jConnector: [neo4j_connector] Running query: MERGE(n23993:ts20201130T174446:SecondaryNode:IfcPropertySingleValue {Name:"Span"...
2024-11-17 19:29:04,903: neo4j_middleware.neo4jConnector: [neo4j_connector] Query delta: <neo4j._sync.work.result.Result object at 0x00000228B278D1F0>
2024-11-17 19:29:04,933: neo4j_middleware.neo4jConnector: [neo4j_connector] Query delta: <neo4j._sync.work.result.Result object at 0x0000029FD4CD9BE0>
2024-11-17 19:29:04,943: neo4j_middleware.neo4jConnector: [neo4j_connector] Received response. 
2024-11-17 19:29:04,968: neo4j_middleware.neo4jConnector: [neo4j_connector] Received response. 
2024-11-17 19:29:05,007: neo4j_middleware.neo4jConnector: [neo4j_connector] Running query: MERGE(n25053:ts20201130T174446:PrimaryNode:IfcOpeningElement {GlobalId:"2idC0G3e...
2024-11-17 19:29:05,034: neo4j_middleware.neo4jConnector: [neo4j_connector] Running query: MERGE(n23989:ts20201130T174446:SecondaryNode:IfcPropertySet {GlobalId:"1s5utE$rD...
2024-11-17 19:29:05,087: neo4j_middleware.neo4jConnector: [neo4j_connector] Query delta: <neo4j._sync.work.result.Result object at 0x00000228B2804CA0>
2024-11-17 19:29:05,106: neo4j_middleware.neo4jConnector: [neo4j_connector] Query delta: <neo4j._sync.work.result.Result object at 0x0000029FD4CEB610>
2024-11-17 19:29:05,128: neo4j_middleware.neo4jConnector: [neo4j_connector] Received response. 
2024-11-17 19:29:05,142: neo4j_middleware.neo4jConnector: [neo4j_connector] Received response. 
2024-11-17 19:29:05,192: neo4j_middleware.neo4jConnector: [neo4j_connector] Running query: MERGE(n23238:ts20201130T174446:SecondaryNode:IfcLocalPlacement {p21_id:23238, En...
2024-11-17 19:29:05,218: neo4j_middleware.neo4jConnector: [neo4j_connector] Running query: MERGE(n23984:ts20201130T174446:SecondaryNode:IfcPropertySet {GlobalId:"1s5utE$rD...
2024-11-17 19:29:05,270: neo4j_middleware.neo4jConnector: [neo4j_connector] Query delta: <neo4j._sync.work.result.Result object at 0x00000228B281F250>
2024-11-17 19:29:05,278: neo4j_middleware.neo4jConnector: [neo4j_connector] Query delta: <neo4j._sync.work.result.Result object at 0x0000029FD4CCD880>
2024-11-17 19:29:05,311: neo4j_middleware.neo4jConnector: [neo4j_connector] Received response. 
2024-11-17 19:29:05,311: neo4j_middleware.neo4jConnector: [neo4j_connector] Received response. 
2024-11-17 19:29:05,374: neo4j_middleware.neo4jConnector: [neo4j_connector] Running query: MERGE(n23229:ts20201130T174446:SecondaryNode:IfcMappedItem {p21_id:23229, Entity...
2024-11-17 19:29:05,381: neo4j_middleware.neo4jConnector: [neo4j_connector] Running query: MERGE(n23978:ts20201130T174446:SecondaryNode:IfcPropertySingleValue {Name:"Therm...
2024-11-17 19:29:05,432: neo4j_middleware.neo4jConnector: [neo4j_connector] Query delta: <neo4j._sync.work.result.Result object at 0x00000228B2D6DE20>
2024-11-17 19:29:05,442: neo4j_middleware.neo4jConnector: [neo4j_connector] Query delta: <neo4j._sync.work.result.Result object at 0x0000029FD4CCD400>
2024-11-17 19:29:05,471: neo4j_middleware.neo4jConnector: [neo4j_connector] Received response. 
2024-11-17 19:29:05,474: neo4j_middleware.neo4jConnector: [neo4j_connector] Received response. 
2024-11-17 19:29:05,535: neo4j_middleware.neo4jConnector: [neo4j_connector] Running query: MERGE(n23227:ts20201130T174446:PrimaryNode:IfcMemberType {GlobalId:"1dDvVIJCDCAe...
2024-11-17 19:29:05,538: neo4j_middleware.neo4jConnector: [neo4j_connector] Running query: MERGE(n23974:ts20201130T174446:SecondaryNode:IfcPropertySet {GlobalId:"1s5utE$rD...
2024-11-17 19:29:05,597: neo4j_middleware.neo4jConnector: [neo4j_connector] Query delta: <neo4j._sync.work.result.Result object at 0x0000029FD4CEB5E0>
2024-11-17 19:29:05,625: neo4j_middleware.neo4jConnector: [neo4j_connector] Query delta: <neo4j._sync.work.result.Result object at 0x00000228B281FE20>
2024-11-17 19:29:05,633: neo4j_middleware.neo4jConnector: [neo4j_connector] Received response. 
2024-11-17 19:29:05,665: neo4j_middleware.neo4jConnector: [neo4j_connector] Received response. 
2024-11-17 19:29:05,700: neo4j_middleware.neo4jConnector: [neo4j_connector] Running query: MERGE(n23964:ts20201130T174446:SecondaryNode:IfcPropertySet {GlobalId:"1s5utE$rD...
2024-11-17 19:29:05,731: neo4j_middleware.neo4jConnector: [neo4j_connector] Running query: MERGE(n23223:ts20201130T174446:SecondaryNode:IfcShapeRepresentation {Representat...
2024-11-17 19:29:05,759: neo4j_middleware.neo4jConnector: [neo4j_connector] Query delta: <neo4j._sync.work.result.Result object at 0x0000029FD4CD9EE0>
2024-11-17 19:29:05,788: neo4j_middleware.neo4jConnector: [neo4j_connector] Received response. 
2024-11-17 19:29:05,790: neo4j_middleware.neo4jConnector: [neo4j_connector] Query delta: <neo4j._sync.work.result.Result object at 0x00000228B2D69AF0>
2024-11-17 19:29:05,829: neo4j_middleware.neo4jConnector: [neo4j_connector] Received response. 
2024-11-17 19:29:05,850: neo4j_middleware.neo4jConnector: [neo4j_connector] Running query: MERGE(n23963:ts20201130T174446:SecondaryNode:IfcPropertySingleValue {Name:"Therm...
2024-11-17 19:29:05,897: neo4j_middleware.neo4jConnector: [neo4j_connector] Running query: MERGE(n23219:ts20201130T174446:SecondaryNode:IfcExtrudedAreaSolid {Depth:0.98333...
2024-11-17 19:29:05,914: neo4j_middleware.neo4jConnector: [neo4j_connector] Query delta: <neo4j._sync.work.result.Result object at 0x0000029FD4CCF4F0>
2024-11-17 19:29:05,953: neo4j_middleware.neo4jConnector: [neo4j_connector] Received response. 
2024-11-17 19:29:05,957: neo4j_middleware.neo4jConnector: [neo4j_connector] Query delta: <neo4j._sync.work.result.Result object at 0x00000228B2D6D610>
2024-11-17 19:29:05,993: neo4j_middleware.neo4jConnector: [neo4j_connector] Received response. 
2024-11-17 19:29:06,013: neo4j_middleware.neo4jConnector: [neo4j_connector] Running query: MERGE(n23959:ts20201130T174446:SecondaryNode:IfcPropertySet {GlobalId:"1s5utE$rD...
2024-11-17 19:29:06,063: neo4j_middleware.neo4jConnector: [neo4j_connector] Running query: MERGE(n23215:ts20201130T174446:SecondaryNode:IfcRectangleProfileDef {ProfileType...
2024-11-17 19:29:06,076: neo4j_middleware.neo4jConnector: [neo4j_connector] Query delta: <neo4j._sync.work.result.Result object at 0x0000029FD4CD9880>
2024-11-17 19:29:06,114: neo4j_middleware.neo4jConnector: [neo4j_connector] Received response. 
2024-11-17 19:29:06,140: neo4j_middleware.neo4jConnector: [neo4j_connector] Query delta: <neo4j._sync.work.result.Result object at 0x00000228B278D550>
2024-11-17 19:29:06,177: neo4j_middleware.neo4jConnector: [neo4j_connector] Received response. 
2024-11-17 19:29:06,183: neo4j_middleware.neo4jConnector: [neo4j_connector] Running query: MERGE(n23949:ts20201130T174446:SecondaryNode:IfcPropertySet {GlobalId:"1s5utE$rD...
2024-11-17 19:29:06,239: neo4j_middleware.neo4jConnector: [neo4j_connector] Running query: MERGE(n23212:ts20201130T174446:SecondaryNode:IfcCartesianPoint {Coordinates:"(0....
2024-11-17 19:29:06,248: neo4j_middleware.neo4jConnector: [neo4j_connector] Query delta: <neo4j._sync.work.result.Result object at 0x0000029FD4CEB340>
2024-11-17 19:29:06,283: neo4j_middleware.neo4jConnector: [neo4j_connector] Received response. 
2024-11-17 19:29:06,312: neo4j_middleware.neo4jConnector: [neo4j_connector] Query delta: <neo4j._sync.work.result.Result object at 0x00000228B2D73EE0>
2024-11-17 19:29:06,349: neo4j_middleware.neo4jConnector: [neo4j_connector] Running query: MERGE(n23948:ts20201130T174446:SecondaryNode:IfcPropertySingleValue {Name:"Therm...
2024-11-17 19:29:06,351: neo4j_middleware.neo4jConnector: [neo4j_connector] Received response. 
2024-11-17 19:29:06,420: neo4j_middleware.neo4jConnector: [neo4j_connector] Running query: MERGE(n23200:ts20201130T174446:PrimaryNode:IfcMember {GlobalId:"1s5utE$rDDfRKgzV...
2024-11-17 19:29:06,420: neo4j_middleware.neo4jConnector: [neo4j_connector] Query delta: <neo4j._sync.work.result.Result object at 0x0000029FD4CCD340>
2024-11-17 19:29:06,455: neo4j_middleware.neo4jConnector: [neo4j_connector] Received response. 
2024-11-17 19:29:06,507: neo4j_middleware.neo4jConnector: [neo4j_connector] Query delta: <neo4j._sync.work.result.Result object at 0x00000228B2804460>
2024-11-17 19:29:06,521: neo4j_middleware.neo4jConnector: [neo4j_connector] Running query: MERGE(n23944:ts20201130T174446:SecondaryNode:IfcPropertySet {GlobalId:"1s5utE$rD...
2024-11-17 19:29:06,548: neo4j_middleware.neo4jConnector: [neo4j_connector] Received response. 
2024-11-17 19:29:06,591: neo4j_middleware.neo4jConnector: [neo4j_connector] Query delta: <neo4j._sync.work.result.Result object at 0x0000029FD4CEB7F0>
2024-11-17 19:29:06,613: neo4j_middleware.neo4jConnector: [neo4j_connector] Running query: MERGE(n23194:ts20201130T174446:SecondaryNode:IfcAxis2Placement3D {p21_id:23194, ...
2024-11-17 19:29:06,631: neo4j_middleware.neo4jConnector: [neo4j_connector] Received response. 
2024-11-17 19:29:06,671: neo4j_middleware.neo4jConnector: [neo4j_connector] Query delta: <neo4j._sync.work.result.Result object at 0x00000228B2863820>
2024-11-17 19:29:06,694: neo4j_middleware.neo4jConnector: [neo4j_connector] Running query: MERGE(n23941:ts20201130T174446:SecondaryNode:IfcPropertySet {GlobalId:"08L1EPC_X...
2024-11-17 19:29:06,711: neo4j_middleware.neo4jConnector: [neo4j_connector] Received response. 
2024-11-17 19:29:06,759: neo4j_middleware.neo4jConnector: [neo4j_connector] Query delta: <neo4j._sync.work.result.Result object at 0x0000029FD4CCD910>
2024-11-17 19:29:06,776: neo4j_middleware.neo4jConnector: [neo4j_connector] Running query: MERGE(n23186:ts20201130T174446:SecondaryNode:IfcMappedItem {p21_id:23186, Entity...
2024-11-17 19:29:06,790: neo4j_middleware.neo4jConnector: [neo4j_connector] Received response. 
2024-11-17 19:29:06,835: neo4j_middleware.neo4jConnector: [neo4j_connector] Query delta: <neo4j._sync.work.result.Result object at 0x00000228B27C0130>
2024-11-17 19:29:06,858: neo4j_middleware.neo4jConnector: [neo4j_connector] Running query: MERGE(n23934:ts20201130T174446:SecondaryNode:IfcPropertySet {GlobalId:"1s5utE$rD...
2024-11-17 19:29:06,876: neo4j_middleware.neo4jConnector: [neo4j_connector] Received response. 
2024-11-17 19:29:06,926: neo4j_middleware.neo4jConnector: [neo4j_connector] Query delta: <neo4j._sync.work.result.Result object at 0x0000029FD4CCF9A0>
2024-11-17 19:29:06,941: neo4j_middleware.neo4jConnector: [neo4j_connector] Running query: MERGE(n23182:ts20201130T174446:SecondaryNode:IfcAxis2Placement3D {p21_id:23182, ...
2024-11-17 19:29:06,961: neo4j_middleware.neo4jConnector: [neo4j_connector] Received response. 
2024-11-17 19:29:06,999: neo4j_middleware.neo4jConnector: [neo4j_connector] Query delta: <neo4j._sync.work.result.Result object at 0x00000228B2D69C40>
2024-11-17 19:29:07,037: neo4j_middleware.neo4jConnector: [neo4j_connector] Received response. 
2024-11-17 19:29:07,041: neo4j_middleware.neo4jConnector: [neo4j_connector] Running query: MERGE(n23933:ts20201130T174446:SecondaryNode:IfcPropertySingleValue {Name:"Therm...
2024-11-17 19:29:07,098: neo4j_middleware.neo4jConnector: [neo4j_connector] Running query: MERGE(n23172:ts20201130T174446:SecondaryNode:IfcRectangleProfileDef {ProfileType...
2024-11-17 19:29:07,105: neo4j_middleware.neo4jConnector: [neo4j_connector] Query delta: <neo4j._sync.work.result.Result object at 0x0000029FD4CCF070>
2024-11-17 19:29:07,140: neo4j_middleware.neo4jConnector: [neo4j_connector] Received response. 
2024-11-17 19:29:07,172: neo4j_middleware.neo4jConnector: [neo4j_connector] Query delta: <neo4j._sync.work.result.Result object at 0x00000228B2D6D340>
2024-11-17 19:29:07,208: neo4j_middleware.neo4jConnector: [neo4j_connector] Running query: MERGE(n23929:ts20201130T174446:SecondaryNode:IfcPropertySet {GlobalId:"1s5utE$rD...
2024-11-17 19:29:07,208: neo4j_middleware.neo4jConnector: [neo4j_connector] Received response. 
2024-11-17 19:29:07,268: neo4j_middleware.neo4jConnector: [neo4j_connector] Query delta: <neo4j._sync.work.result.Result object at 0x0000029FD4CCD0D0>
2024-11-17 19:29:07,269: neo4j_middleware.neo4jConnector: [neo4j_connector] Running query: MERGE(n23171:ts20201130T174446:SecondaryNode:IfcAxis2Placement2D {p21_id:23171, ...
2024-11-17 19:29:07,304: neo4j_middleware.neo4jConnector: [neo4j_connector] Received response. 
2024-11-17 19:29:07,328: neo4j_middleware.neo4jConnector: [neo4j_connector] Query delta: <neo4j._sync.work.result.Result object at 0x00000228B278D850>
2024-11-17 19:29:07,361: neo4j_middleware.neo4jConnector: [neo4j_connector] Running query: MERGE(n23926:ts20201130T174446:SecondaryNode:IfcPropertySet {GlobalId:"22yU8ylSr...
2024-11-17 19:29:07,363: neo4j_middleware.neo4jConnector: [neo4j_connector] Received response. 
2024-11-17 19:29:07,424: neo4j_middleware.neo4jConnector: [neo4j_connector] Query delta: <neo4j._sync.work.result.Result object at 0x0000029FD52398E0>
2024-11-17 19:29:07,426: neo4j_middleware.neo4jConnector: [neo4j_connector] Running query: MERGE(n25061:ts20201130T174446:SecondaryNode:IfcAxis2Placement3D {p21_id:25061, ...
2024-11-17 19:29:07,463: neo4j_middleware.neo4jConnector: [neo4j_connector] Received response. 
2024-11-17 19:29:07,484: neo4j_middleware.neo4jConnector: [neo4j_connector] Query delta: <neo4j._sync.work.result.Result object at 0x00000228B2D73970>
2024-11-17 19:29:07,523: neo4j_middleware.neo4jConnector: [neo4j_connector] Received response. 
2024-11-17 19:29:07,532: neo4j_middleware.neo4jConnector: [neo4j_connector] Running query: MERGE(n23922:ts20201130T174446:SecondaryNode:IfcPropertySingleValue {Name:"Refer...
2024-11-17 19:29:07,585: neo4j_middleware.neo4jConnector: [neo4j_connector] Running query: MERGE(n23167:ts20201130T174446:SecondaryNode:IfcAxis2Placement3D {p21_id:23167, ...
2024-11-17 19:29:07,598: neo4j_middleware.neo4jConnector: [neo4j_connector] Query delta: <neo4j._sync.work.result.Result object at 0x0000029FD4CCE430>
2024-11-17 19:29:07,631: neo4j_middleware.neo4jConnector: [neo4j_connector] Received response. 
2024-11-17 19:29:07,642: neo4j_middleware.neo4jConnector: [neo4j_connector] Query delta: <neo4j._sync.work.result.Result object at 0x00000228B2804730>
2024-11-17 19:29:07,683: neo4j_middleware.neo4jConnector: [neo4j_connector] Received response. 
2024-11-17 19:29:07,697: neo4j_middleware.neo4jConnector: [neo4j_connector] Running query: MERGE(n23870:ts20201130T174446:SecondaryNode:IfcPropertySet {GlobalId:"1ZuV8uoVX...
2024-11-17 19:29:07,749: neo4j_middleware.neo4jConnector: [neo4j_connector] Running query: MERGE(n23157:ts20201130T174446:PrimaryNode:IfcMember {GlobalId:"1s5utE$rDDfRKgzV...
2024-11-17 19:29:07,761: neo4j_middleware.neo4jConnector: [neo4j_connector] Query delta: <neo4j._sync.work.result.Result object at 0x0000029FCE26ADF0>
2024-11-17 19:29:07,795: neo4j_middleware.neo4jConnector: [neo4j_connector] Received response. 
2024-11-17 19:29:07,813: neo4j_middleware.neo4jConnector: [neo4j_connector] Query delta: <neo4j._sync.work.result.Result object at 0x00000228B281F1C0>
2024-11-17 19:29:07,855: neo4j_middleware.neo4jConnector: [neo4j_connector] Received response. 
2024-11-17 19:29:07,857: neo4j_middleware.neo4jConnector: [neo4j_connector] Running query: MERGE(n23865:ts20201130T174446:PrimaryNode:IfcMember {GlobalId:"1s5utE$rDDfRKgzV...
2024-11-17 19:29:07,918: neo4j_middleware.neo4jConnector: [neo4j_connector] Running query: MERGE(n23155:ts20201130T174446:SecondaryNode:IfcAxis2Placement3D {p21_id:23155, ...
2024-11-17 19:29:07,921: neo4j_middleware.neo4jConnector: [neo4j_connector] Query delta: <neo4j._sync.work.result.Result object at 0x0000029FD4CCD130>
2024-11-17 19:29:07,952: neo4j_middleware.neo4jConnector: [neo4j_connector] Received response. 
2024-11-17 19:29:07,978: neo4j_middleware.neo4jConnector: [neo4j_connector] Query delta: <neo4j._sync.work.result.Result object at 0x00000228B2804E20>
2024-11-17 19:29:08,016: neo4j_middleware.neo4jConnector: [neo4j_connector] Received response. 
2024-11-17 19:29:08,022: neo4j_middleware.neo4jConnector: [neo4j_connector] Running query: MERGE(n23863:ts20201130T174446:SecondaryNode:IfcAxis2Placement3D {p21_id:23863, ...
2024-11-17 19:29:08,075: neo4j_middleware.neo4jConnector: [neo4j_connector] Query delta: <neo4j._sync.work.result.Result object at 0x0000029FD4CCF5B0>
2024-11-17 19:29:08,081: neo4j_middleware.neo4jConnector: [neo4j_connector] Running query: MERGE(n23153:ts20201130T174446:SecondaryNode:IfcCartesianPoint {Coordinates:"(3....
2024-11-17 19:29:08,121: neo4j_middleware.neo4jConnector: [neo4j_connector] Received response. 
2024-11-17 19:29:08,139: neo4j_middleware.neo4jConnector: [neo4j_connector] Query delta: <neo4j._sync.work.result.Result object at 0x00000228B2D73E80>
2024-11-17 19:29:08,173: neo4j_middleware.neo4jConnector: [neo4j_connector] Received response. 
2024-11-17 19:29:08,183: neo4j_middleware.neo4jConnector: [neo4j_connector] Running query: MERGE(n23859:ts20201130T174446:SecondaryNode:IfcAxis2Placement3D {p21_id:23859, ...
2024-11-17 19:29:08,243: neo4j_middleware.neo4jConnector: [neo4j_connector] Running query: MERGE(n23152:ts20201130T174446:SecondaryNode:IfcLocalPlacement {p21_id:23152, En...
2024-11-17 19:29:08,251: neo4j_middleware.neo4jConnector: [neo4j_connector] Query delta: <neo4j._sync.work.result.Result object at 0x0000029FD4CCE5E0>
2024-11-17 19:29:08,285: neo4j_middleware.neo4jConnector: [neo4j_connector] Received response. 
2024-11-17 19:29:08,315: neo4j_middleware.neo4jConnector: [neo4j_connector] Query delta: <neo4j._sync.work.result.Result object at 0x00000228B2D6D1F0>
2024-11-17 19:29:08,350: neo4j_middleware.neo4jConnector: [neo4j_connector] Running query: MERGE(n23855:ts20201130T174446:SecondaryNode:IfcProductDefinitionShape {Name:"No...
2024-11-17 19:29:08,358: neo4j_middleware.neo4jConnector: [neo4j_connector] Received response. 
2024-11-17 19:29:08,452: neo4j_middleware.neo4jConnector: [neo4j_connector] Running query: MERGE(n23149:ts20201130T174446:SecondaryNode:IfcCartesianPoint {Coordinates:"(3....
2024-11-17 19:29:08,479: neo4j_middleware.neo4jConnector: [neo4j_connector] Query delta: <neo4j._sync.work.result.Result object at 0x0000029FD4CCF490>
2024-11-17 19:29:08,524: neo4j_middleware.neo4jConnector: [neo4j_connector] Received response. 
2024-11-17 19:29:08,529: neo4j_middleware.neo4jConnector: [neo4j_connector] Query delta: <neo4j._sync.work.result.Result object at 0x00000228B278D940>
2024-11-17 19:29:08,571: neo4j_middleware.neo4jConnector: [neo4j_connector] Received response. 
2024-11-17 19:29:08,594: neo4j_middleware.neo4jConnector: [neo4j_connector] Running query: MERGE(n23848:ts20201130T174446:SecondaryNode:IfcRepresentationMap {p21_id:23848,...
2024-11-17 19:29:08,639: neo4j_middleware.neo4jConnector: [neo4j_connector] Running query: MERGE(n23140:ts20201130T174446:SecondaryNode:IfcRepresentationMap {p21_id:23140,...
2024-11-17 19:29:08,653: neo4j_middleware.neo4jConnector: [neo4j_connector] Query delta: <neo4j._sync.work.result.Result object at 0x0000029FD4CCD730>
2024-11-17 19:29:08,690: neo4j_middleware.neo4jConnector: [neo4j_connector] Received response. 
2024-11-17 19:29:08,703: neo4j_middleware.neo4jConnector: [neo4j_connector] Query delta: <neo4j._sync.work.result.Result object at 0x00000228B2D73A30>
2024-11-17 19:29:08,745: neo4j_middleware.neo4jConnector: [neo4j_connector] Received response. 
2024-11-17 19:29:08,758: neo4j_middleware.neo4jConnector: [neo4j_connector] Running query: MERGE(n23842:ts20201130T174446:SecondaryNode:IfcStyledItem {Name:"None", p21_id:...
2024-11-17 19:29:08,809: neo4j_middleware.neo4jConnector: [neo4j_connector] Running query: MERGE(n23137:ts20201130T174446:SecondaryNode:IfcShapeRepresentation {Representat...
2024-11-17 19:29:08,821: neo4j_middleware.neo4jConnector: [neo4j_connector] Query delta: <neo4j._sync.work.result.Result object at 0x0000029FD4CEB760>
2024-11-17 19:29:08,853: neo4j_middleware.neo4jConnector: [neo4j_connector] Received response. 
2024-11-17 19:29:08,872: neo4j_middleware.neo4jConnector: [neo4j_connector] Query delta: <neo4j._sync.work.result.Result object at 0x00000228B2804E80>
2024-11-17 19:29:08,914: neo4j_middleware.neo4jConnector: [neo4j_connector] Received response. 
2024-11-17 19:29:08,917: neo4j_middleware.neo4jConnector: [neo4j_connector] Running query: MERGE(n23840:ts20201130T174446:SecondaryNode:IfcAxis2Placement3D {p21_id:23840, ...
2024-11-17 19:29:08,974: neo4j_middleware.neo4jConnector: [neo4j_connector] Query delta: <neo4j._sync.work.result.Result object at 0x0000029FD4CEB5B0>
2024-11-17 19:29:08,975: neo4j_middleware.neo4jConnector: [neo4j_connector] Running query: MERGE(n23134:ts20201130T174446:SecondaryNode:IfcStyledItem {Name:"None", p21_id:...
2024-11-17 19:29:09,008: neo4j_middleware.neo4jConnector: [neo4j_connector] Received response. 
2024-11-17 19:29:09,033: neo4j_middleware.neo4jConnector: [neo4j_connector] Query delta: <neo4j._sync.work.result.Result object at 0x00000228B28106A0>
2024-11-17 19:29:09,072: neo4j_middleware.neo4jConnector: [neo4j_connector] Running query: MERGE(n23837:ts20201130T174446:SecondaryNode:IfcRectangleProfileDef {ProfileType...
2024-11-17 19:29:09,073: neo4j_middleware.neo4jConnector: [neo4j_connector] Received response. 
2024-11-17 19:29:09,136: neo4j_middleware.neo4jConnector: [neo4j_connector] Running query: MERGE(n23133:ts20201130T174446:SecondaryNode:IfcExtrudedAreaSolid {Depth:0.95833...
2024-11-17 19:29:09,138: neo4j_middleware.neo4jConnector: [neo4j_connector] Query delta: <neo4j._sync.work.result.Result object at 0x0000029FD4CCD5E0>
2024-11-17 19:29:09,172: neo4j_middleware.neo4jConnector: [neo4j_connector] Received response. 
2024-11-17 19:29:09,197: neo4j_middleware.neo4jConnector: [neo4j_connector] Query delta: <neo4j._sync.work.result.Result object at 0x00000228B2804460>
2024-11-17 19:29:09,235: neo4j_middleware.neo4jConnector: [neo4j_connector] Received response. 
2024-11-17 19:29:09,241: neo4j_middleware.neo4jConnector: [neo4j_connector] Running query: MERGE(n23829:ts20201130T174446:PrimaryNode:IfcMember {GlobalId:"1s5utE$rDDfRKgzV...
2024-11-17 19:29:09,298: neo4j_middleware.neo4jConnector: [neo4j_connector] Running query: MERGE(n23129:ts20201130T174446:SecondaryNode:IfcRectangleProfileDef {ProfileType...
2024-11-17 19:29:09,306: neo4j_middleware.neo4jConnector: [neo4j_connector] Query delta: <neo4j._sync.work.result.Result object at 0x0000029FD4CCF250>
2024-11-17 19:29:09,340: neo4j_middleware.neo4jConnector: [neo4j_connector] Received response. 
2024-11-17 19:29:09,374: neo4j_middleware.neo4jConnector: [neo4j_connector] Query delta: <neo4j._sync.work.result.Result object at 0x00000228B2D732B0>
2024-11-17 19:29:09,411: neo4j_middleware.neo4jConnector: [neo4j_connector] Running query: MERGE(n24999:ts20201130T174446:SecondaryNode:IfcAxis2Placement3D {p21_id:24999, ...
2024-11-17 19:29:09,411: neo4j_middleware.neo4jConnector: [neo4j_connector] Received response. 
2024-11-17 19:29:09,474: neo4j_middleware.neo4jConnector: [neo4j_connector] Query delta: <neo4j._sync.work.result.Result object at 0x0000029FD4CCE1F0>
2024-11-17 19:29:09,478: neo4j_middleware.neo4jConnector: [neo4j_connector] Running query: MERGE(n25067:ts20201130T174446:SecondaryNode:IfcAxis2Placement2D {p21_id:25067, ...
2024-11-17 19:29:09,509: neo4j_middleware.neo4jConnector: [neo4j_connector] Received response. 
2024-11-17 19:29:09,539: neo4j_middleware.neo4jConnector: [neo4j_connector] Query delta: <neo4j._sync.work.result.Result object at 0x00000228B28633D0>
2024-11-17 19:29:09,578: neo4j_middleware.neo4jConnector: [neo4j_connector] Running query: MERGE(n23827:ts20201130T174446:SecondaryNode:IfcAxis2Placement3D {p21_id:23827, ...
2024-11-17 19:29:09,591: neo4j_middleware.neo4jConnector: [neo4j_connector] Received response. 
2024-11-17 19:29:09,634: neo4j_middleware.neo4jConnector: [neo4j_connector] Query delta: <neo4j._sync.work.result.Result object at 0x0000029FCE26ADF0>
2024-11-17 19:29:09,654: neo4j_middleware.neo4jConnector: [neo4j_connector] Running query: MERGE(n23119:ts20201130T174446:SecondaryNode:IfcPropertySet {GlobalId:"1G$RZ$UIT...
2024-11-17 19:29:09,669: neo4j_middleware.neo4jConnector: [neo4j_connector] Received response. 
2024-11-17 19:29:09,725: neo4j_middleware.neo4jConnector: [neo4j_connector] Query delta: <neo4j._sync.work.result.Result object at 0x00000228B278D850>
2024-11-17 19:29:09,730: neo4j_middleware.neo4jConnector: [neo4j_connector] Running query: MERGE(n23825:ts20201130T174446:SecondaryNode:IfcCartesianPoint {Coordinates:"(-0...
2024-11-17 19:29:09,766: neo4j_middleware.neo4jConnector: [neo4j_connector] Received response. 
2024-11-17 19:29:09,790: neo4j_middleware.neo4jConnector: [neo4j_connector] Query delta: <neo4j._sync.work.result.Result object at 0x0000029FD4CCDC70>
2024-11-17 19:29:09,824: neo4j_middleware.neo4jConnector: [neo4j_connector] Received response. 
2024-11-17 19:29:09,827: neo4j_middleware.neo4jConnector: [neo4j_connector] Running query: MERGE(n23114:ts20201130T174446:PrimaryNode:IfcMember {GlobalId:"1s5utE$rDDfRKgzV...
2024-11-17 19:29:09,886: neo4j_middleware.neo4jConnector: [neo4j_connector] Running query: MERGE(n23819:ts20201130T174446:SecondaryNode:IfcProductDefinitionShape {Name:"No...
2024-11-17 19:29:09,894: neo4j_middleware.neo4jConnector: [neo4j_connector] Query delta: <neo4j._sync.work.result.Result object at 0x00000228B2D6DB20>
2024-11-17 19:29:09,930: neo4j_middleware.neo4jConnector: [neo4j_connector] Received response. 
2024-11-17 19:29:09,950: neo4j_middleware.neo4jConnector: [neo4j_connector] Query delta: <neo4j._sync.work.result.Result object at 0x0000029FD4CEB550>
2024-11-17 19:29:09,987: neo4j_middleware.neo4jConnector: [neo4j_connector] Received response. 
2024-11-17 19:29:09,997: neo4j_middleware.neo4jConnector: [neo4j_connector] Running query: MERGE(n23112:ts20201130T174446:SecondaryNode:IfcAxis2Placement3D {p21_id:23112, ...
2024-11-17 19:29:10,046: neo4j_middleware.neo4jConnector: [neo4j_connector] Running query: MERGE(n23804:ts20201130T174446:SecondaryNode:IfcAxis2Placement3D {p21_id:23804, ...
2024-11-17 19:29:10,055: neo4j_middleware.neo4jConnector: [neo4j_connector] Query delta: <neo4j._sync.work.result.Result object at 0x00000228B2804B50>
2024-11-17 19:29:10,091: neo4j_middleware.neo4jConnector: [neo4j_connector] Received response. 
2024-11-17 19:29:10,104: neo4j_middleware.neo4jConnector: [neo4j_connector] Query delta: <neo4j._sync.work.result.Result object at 0x0000029FD5239E20>
2024-11-17 19:29:10,137: neo4j_middleware.neo4jConnector: [neo4j_connector] Received response. 
2024-11-17 19:29:10,160: neo4j_middleware.neo4jConnector: [neo4j_connector] Running query: MERGE(n23110:ts20201130T174446:SecondaryNode:IfcCartesianPoint {Coordinates:"(3....
2024-11-17 19:29:10,206: neo4j_middleware.neo4jConnector: [neo4j_connector] Running query: MERGE(n23792:ts20201130T174446:SecondaryNode:IfcMappedItem {p21_id:23792, Entity...
2024-11-17 19:29:10,222: neo4j_middleware.neo4jConnector: [neo4j_connector] Query delta: <neo4j._sync.work.result.Result object at 0x00000228B281FB20>
2024-11-17 19:29:10,258: neo4j_middleware.neo4jConnector: [neo4j_connector] Query delta: <neo4j._sync.work.result.Result object at 0x0000029FD4CC9160>
2024-11-17 19:29:10,260: neo4j_middleware.neo4jConnector: [neo4j_connector] Received response. 
2024-11-17 19:29:10,291: neo4j_middleware.neo4jConnector: [neo4j_connector] Received response. 
2024-11-17 19:29:10,331: neo4j_middleware.neo4jConnector: [neo4j_connector] Running query: MERGE(n23108:ts20201130T174446:SecondaryNode:IfcAxis2Placement3D {p21_id:23108, ...
2024-11-17 19:29:10,355: neo4j_middleware.neo4jConnector: [neo4j_connector] Running query: MERGE(n23789:ts20201130T174446:SecondaryNode:IfcRepresentationMap {p21_id:23789,...
2024-11-17 19:29:10,391: neo4j_middleware.neo4jConnector: [neo4j_connector] Query delta: <neo4j._sync.work.result.Result object at 0x00000228B2804C10>
2024-11-17 19:29:10,424: neo4j_middleware.neo4jConnector: [neo4j_connector] Query delta: <neo4j._sync.work.result.Result object at 0x0000029FD4CCF7C0>
2024-11-17 19:29:10,431: neo4j_middleware.neo4jConnector: [neo4j_connector] Received response. 
2024-11-17 19:29:10,459: neo4j_middleware.neo4jConnector: [neo4j_connector] Received response. 
2024-11-17 19:29:10,498: neo4j_middleware.neo4jConnector: [neo4j_connector] Running query: MERGE(n23104:ts20201130T174446:SecondaryNode:IfcProductDefinitionShape {Name:"No...
2024-11-17 19:29:10,528: neo4j_middleware.neo4jConnector: [neo4j_connector] Running query: MERGE(n23788:ts20201130T174446:SecondaryNode:IfcAxis2Placement3D {p21_id:23788, ...
2024-11-17 19:29:10,603: neo4j_middleware.neo4jConnector: [neo4j_connector] Query delta: <neo4j._sync.work.result.Result object at 0x00000228B2D736D0>
2024-11-17 19:29:10,617: neo4j_middleware.neo4jConnector: [neo4j_connector] Query delta: <neo4j._sync.work.result.Result object at 0x0000029FD4CCE1F0>
2024-11-17 19:29:10,649: neo4j_middleware.neo4jConnector: [neo4j_connector] Received response. 
2024-11-17 19:29:10,654: neo4j_middleware.neo4jConnector: [neo4j_connector] Received response. 
2024-11-17 19:29:10,724: neo4j_middleware.neo4jConnector: [neo4j_connector] Running query: MERGE(n23782:ts20201130T174446:SecondaryNode:IfcExtrudedAreaSolid {Depth:1.81249...
2024-11-17 19:29:10,725: neo4j_middleware.neo4jConnector: [neo4j_connector] Running query: MERGE(n23100:ts20201130T174446:SecondaryNode:IfcMappedItem {p21_id:23100, Entity...
2024-11-17 19:29:10,791: neo4j_middleware.neo4jConnector: [neo4j_connector] Query delta: <neo4j._sync.work.result.Result object at 0x0000029FD4CCFBE0>
2024-11-17 19:29:10,793: neo4j_middleware.neo4jConnector: [neo4j_connector] Query delta: <neo4j._sync.work.result.Result object at 0x00000228B2D6D070>
2024-11-17 19:29:10,827: neo4j_middleware.neo4jConnector: [neo4j_connector] Received response. 
2024-11-17 19:29:10,838: neo4j_middleware.neo4jConnector: [neo4j_connector] Received response. 
2024-11-17 19:29:10,893: neo4j_middleware.neo4jConnector: [neo4j_connector] Running query: MERGE(n23781:ts20201130T174446:SecondaryNode:IfcAxis2Placement3D {p21_id:23781, ...
2024-11-17 19:29:10,898: neo4j_middleware.neo4jConnector: [neo4j_connector] Running query: MERGE(n23097:ts20201130T174446:SecondaryNode:IfcRepresentationMap {p21_id:23097,...
2024-11-17 19:29:10,956: neo4j_middleware.neo4jConnector: [neo4j_connector] Query delta: <neo4j._sync.work.result.Result object at 0x0000029FD4CCDF10>
2024-11-17 19:29:10,960: neo4j_middleware.neo4jConnector: [neo4j_connector] Query delta: <neo4j._sync.work.result.Result object at 0x00000228B278D700>
2024-11-17 19:29:10,991: neo4j_middleware.neo4jConnector: [neo4j_connector] Received response. 
2024-11-17 19:29:11,000: neo4j_middleware.neo4jConnector: [neo4j_connector] Received response. 
2024-11-17 19:29:11,063: neo4j_middleware.neo4jConnector: [neo4j_connector] Running query: MERGE(n23089:ts20201130T174446:SecondaryNode:IfcAxis2Placement3D {p21_id:23089, ...
2024-11-17 19:29:11,065: neo4j_middleware.neo4jConnector: [neo4j_connector] Running query: MERGE(n23777:ts20201130T174446:SecondaryNode:IfcAxis2Placement2D {p21_id:23777, ...
2024-11-17 19:29:11,121: neo4j_middleware.neo4jConnector: [neo4j_connector] Query delta: <neo4j._sync.work.result.Result object at 0x00000228B2D6D520>
2024-11-17 19:29:11,122: neo4j_middleware.neo4jConnector: [neo4j_connector] Query delta: <neo4j._sync.work.result.Result object at 0x0000029FD4CEB7C0>
2024-11-17 19:29:11,159: neo4j_middleware.neo4jConnector: [neo4j_connector] Received response. 
2024-11-17 19:29:11,160: neo4j_middleware.neo4jConnector: [neo4j_connector] Received response. 
2024-11-17 19:29:11,224: neo4j_middleware.neo4jConnector: [neo4j_connector] Running query: MERGE(n23087:ts20201130T174446:SecondaryNode:IfcCartesianPoint {Coordinates:"(-0...
2024-11-17 19:29:11,232: neo4j_middleware.neo4jConnector: [neo4j_connector] Running query: MERGE(n25001:ts20201130T174446:PrimaryNode:IfcOpeningElement {GlobalId:"2idC0G3e...
2024-11-17 19:29:11,281: neo4j_middleware.neo4jConnector: [neo4j_connector] Query delta: <neo4j._sync.work.result.Result object at 0x00000228B2D69940>
2024-11-17 19:29:11,298: neo4j_middleware.neo4jConnector: [neo4j_connector] Query delta: <neo4j._sync.work.result.Result object at 0x0000029FD4CEB3A0>
2024-11-17 19:29:11,321: neo4j_middleware.neo4jConnector: [neo4j_connector] Received response. 
2024-11-17 19:29:11,326: neo4j_middleware.neo4jConnector: [neo4j_connector] Received response. 
2024-11-17 19:29:11,387: neo4j_middleware.neo4jConnector: [neo4j_connector] Running query: MERGE(n23085:ts20201130T174446:SecondaryNode:IfcAxis2Placement2D {p21_id:23085, ...
2024-11-17 19:29:11,392: neo4j_middleware.neo4jConnector: [neo4j_connector] Running query: MERGE(n23773:ts20201130T174446:SecondaryNode:IfcAxis2Placement3D {p21_id:23773, ...
2024-11-17 19:29:11,449: neo4j_middleware.neo4jConnector: [neo4j_connector] Query delta: <neo4j._sync.work.result.Result object at 0x0000029FD4CCD790>
2024-11-17 19:29:11,451: neo4j_middleware.neo4jConnector: [neo4j_connector] Query delta: <neo4j._sync.work.result.Result object at 0x00000228B281FAF0>
2024-11-17 19:29:11,479: neo4j_middleware.neo4jConnector: [neo4j_connector] Received response. 
2024-11-17 19:29:11,487: neo4j_middleware.neo4jConnector: [neo4j_connector] Received response. 
2024-11-17 19:29:11,543: neo4j_middleware.neo4jConnector: [neo4j_connector] Running query: MERGE(n23766:ts20201130T174446:SecondaryNode:IfcPropertySet {GlobalId:"05Se9Df6j...
2024-11-17 19:29:11,551: neo4j_middleware.neo4jConnector: [neo4j_connector] Running query: MERGE(n25069:ts20201130T174446:SecondaryNode:IfcAxis2Placement3D {p21_id:25069, ...
2024-11-17 19:29:11,608: neo4j_middleware.neo4jConnector: [neo4j_connector] Query delta: <neo4j._sync.work.result.Result object at 0x00000228B28046D0>
2024-11-17 19:29:11,609: neo4j_middleware.neo4jConnector: [neo4j_connector] Query delta: <neo4j._sync.work.result.Result object at 0x0000029FD4CCF760>
2024-11-17 19:29:11,641: neo4j_middleware.neo4jConnector: [neo4j_connector] Received response. 
2024-11-17 19:29:11,644: neo4j_middleware.neo4jConnector: [neo4j_connector] Received response. 
2024-11-17 19:29:11,704: neo4j_middleware.neo4jConnector: [neo4j_connector] Running query: MERGE(n23763:ts20201130T174446:PrimaryNode:IfcMember {GlobalId:"1s5utE$rDDfRKgzV...
2024-11-17 19:29:11,709: neo4j_middleware.neo4jConnector: [neo4j_connector] Running query: MERGE(n23078:ts20201130T174446:PrimaryNode:IfcMember {GlobalId:"1s5utE$rDDfRKgzV...
2024-11-17 19:29:11,777: neo4j_middleware.neo4jConnector: [neo4j_connector] Query delta: <neo4j._sync.work.result.Result object at 0x0000029FD4CD6610>
2024-11-17 19:29:11,811: neo4j_middleware.neo4jConnector: [neo4j_connector] Received response. 
2024-11-17 19:29:11,814: neo4j_middleware.neo4jConnector: [neo4j_connector] Received response. 
2024-11-17 19:29:11,879: neo4j_middleware.neo4jConnector: [neo4j_connector] Running query: MERGE(n25004:ts20201130T174446:ConnectionNode:IfcRelVoidsElement {GlobalId:"2idC...
2024-11-17 19:29:11,884: neo4j_middleware.neo4jConnector: [neo4j_connector] Running query: MERGE(n25070:ts20201130T174446:SecondaryNode:IfcExtrudedAreaSolid {Depth:0.1, p2...
2024-11-17 19:29:11,952: neo4j_middleware.neo4jConnector: [neo4j_connector] Query delta: <neo4j._sync.work.result.Result object at 0x0000029FD4CCF130>
2024-11-17 19:29:11,955: neo4j_middleware.neo4jConnector: [neo4j_connector] Query delta: <neo4j._sync.work.result.Result object at 0x00000228B2863BB0>
2024-11-17 19:29:11,989: neo4j_middleware.neo4jConnector: [neo4j_connector] Received response. 
2024-11-17 19:29:12,001: neo4j_middleware.neo4jConnector: [neo4j_connector] Received response. 
2024-11-17 19:29:12,083: neo4j_middleware.neo4jConnector: [neo4j_connector] Running query: MERGE(n23759:ts20201130T174446:SecondaryNode:IfcCartesianPoint {Coordinates:"(-4...
2024-11-17 19:29:12,087: neo4j_middleware.neo4jConnector: [neo4j_connector] Running query: MERGE(n23074:ts20201130T174446:SecondaryNode:IfcCartesianPoint {Coordinates:"(1....
2024-11-17 19:29:12,156: neo4j_middleware.neo4jConnector: [neo4j_connector] Query delta: <neo4j._sync.work.result.Result object at 0x0000029FD4CCDC70>
2024-11-17 19:29:12,157: neo4j_middleware.neo4jConnector: [neo4j_connector] Query delta: <neo4j._sync.work.result.Result object at 0x00000228B278D970>
2024-11-17 19:29:12,191: neo4j_middleware.neo4jConnector: [neo4j_connector] Received response. 
2024-11-17 19:29:12,204: neo4j_middleware.neo4jConnector: [neo4j_connector] Received response. 
2024-11-17 19:29:12,258: neo4j_middleware.neo4jConnector: [neo4j_connector] Running query: MERGE(n23758:ts20201130T174446:SecondaryNode:IfcLocalPlacement {p21_id:23758, En...
2024-11-17 19:29:12,273: neo4j_middleware.neo4jConnector: [neo4j_connector] Running query: MERGE(n23072:ts20201130T174446:SecondaryNode:IfcAxis2Placement3D {p21_id:23072, ...
2024-11-17 19:29:12,318: neo4j_middleware.neo4jConnector: [neo4j_connector] Query delta: <neo4j._sync.work.result.Result object at 0x0000029FD5239AF0>
2024-11-17 19:29:12,329: neo4j_middleware.neo4jConnector: [neo4j_connector] Query delta: <neo4j._sync.work.result.Result object at 0x00000228B2804310>
2024-11-17 19:29:12,347: neo4j_middleware.neo4jConnector: [neo4j_connector] Received response. 
2024-11-17 19:29:12,371: neo4j_middleware.neo4jConnector: [neo4j_connector] Received response. 
2024-11-17 19:29:12,411: neo4j_middleware.neo4jConnector: [neo4j_connector] Running query: MERGE(n23747:ts20201130T174446:PrimaryNode:IfcMemberType {GlobalId:"2pFZenn1bDyQ...
2024-11-17 19:29:12,432: neo4j_middleware.neo4jConnector: [neo4j_connector] Running query: MERGE(n23070:ts20201130T174446:SecondaryNode:IfcCartesianPoint {Coordinates:"(1....
2024-11-17 19:29:12,481: neo4j_middleware.neo4jConnector: [neo4j_connector] Query delta: <neo4j._sync.work.result.Result object at 0x0000029FD4CCDC70>
2024-11-17 19:29:12,491: neo4j_middleware.neo4jConnector: [neo4j_connector] Query delta: <neo4j._sync.work.result.Result object at 0x00000228B2802310>
2024-11-17 19:29:12,519: neo4j_middleware.neo4jConnector: [neo4j_connector] Received response. 
2024-11-17 19:29:12,527: neo4j_middleware.neo4jConnector: [neo4j_connector] Received response. 
2024-11-17 19:29:12,581: neo4j_middleware.neo4jConnector: [neo4j_connector] Running query: MERGE(n23743:ts20201130T174446:SecondaryNode:IfcShapeRepresentation {Representat...
2024-11-17 19:29:12,586: neo4j_middleware.neo4jConnector: [neo4j_connector] Running query: MERGE(n23057:ts20201130T174446:SecondaryNode:IfcLocalPlacement {p21_id:23057, En...
2024-11-17 19:29:12,645: neo4j_middleware.neo4jConnector: [neo4j_connector] Query delta: <neo4j._sync.work.result.Result object at 0x0000029FD4CCF790>
2024-11-17 19:29:12,646: neo4j_middleware.neo4jConnector: [neo4j_connector] Query delta: <neo4j._sync.work.result.Result object at 0x00000228B28100D0>
2024-11-17 19:29:12,676: neo4j_middleware.neo4jConnector: [neo4j_connector] Received response. 
2024-11-17 19:29:12,682: neo4j_middleware.neo4jConnector: [neo4j_connector] Received response. 
2024-11-17 19:29:12,742: neo4j_middleware.neo4jConnector: [neo4j_connector] Running query: MERGE(n23739:ts20201130T174446:SecondaryNode:IfcExtrudedAreaSolid {Depth:1.78750...
2024-11-17 19:29:12,746: neo4j_middleware.neo4jConnector: [neo4j_connector] Running query: MERGE(n23052:ts20201130T174446:SecondaryNode:IfcProductDefinitionShape {Name:"No...
2024-11-17 19:29:12,801: neo4j_middleware.neo4jConnector: [neo4j_connector] Query delta: <neo4j._sync.work.result.Result object at 0x0000029FD4CCE100>
2024-11-17 19:29:12,803: neo4j_middleware.neo4jConnector: [neo4j_connector] Query delta: <neo4j._sync.work.result.Result object at 0x00000228B28105B0>
2024-11-17 19:29:12,839: neo4j_middleware.neo4jConnector: [neo4j_connector] Received response. 
2024-11-17 19:29:12,839: neo4j_middleware.neo4jConnector: [neo4j_connector] Received response. 
2024-11-17 19:29:12,901: neo4j_middleware.neo4jConnector: [neo4j_connector] Running query: MERGE(n23049:ts20201130T174446:SecondaryNode:IfcMappedItem {p21_id:23049, Entity...
2024-11-17 19:29:12,904: neo4j_middleware.neo4jConnector: [neo4j_connector] Running query: MERGE(n23735:ts20201130T174446:SecondaryNode:IfcRectangleProfileDef {ProfileType...
2024-11-17 19:29:12,954: neo4j_middleware.neo4jConnector: [neo4j_connector] Query delta: <neo4j._sync.work.result.Result object at 0x00000228B2D69DC0>
2024-11-17 19:29:12,959: neo4j_middleware.neo4jConnector: [neo4j_connector] Query delta: <neo4j._sync.work.result.Result object at 0x0000029FD4CD6B20>
2024-11-17 19:29:12,990: neo4j_middleware.neo4jConnector: [neo4j_connector] Received response. 
2024-11-17 19:29:12,993: neo4j_middleware.neo4jConnector: [neo4j_connector] Received response. 
2024-11-17 19:29:13,056: neo4j_middleware.neo4jConnector: [neo4j_connector] Running query: MERGE(n23732:ts20201130T174446:SecondaryNode:IfcCartesianPoint {Coordinates:"(0....
2024-11-17 19:29:13,059: neo4j_middleware.neo4jConnector: [neo4j_connector] Running query: MERGE(n23044:ts20201130T174446:SecondaryNode:IfcPropertySet {GlobalId:"15a3rV33H...
2024-11-17 19:29:13,118: neo4j_middleware.neo4jConnector: [neo4j_connector] Query delta: <neo4j._sync.work.result.Result object at 0x0000029FD4CCF4C0>
2024-11-17 19:29:13,121: neo4j_middleware.neo4jConnector: [neo4j_connector] Query delta: <neo4j._sync.work.result.Result object at 0x00000228B2802A30>
2024-11-17 19:29:13,158: neo4j_middleware.neo4jConnector: [neo4j_connector] Received response. 
2024-11-17 19:29:13,158: neo4j_middleware.neo4jConnector: [neo4j_connector] Received response. 
2024-11-17 19:29:13,220: neo4j_middleware.neo4jConnector: [neo4j_connector] Running query: MERGE(n23042:ts20201130T174446:SecondaryNode:IfcPropertySet {GlobalId:"02j0sttOD...
2024-11-17 19:29:13,224: neo4j_middleware.neo4jConnector: [neo4j_connector] Running query: MERGE(n25006:ts20201130T174446:ConnectionNode:IfcRelFillsElement {GlobalId:"3N3H...
2024-11-17 19:29:13,291: neo4j_middleware.neo4jConnector: [neo4j_connector] Query delta: <neo4j._sync.work.result.Result object at 0x0000029FD4CCD3A0>
2024-11-17 19:29:13,293: neo4j_middleware.neo4jConnector: [neo4j_connector] Query delta: <neo4j._sync.work.result.Result object at 0x00000228B278D550>
2024-11-17 19:29:13,326: neo4j_middleware.neo4jConnector: [neo4j_connector] Received response. 
2024-11-17 19:29:13,331: neo4j_middleware.neo4jConnector: [neo4j_connector] Received response. 
2024-11-17 19:29:13,392: neo4j_middleware.neo4jConnector: [neo4j_connector] Running query: MERGE(n25009:ts20201130T174446:SecondaryNode:IfcAxis2Placement3D {p21_id:25009, ...
2024-11-17 19:29:13,393: neo4j_middleware.neo4jConnector: [neo4j_connector] Running query: MERGE(n23037:ts20201130T174446:SecondaryNode:IfcAxis2Placement3D {p21_id:23037, ...
2024-11-17 19:29:13,465: neo4j_middleware.neo4jConnector: [neo4j_connector] Query delta: <neo4j._sync.work.result.Result object at 0x0000029FD5239EB0>
2024-11-17 19:29:13,465: neo4j_middleware.neo4jConnector: [neo4j_connector] Query delta: <neo4j._sync.work.result.Result object at 0x00000228B2D73670>
2024-11-17 19:29:13,498: neo4j_middleware.neo4jConnector: [neo4j_connector] Received response. 
2024-11-17 19:29:13,504: neo4j_middleware.neo4jConnector: [neo4j_connector] Received response. 
2024-11-17 19:29:13,561: neo4j_middleware.neo4jConnector: [neo4j_connector] Running query: MERGE(n23725:ts20201130T174446:SecondaryNode:IfcAxis2Placement3D {p21_id:23725, ...
2024-11-17 19:29:13,566: neo4j_middleware.neo4jConnector: [neo4j_connector] Running query: MERGE(n23034:ts20201130T174446:SecondaryNode:IfcLocalPlacement {p21_id:23034, En...
2024-11-17 19:29:13,619: neo4j_middleware.neo4jConnector: [neo4j_connector] Query delta: <neo4j._sync.work.result.Result object at 0x0000029FD4CC9160>
2024-11-17 19:29:13,621: neo4j_middleware.neo4jConnector: [neo4j_connector] Query delta: <neo4j._sync.work.result.Result object at 0x00000228B28041C0>
2024-11-17 19:29:13,655: neo4j_middleware.neo4jConnector: [neo4j_connector] Received response. 
2024-11-17 19:29:13,658: neo4j_middleware.neo4jConnector: [neo4j_connector] Received response. 
2024-11-17 19:29:13,721: neo4j_middleware.neo4jConnector: [neo4j_connector] Running query: MERGE(n23722:ts20201130T174446:SecondaryNode:IfcLocalPlacement {p21_id:23722, En...
2024-11-17 19:29:13,722: neo4j_middleware.neo4jConnector: [neo4j_connector] Running query: MERGE(n23033:ts20201130T174446:SecondaryNode:IfcAxis2Placement3D {p21_id:23033, ...
2024-11-17 19:29:13,782: neo4j_middleware.neo4jConnector: [neo4j_connector] Query delta: <neo4j._sync.work.result.Result object at 0x0000029FD4CCF340>
2024-11-17 19:29:13,783: neo4j_middleware.neo4jConnector: [neo4j_connector] Query delta: <neo4j._sync.work.result.Result object at 0x00000228B2863820>
2024-11-17 19:29:13,816: neo4j_middleware.neo4jConnector: [neo4j_connector] Received response. 
2024-11-17 19:29:13,822: neo4j_middleware.neo4jConnector: [neo4j_connector] Received response. 
2024-11-17 19:29:13,877: neo4j_middleware.neo4jConnector: [neo4j_connector] Running query: MERGE(n23717:ts20201130T174446:SecondaryNode:IfcProductDefinitionShape {Name:"No...
2024-11-17 19:29:13,884: neo4j_middleware.neo4jConnector: [neo4j_connector] Running query: MERGE(n23029:ts20201130T174446:SecondaryNode:IfcProductDefinitionShape {Name:"No...
2024-11-17 19:29:13,940: neo4j_middleware.neo4jConnector: [neo4j_connector] Query delta: <neo4j._sync.work.result.Result object at 0x0000029FD4CD67F0>
2024-11-17 19:29:13,946: neo4j_middleware.neo4jConnector: [neo4j_connector] Query delta: <neo4j._sync.work.result.Result object at 0x00000228B2804C70>
2024-11-17 19:29:13,974: neo4j_middleware.neo4jConnector: [neo4j_connector] Received response. 
2024-11-17 19:29:13,984: neo4j_middleware.neo4jConnector: [neo4j_connector] Received response. 
2024-11-17 19:29:14,037: neo4j_middleware.neo4jConnector: [neo4j_connector] Running query: MERGE(n23714:ts20201130T174446:SecondaryNode:IfcMappedItem {p21_id:23714, Entity...
2024-11-17 19:29:14,044: neo4j_middleware.neo4jConnector: [neo4j_connector] Running query: MERGE(n23027:ts20201130T174446:SecondaryNode:IfcShapeRepresentation {Representat...
2024-11-17 19:29:14,098: neo4j_middleware.neo4jConnector: [neo4j_connector] Query delta: <neo4j._sync.work.result.Result object at 0x0000029FD4CD9670>
2024-11-17 19:29:14,111: neo4j_middleware.neo4jConnector: [neo4j_connector] Query delta: <neo4j._sync.work.result.Result object at 0x00000228B2D736A0>
2024-11-17 19:29:14,134: neo4j_middleware.neo4jConnector: [neo4j_connector] Received response. 
2024-11-17 19:29:14,147: neo4j_middleware.neo4jConnector: [neo4j_connector] Received response. 
2024-11-17 19:29:14,194: neo4j_middleware.neo4jConnector: [neo4j_connector] Running query: MERGE(n23709:ts20201130T174446:SecondaryNode:IfcPropertySet {GlobalId:"12ou$qO7T...
2024-11-17 19:29:14,205: neo4j_middleware.neo4jConnector: [neo4j_connector] Running query: MERGE(n23025:ts20201130T174446:SecondaryNode:IfcMappedItem {p21_id:23025, Entity...
2024-11-17 19:29:14,258: neo4j_middleware.neo4jConnector: [neo4j_connector] Query delta: <neo4j._sync.work.result.Result object at 0x0000029FD4CD6520>
2024-11-17 19:29:14,258: neo4j_middleware.neo4jConnector: [neo4j_connector] Query delta: <neo4j._sync.work.result.Result object at 0x00000228B27A2760>
2024-11-17 19:29:14,292: neo4j_middleware.neo4jConnector: [neo4j_connector] Received response. 
2024-11-17 19:29:14,299: neo4j_middleware.neo4jConnector: [neo4j_connector] Received response. 
2024-11-17 19:29:14,353: neo4j_middleware.neo4jConnector: [neo4j_connector] Running query: MERGE(n23707:ts20201130T174446:SecondaryNode:IfcPropertySet {GlobalId:"2rZj_evdH...
2024-11-17 19:29:14,360: neo4j_middleware.neo4jConnector: [neo4j_connector] Running query: MERGE(n23022:ts20201130T174446:SecondaryNode:IfcRepresentationMap {p21_id:23022,...
2024-11-17 19:29:14,414: neo4j_middleware.neo4jConnector: [neo4j_connector] Query delta: <neo4j._sync.work.result.Result object at 0x00000228B278D910>
2024-11-17 19:29:14,417: neo4j_middleware.neo4jConnector: [neo4j_connector] Query delta: <neo4j._sync.work.result.Result object at 0x0000029FD4CCFE20>
2024-11-17 19:29:14,445: neo4j_middleware.neo4jConnector: [neo4j_connector] Received response. 
2024-11-17 19:29:14,448: neo4j_middleware.neo4jConnector: [neo4j_connector] Received response. 
2024-11-17 19:29:14,504: neo4j_middleware.neo4jConnector: [neo4j_connector] Running query: MERGE(n23699:ts20201130T174446:SecondaryNode:IfcLocalPlacement {p21_id:23699, En...
2024-11-17 19:29:14,510: neo4j_middleware.neo4jConnector: [neo4j_connector] Running query: MERGE(n23019:ts20201130T174446:SecondaryNode:IfcShapeRepresentation {Representat...
2024-11-17 19:29:14,563: neo4j_middleware.neo4jConnector: [neo4j_connector] Query delta: <neo4j._sync.work.result.Result object at 0x0000029FD4CCD760>
2024-11-17 19:29:14,567: neo4j_middleware.neo4jConnector: [neo4j_connector] Query delta: <neo4j._sync.work.result.Result object at 0x00000228B2802FD0>
2024-11-17 19:29:14,600: neo4j_middleware.neo4jConnector: [neo4j_connector] Received response. 
2024-11-17 19:29:14,601: neo4j_middleware.neo4jConnector: [neo4j_connector] Received response. 
2024-11-17 19:29:14,664: neo4j_middleware.neo4jConnector: [neo4j_connector] Running query: MERGE(n23694:ts20201130T174446:SecondaryNode:IfcProductDefinitionShape {Name:"No...
2024-11-17 19:29:14,665: neo4j_middleware.neo4jConnector: [neo4j_connector] Running query: MERGE(n23014:ts20201130T174446:SecondaryNode:IfcAxis2Placement3D {p21_id:23014, ...
2024-11-17 19:29:14,717: neo4j_middleware.neo4jConnector: [neo4j_connector] Query delta: <neo4j._sync.work.result.Result object at 0x0000029FD4CCF580>
2024-11-17 19:29:14,719: neo4j_middleware.neo4jConnector: [neo4j_connector] Query delta: <neo4j._sync.work.result.Result object at 0x00000228B28046A0>
2024-11-17 19:29:14,749: neo4j_middleware.neo4jConnector: [neo4j_connector] Received response. 
2024-11-17 19:29:14,760: neo4j_middleware.neo4jConnector: [neo4j_connector] Received response. 
2024-11-17 19:29:14,809: neo4j_middleware.neo4jConnector: [neo4j_connector] Running query: MERGE(n23692:ts20201130T174446:SecondaryNode:IfcShapeRepresentation {Representat...
2024-11-17 19:29:14,820: neo4j_middleware.neo4jConnector: [neo4j_connector] Running query: MERGE(n23012:ts20201130T174446:SecondaryNode:IfcCartesianPoint {Coordinates:"(0....
2024-11-17 19:29:14,885: neo4j_middleware.neo4jConnector: [neo4j_connector] Query delta: <neo4j._sync.work.result.Result object at 0x0000029FD5239CA0>
2024-11-17 19:29:14,894: neo4j_middleware.neo4jConnector: [neo4j_connector] Query delta: <neo4j._sync.work.result.Result object at 0x00000228B2810D30>
2024-11-17 19:29:14,919: neo4j_middleware.neo4jConnector: [neo4j_connector] Received response. 
2024-11-17 19:29:14,936: neo4j_middleware.neo4jConnector: [neo4j_connector] Received response. 
2024-11-17 19:29:14,978: neo4j_middleware.neo4jConnector: [neo4j_connector] Running query: MERGE(n23688:ts20201130T174446:PrimaryNode:IfcMemberType {GlobalId:"2wrQh2Uxb38e...
2024-11-17 19:29:15,002: neo4j_middleware.neo4jConnector: [neo4j_connector] Running query: MERGE(n23011:ts20201130T174446:SecondaryNode:IfcRectangleProfileDef {ProfileType...
2024-11-17 19:29:15,068: neo4j_middleware.neo4jConnector: [neo4j_connector] Query delta: <neo4j._sync.work.result.Result object at 0x0000029FD4CD9310>
2024-11-17 19:29:15,075: neo4j_middleware.neo4jConnector: [neo4j_connector] Query delta: <neo4j._sync.work.result.Result object at 0x00000228B2804F10>
2024-11-17 19:29:15,097: neo4j_middleware.neo4jConnector: [neo4j_connector] Received response. 
2024-11-17 19:29:15,115: neo4j_middleware.neo4jConnector: [neo4j_connector] Received response. 
2024-11-17 19:29:15,168: neo4j_middleware.neo4jConnector: [neo4j_connector] Running query: MERGE(n23684:ts20201130T174446:SecondaryNode:IfcShapeRepresentation {Representat...
2024-11-17 19:29:15,180: neo4j_middleware.neo4jConnector: [neo4j_connector] Running query: MERGE(n23010:ts20201130T174446:SecondaryNode:IfcAxis2Placement2D {p21_id:23010, ...
2024-11-17 19:29:15,229: neo4j_middleware.neo4jConnector: [neo4j_connector] Query delta: <neo4j._sync.work.result.Result object at 0x0000029FD4CD90A0>
2024-11-17 19:29:15,243: neo4j_middleware.neo4jConnector: [neo4j_connector] Query delta: <neo4j._sync.work.result.Result object at 0x00000228B2D73940>
2024-11-17 19:29:15,263: neo4j_middleware.neo4jConnector: [neo4j_connector] Received response. 
2024-11-17 19:29:15,287: neo4j_middleware.neo4jConnector: [neo4j_connector] Received response. 
2024-11-17 19:29:15,326: neo4j_middleware.neo4jConnector: [neo4j_connector] Running query: MERGE(n23680:ts20201130T174446:SecondaryNode:IfcExtrudedAreaSolid {Depth:1.81249...
2024-11-17 19:29:15,350: neo4j_middleware.neo4jConnector: [neo4j_connector] Running query: MERGE(n23008:ts20201130T174446:SecondaryNode:IfcCartesianPoint {Coordinates:"(0....
2024-11-17 19:29:15,381: neo4j_middleware.neo4jConnector: [neo4j_connector] Query delta: <neo4j._sync.work.result.Result object at 0x0000029FD4CD6520>
2024-11-17 19:29:15,408: neo4j_middleware.neo4jConnector: [neo4j_connector] Query delta: <neo4j._sync.work.result.Result object at 0x00000228B2802790>
2024-11-17 19:29:15,409: neo4j_middleware.neo4jConnector: [neo4j_connector] Received response. 
2024-11-17 19:29:15,448: neo4j_middleware.neo4jConnector: [neo4j_connector] Received response. 
2024-11-17 19:29:15,483: neo4j_middleware.neo4jConnector: [neo4j_connector] Running query: MERGE(n23679:ts20201130T174446:SecondaryNode:IfcAxis2Placement3D {p21_id:23679, ...
2024-11-17 19:29:15,509: neo4j_middleware.neo4jConnector: [neo4j_connector] Running query: MERGE(n25075:ts20201130T174446:SecondaryNode:IfcCartesianPoint {Coordinates:"(6....
2024-11-17 19:29:15,543: neo4j_middleware.neo4jConnector: [neo4j_connector] Query delta: <neo4j._sync.work.result.Result object at 0x0000029FD4CCF130>
2024-11-17 19:29:15,564: neo4j_middleware.neo4jConnector: [neo4j_connector] Query delta: <neo4j._sync.work.result.Result object at 0x00000228B278D580>
2024-11-17 19:29:15,574: neo4j_middleware.neo4jConnector: [neo4j_connector] Received response. 
2024-11-17 19:29:15,601: neo4j_middleware.neo4jConnector: [neo4j_connector] Received response. 
2024-11-17 19:29:15,645: neo4j_middleware.neo4jConnector: [neo4j_connector] Running query: MERGE(n23677:ts20201130T174446:SecondaryNode:IfcCartesianPoint {Coordinates:"(-0...
2024-11-17 19:29:15,663: neo4j_middleware.neo4jConnector: [neo4j_connector] Running query: MERGE(n22999:ts20201130T174446:SecondaryNode:IfcPropertySet {GlobalId:"0m8w$nfiT...
2024-11-17 19:29:15,705: neo4j_middleware.neo4jConnector: [neo4j_connector] Query delta: <neo4j._sync.work.result.Result object at 0x0000029FD4CCDF40>
2024-11-17 19:29:15,724: neo4j_middleware.neo4jConnector: [neo4j_connector] Query delta: <neo4j._sync.work.result.Result object at 0x00000228B28026D0>
2024-11-17 19:29:15,742: neo4j_middleware.neo4jConnector: [neo4j_connector] Received response. 
2024-11-17 19:29:15,764: neo4j_middleware.neo4jConnector: [neo4j_connector] Received response. 
2024-11-17 19:29:15,802: neo4j_middleware.neo4jConnector: [neo4j_connector] Running query: MERGE(n23673:ts20201130T174446:SecondaryNode:IfcCartesianPoint {Coordinates:"(0....
2024-11-17 19:29:15,825: neo4j_middleware.neo4jConnector: [neo4j_connector] Running query: MERGE(n25077:ts20201130T174446:SecondaryNode:IfcAxis2Placement3D {p21_id:25077, ...
2024-11-17 19:29:15,855: neo4j_middleware.neo4jConnector: [neo4j_connector] Query delta: <neo4j._sync.work.result.Result object at 0x0000029FD4CCF130>
2024-11-17 19:29:15,880: neo4j_middleware.neo4jConnector: [neo4j_connector] Query delta: <neo4j._sync.work.result.Result object at 0x00000228B2D69FA0>
2024-11-17 19:29:15,890: neo4j_middleware.neo4jConnector: [neo4j_connector] Received response. 
2024-11-17 19:29:15,919: neo4j_middleware.neo4jConnector: [neo4j_connector] Received response. 
2024-11-17 19:29:15,960: neo4j_middleware.neo4jConnector: [neo4j_connector] Running query: MERGE(n25015:ts20201130T174446:SecondaryNode:IfcAxis2Placement2D {p21_id:25015, ...
2024-11-17 19:29:15,982: neo4j_middleware.neo4jConnector: [neo4j_connector] Running query: MERGE(n22992:ts20201130T174446:SecondaryNode:IfcCartesianPoint {Coordinates:"(-4...
2024-11-17 19:29:16,009: neo4j_middleware.neo4jConnector: [neo4j_connector] Query delta: <neo4j._sync.work.result.Result object at 0x0000029FD52399A0>
2024-11-17 19:29:16,041: neo4j_middleware.neo4jConnector: [neo4j_connector] Query delta: <neo4j._sync.work.result.Result object at 0x00000228B2810460>
2024-11-17 19:29:16,049: neo4j_middleware.neo4jConnector: [neo4j_connector] Received response. 
2024-11-17 19:29:16,079: neo4j_middleware.neo4jConnector: [neo4j_connector] Received response. 
2024-11-17 19:29:16,118: neo4j_middleware.neo4jConnector: [neo4j_connector] Running query: MERGE(n23659:ts20201130T174446:SecondaryNode:IfcAxis2Placement3D {p21_id:23659, ...
2024-11-17 19:29:16,157: neo4j_middleware.neo4jConnector: [neo4j_connector] Running query: MERGE(n22988:ts20201130T174446:SecondaryNode:IfcCartesianPoint {Coordinates:"(-4...
2024-11-17 19:29:16,178: neo4j_middleware.neo4jConnector: [neo4j_connector] Query delta: <neo4j._sync.work.result.Result object at 0x0000029FD4CD9FD0>
2024-11-17 19:29:16,216: neo4j_middleware.neo4jConnector: [neo4j_connector] Received response. 
2024-11-17 19:29:16,227: neo4j_middleware.neo4jConnector: [neo4j_connector] Query delta: <neo4j._sync.work.result.Result object at 0x00000228B27C0130>
2024-11-17 19:29:16,269: neo4j_middleware.neo4jConnector: [neo4j_connector] Received response. 
2024-11-17 19:29:16,298: neo4j_middleware.neo4jConnector: [neo4j_connector] Running query: MERGE(n23647:ts20201130T174446:SecondaryNode:IfcMappedItem {p21_id:23647, Entity...
2024-11-17 19:29:16,340: neo4j_middleware.neo4jConnector: [neo4j_connector] Running query: MERGE(n22984:ts20201130T174446:SecondaryNode:IfcShapeRepresentation {Representat...
2024-11-17 19:29:16,379: neo4j_middleware.neo4jConnector: [neo4j_connector] Query delta: <neo4j._sync.work.result.Result object at 0x0000029FD4CEB5E0>
2024-11-17 19:29:16,412: neo4j_middleware.neo4jConnector: [neo4j_connector] Received response. 
2024-11-17 19:29:16,417: neo4j_middleware.neo4jConnector: [neo4j_connector] Query delta: <neo4j._sync.work.result.Result object at 0x00000228B2D738E0>
2024-11-17 19:29:16,452: neo4j_middleware.neo4jConnector: [neo4j_connector] Received response. 
2024-11-17 19:29:16,475: neo4j_middleware.neo4jConnector: [neo4j_connector] Running query: MERGE(n23644:ts20201130T174446:SecondaryNode:IfcRepresentationMap {p21_id:23644,...
2024-11-17 19:29:16,517: neo4j_middleware.neo4jConnector: [neo4j_connector] Running query: MERGE(n22982:ts20201130T174446:SecondaryNode:IfcMappedItem {p21_id:22982, Entity...
2024-11-17 19:29:16,550: neo4j_middleware.neo4jConnector: [neo4j_connector] Query delta: <neo4j._sync.work.result.Result object at 0x0000029FD4CD6CA0>
2024-11-17 19:29:16,568: neo4j_middleware.neo4jConnector: [neo4j_connector] Query delta: <neo4j._sync.work.result.Result object at 0x00000228B281F8E0>
2024-11-17 19:29:16,586: neo4j_middleware.neo4jConnector: [neo4j_connector] Received response. 
2024-11-17 19:29:16,612: neo4j_middleware.neo4jConnector: [neo4j_connector] Received response. 
2024-11-17 19:29:16,675: neo4j_middleware.neo4jConnector: [neo4j_connector] Running query: MERGE(n23643:ts20201130T174446:SecondaryNode:IfcAxis2Placement3D {p21_id:23643, ...
2024-11-17 19:29:16,705: neo4j_middleware.neo4jConnector: [neo4j_connector] Running query: MERGE(n22980:ts20201130T174446:PrimaryNode:IfcMemberType {GlobalId:"3gZpO5KU15lg...
2024-11-17 19:29:16,748: neo4j_middleware.neo4jConnector: [neo4j_connector] Query delta: <neo4j._sync.work.result.Result object at 0x0000029FD4CCF4F0>
2024-11-17 19:29:16,775: neo4j_middleware.neo4jConnector: [neo4j_connector] Query delta: <neo4j._sync.work.result.Result object at 0x00000228B278D7F0>
2024-11-17 19:29:16,778: neo4j_middleware.neo4jConnector: [neo4j_connector] Received response. 
2024-11-17 19:29:16,813: neo4j_middleware.neo4jConnector: [neo4j_connector] Received response. 
2024-11-17 19:29:16,838: neo4j_middleware.neo4jConnector: [neo4j_connector] Running query: MERGE(n23637:ts20201130T174446:SecondaryNode:IfcExtrudedAreaSolid {Depth:1.78750...
2024-11-17 19:29:16,876: neo4j_middleware.neo4jConnector: [neo4j_connector] Running query: MERGE(n22978:ts20201130T174446:SecondaryNode:IfcAxis2Placement3D {p21_id:22978, ...
2024-11-17 19:29:16,889: neo4j_middleware.neo4jConnector: [neo4j_connector] Query delta: <neo4j._sync.work.result.Result object at 0x0000029FD4CCD730>
2024-11-17 19:29:16,924: neo4j_middleware.neo4jConnector: [neo4j_connector] Received response. 
2024-11-17 19:29:16,934: neo4j_middleware.neo4jConnector: [neo4j_connector] Query delta: <neo4j._sync.work.result.Result object at 0x00000228B2802910>
2024-11-17 19:29:16,968: neo4j_middleware.neo4jConnector: [neo4j_connector] Received response. 
2024-11-17 19:29:16,991: neo4j_middleware.neo4jConnector: [neo4j_connector] Running query: MERGE(n23636:ts20201130T174446:SecondaryNode:IfcAxis2Placement3D {p21_id:23636, ...
2024-11-17 19:29:17,037: neo4j_middleware.neo4jConnector: [neo4j_connector] Running query: MERGE(n22973:ts20201130T174446:SecondaryNode:IfcStyledItem {Name:"None", p21_id:...
2024-11-17 19:29:17,052: neo4j_middleware.neo4jConnector: [neo4j_connector] Query delta: <neo4j._sync.work.result.Result object at 0x0000029FD4CCFDC0>
2024-11-17 19:29:17,092: neo4j_middleware.neo4jConnector: [neo4j_connector] Received response. 
2024-11-17 19:29:17,098: neo4j_middleware.neo4jConnector: [neo4j_connector] Query delta: <neo4j._sync.work.result.Result object at 0x00000228B2D73670>
2024-11-17 19:29:17,135: neo4j_middleware.neo4jConnector: [neo4j_connector] Received response. 
2024-11-17 19:29:17,154: neo4j_middleware.neo4jConnector: [neo4j_connector] Running query: MERGE(n23632:ts20201130T174446:SecondaryNode:IfcAxis2Placement2D {p21_id:23632, ...
2024-11-17 19:29:17,199: neo4j_middleware.neo4jConnector: [neo4j_connector] Running query: MERGE(n22969:ts20201130T174446:SecondaryNode:IfcCartesianPoint {Coordinates:"(-0...
2024-11-17 19:29:17,213: neo4j_middleware.neo4jConnector: [neo4j_connector] Query delta: <neo4j._sync.work.result.Result object at 0x0000029FD4CD6220>
2024-11-17 19:29:17,248: neo4j_middleware.neo4jConnector: [neo4j_connector] Received response. 
2024-11-17 19:29:17,259: neo4j_middleware.neo4jConnector: [neo4j_connector] Query delta: <neo4j._sync.work.result.Result object at 0x00000228B2804730>
2024-11-17 19:29:17,299: neo4j_middleware.neo4jConnector: [neo4j_connector] Received response. 
2024-11-17 19:29:17,310: neo4j_middleware.neo4jConnector: [neo4j_connector] Running query: MERGE(n23628:ts20201130T174446:SecondaryNode:IfcAxis2Placement3D {p21_id:23628, ...
2024-11-17 19:29:17,363: neo4j_middleware.neo4jConnector: [neo4j_connector] Running query: MERGE(n22967:ts20201130T174446:SecondaryNode:IfcAxis2Placement2D {p21_id:22967, ...
2024-11-17 19:29:17,365: neo4j_middleware.neo4jConnector: [neo4j_connector] Query delta: <neo4j._sync.work.result.Result object at 0x0000029FD4CD9940>
2024-11-17 19:29:17,405: neo4j_middleware.neo4jConnector: [neo4j_connector] Received response. 
2024-11-17 19:29:17,428: neo4j_middleware.neo4jConnector: [neo4j_connector] Query delta: <neo4j._sync.work.result.Result object at 0x00000228B2804B50>
2024-11-17 19:29:17,462: neo4j_middleware.neo4jConnector: [neo4j_connector] Received response. 
2024-11-17 19:29:17,465: neo4j_middleware.neo4jConnector: [neo4j_connector] Running query: MERGE(n23621:ts20201130T174446:SecondaryNode:IfcPropertySet {GlobalId:"3UgXJSDgP...
2024-11-17 19:29:17,524: neo4j_middleware.neo4jConnector: [neo4j_connector] Running query: MERGE(n22965:ts20201130T174446:SecondaryNode:IfcCartesianPoint {Coordinates:"(0....
2024-11-17 19:29:17,532: neo4j_middleware.neo4jConnector: [neo4j_connector] Query delta: <neo4j._sync.work.result.Result object at 0x0000029FD4CEB5E0>
2024-11-17 19:29:17,562: neo4j_middleware.neo4jConnector: [neo4j_connector] Received response. 
2024-11-17 19:29:17,574: neo4j_middleware.neo4jConnector: [neo4j_connector] Query delta: <neo4j._sync.work.result.Result object at 0x00000228B2802550>
2024-11-17 19:29:17,608: neo4j_middleware.neo4jConnector: [neo4j_connector] Received response. 
2024-11-17 19:29:17,622: neo4j_middleware.neo4jConnector: [neo4j_connector] Running query: MERGE(n25018:ts20201130T174446:SecondaryNode:IfcExtrudedAreaSolid {Depth:0.1, p2...
2024-11-17 19:29:17,666: neo4j_middleware.neo4jConnector: [neo4j_connector] Running query: MERGE(n22963:ts20201130T174446:SecondaryNode:IfcAxis2Placement3D {p21_id:22963, ...
2024-11-17 19:29:17,678: neo4j_middleware.neo4jConnector: [neo4j_connector] Query delta: <neo4j._sync.work.result.Result object at 0x0000029FD4CD9430>
2024-11-17 19:29:17,710: neo4j_middleware.neo4jConnector: [neo4j_connector] Received response. 
2024-11-17 19:29:17,717: neo4j_middleware.neo4jConnector: [neo4j_connector] Query delta: <neo4j._sync.work.result.Result object at 0x00000228B281F400>
2024-11-17 19:29:17,754: neo4j_middleware.neo4jConnector: [neo4j_connector] Received response. 
2024-11-17 19:29:17,771: neo4j_middleware.neo4jConnector: [neo4j_connector] Running query: MERGE(n23614:ts20201130T174446:SecondaryNode:IfcCartesianPoint {Coordinates:"(3....
2024-11-17 19:29:17,815: neo4j_middleware.neo4jConnector: [neo4j_connector] Running query: MERGE(n22955:ts20201130T174446:SecondaryNode:IfcPropertySingleValue {Name:"Refer...
2024-11-17 19:29:17,827: neo4j_middleware.neo4jConnector: [neo4j_connector] Query delta: <neo4j._sync.work.result.Result object at 0x0000029FD4CD60D0>
2024-11-17 19:29:17,864: neo4j_middleware.neo4jConnector: [neo4j_connector] Received response. 
2024-11-17 19:29:17,894: neo4j_middleware.neo4jConnector: [neo4j_connector] Query delta: <neo4j._sync.work.result.Result object at 0x00000228B278D940>
2024-11-17 19:29:17,937: neo4j_middleware.neo4jConnector: [neo4j_connector] Received response. 
2024-11-17 19:29:17,937: neo4j_middleware.neo4jConnector: [neo4j_connector] Running query: MERGE(n23613:ts20201130T174446:SecondaryNode:IfcLocalPlacement {p21_id:23613, En...
2024-11-17 19:29:18,014: neo4j_middleware.neo4jConnector: [neo4j_connector] Running query: MERGE(n22952:ts20201130T174446:PrimaryNode:IfcMember {GlobalId:"1s5utE$rDDfRKgzV...
2024-11-17 19:29:18,019: neo4j_middleware.neo4jConnector: [neo4j_connector] Query delta: <neo4j._sync.work.result.Result object at 0x0000029FD4CCF760>
2024-11-17 19:29:18,053: neo4j_middleware.neo4jConnector: [neo4j_connector] Received response. 
2024-11-17 19:29:18,070: neo4j_middleware.neo4jConnector: [neo4j_connector] Query delta: <neo4j._sync.work.result.Result object at 0x00000228B2802A00>
2024-11-17 19:29:18,102: neo4j_middleware.neo4jConnector: [neo4j_connector] Running query: MERGE(n23602:ts20201130T174446:PrimaryNode:IfcMemberType {GlobalId:"2ooFqYUTz3s9...
2024-11-17 19:29:18,118: neo4j_middleware.neo4jConnector: [neo4j_connector] Received response. 
2024-11-17 19:29:18,180: neo4j_middleware.neo4jConnector: [neo4j_connector] Query delta: <neo4j._sync.work.result.Result object at 0x0000029FD4CCFC40>
2024-11-17 19:29:18,180: neo4j_middleware.neo4jConnector: [neo4j_connector] Running query: MERGE(n25079:ts20201130T174446:PrimaryNode:IfcOpeningElement {GlobalId:"2idC0G3e...
2024-11-17 19:29:18,212: neo4j_middleware.neo4jConnector: [neo4j_connector] Received response. 
2024-11-17 19:29:18,243: neo4j_middleware.neo4jConnector: [neo4j_connector] Query delta: <neo4j._sync.work.result.Result object at 0x00000228B2D69CA0>
2024-11-17 19:29:18,277: neo4j_middleware.neo4jConnector: [neo4j_connector] Running query: MERGE(n23598:ts20201130T174446:SecondaryNode:IfcShapeRepresentation {Representat...
2024-11-17 19:29:18,287: neo4j_middleware.neo4jConnector: [neo4j_connector] Received response. 
2024-11-17 19:29:18,332: neo4j_middleware.neo4jConnector: [neo4j_connector] Query delta: <neo4j._sync.work.result.Result object at 0x0000029FD4CD64F0>
2024-11-17 19:29:18,348: neo4j_middleware.neo4jConnector: [neo4j_connector] Running query: MERGE(n22950:ts20201130T174446:SecondaryNode:IfcAxis2Placement3D {p21_id:22950, ...
2024-11-17 19:29:18,348: neo4j_middleware.neo4jConnector: [neo4j_connector] Received response. 
2024-11-17 19:29:18,410: neo4j_middleware.neo4jConnector: [neo4j_connector] Query delta: <neo4j._sync.work.result.Result object at 0x00000228B28103D0>
2024-11-17 19:29:18,411: neo4j_middleware.neo4jConnector: [neo4j_connector] Running query: MERGE(n23594:ts20201130T174446:SecondaryNode:IfcExtrudedAreaSolid {Depth:1.78750...
2024-11-17 19:29:18,442: neo4j_middleware.neo4jConnector: [neo4j_connector] Received response. 
2024-11-17 19:29:18,473: neo4j_middleware.neo4jConnector: [neo4j_connector] Query delta: <neo4j._sync.work.result.Result object at 0x0000029FD4CCEC10>
2024-11-17 19:29:18,505: neo4j_middleware.neo4jConnector: [neo4j_connector] Running query: MERGE(n22948:ts20201130T174446:SecondaryNode:IfcCartesianPoint {Coordinates:"(3....
2024-11-17 19:29:18,521: neo4j_middleware.neo4jConnector: [neo4j_connector] Received response. 
2024-11-17 19:29:18,568: neo4j_middleware.neo4jConnector: [neo4j_connector] Query delta: <neo4j._sync.work.result.Result object at 0x00000228B2D73A30>
2024-11-17 19:29:18,568: neo4j_middleware.neo4jConnector: [neo4j_connector] Running query: MERGE(n23590:ts20201130T174446:SecondaryNode:IfcRectangleProfileDef {ProfileType...
2024-11-17 19:29:18,599: neo4j_middleware.neo4jConnector: [neo4j_connector] Received response. 
2024-11-17 19:29:18,646: neo4j_middleware.neo4jConnector: [neo4j_connector] Query delta: <neo4j._sync.work.result.Result object at 0x0000029FD4CEB070>
2024-11-17 19:29:18,662: neo4j_middleware.neo4jConnector: [neo4j_connector] Running query: MERGE(n22944:ts20201130T174446:SecondaryNode:IfcCartesianPoint {Coordinates:"(3....
2024-11-17 19:29:18,677: neo4j_middleware.neo4jConnector: [neo4j_connector] Received response. 
2024-11-17 19:29:18,709: neo4j_middleware.neo4jConnector: [neo4j_connector] Query delta: <neo4j._sync.work.result.Result object at 0x00000228B2802D00>
2024-11-17 19:29:18,740: neo4j_middleware.neo4jConnector: [neo4j_connector] Running query: MERGE(n23587:ts20201130T174446:SecondaryNode:IfcCartesianPoint {Coordinates:"(0....
2024-11-17 19:29:18,756: neo4j_middleware.neo4jConnector: [neo4j_connector] Received response. 
2024-11-17 19:29:18,795: neo4j_middleware.neo4jConnector: [neo4j_connector] Query delta: <neo4j._sync.work.result.Result object at 0x0000029FD4CD9F40>
2024-11-17 19:29:18,826: neo4j_middleware.neo4jConnector: [neo4j_connector] Running query: MERGE(n22942:ts20201130T174446:SecondaryNode:IfcProductDefinitionShape {Name:"No...
2024-11-17 19:29:18,842: neo4j_middleware.neo4jConnector: [neo4j_connector] Received response. 
2024-11-17 19:29:18,894: neo4j_middleware.neo4jConnector: [neo4j_connector] Query delta: <neo4j._sync.work.result.Result object at 0x00000228B281F670>
2024-11-17 19:29:18,894: neo4j_middleware.neo4jConnector: [neo4j_connector] Running query: MERGE(n23580:ts20201130T174446:SecondaryNode:IfcAxis2Placement3D {p21_id:23580, ...
2024-11-17 19:29:18,929: neo4j_middleware.neo4jConnector: [neo4j_connector] Received response. 
2024-11-17 19:29:18,948: neo4j_middleware.neo4jConnector: [neo4j_connector] Query delta: <neo4j._sync.work.result.Result object at 0x0000029FD4CD6190>
2024-11-17 19:29:18,979: neo4j_middleware.neo4jConnector: [neo4j_connector] Received response. 
2024-11-17 19:29:18,995: neo4j_middleware.neo4jConnector: [neo4j_connector] Running query: MERGE(n22940:ts20201130T174446:SecondaryNode:IfcShapeRepresentation {Representat...
2024-11-17 19:29:19,042: neo4j_middleware.neo4jConnector: [neo4j_connector] Running query: MERGE(n23577:ts20201130T174446:SecondaryNode:IfcLocalPlacement {p21_id:23577, En...
2024-11-17 19:29:19,058: neo4j_middleware.neo4jConnector: [neo4j_connector] Query delta: <neo4j._sync.work.result.Result object at 0x00000228B278D850>
2024-11-17 19:29:19,094: neo4j_middleware.neo4jConnector: [neo4j_connector] Received response. 
2024-11-17 19:29:19,105: neo4j_middleware.neo4jConnector: [neo4j_connector] Query delta: <neo4j._sync.work.result.Result object at 0x0000029FD4CCFA00>
2024-11-17 19:29:19,137: neo4j_middleware.neo4jConnector: [neo4j_connector] Received response. 
2024-11-17 19:29:19,168: neo4j_middleware.neo4jConnector: [neo4j_connector] Running query: MERGE(n22929:ts20201130T174446:SecondaryNode:IfcStyledItem {Name:"None", p21_id:...
2024-11-17 19:29:19,215: neo4j_middleware.neo4jConnector: [neo4j_connector] Running query: MERGE(n23572:ts20201130T174446:SecondaryNode:IfcProductDefinitionShape {Name:"No...
2024-11-17 19:29:19,246: neo4j_middleware.neo4jConnector: [neo4j_connector] Query delta: <neo4j._sync.work.result.Result object at 0x00000228B2D69AF0>
2024-11-17 19:29:19,262: neo4j_middleware.neo4jConnector: [neo4j_connector] Query delta: <neo4j._sync.work.result.Result object at 0x0000029FD5239EE0>
2024-11-17 19:29:19,286: neo4j_middleware.neo4jConnector: [neo4j_connector] Received response. 
2024-11-17 19:29:19,297: neo4j_middleware.neo4jConnector: [neo4j_connector] Received response. 
2024-11-17 19:29:19,339: neo4j_middleware.neo4jConnector: [neo4j_connector] Running query: MERGE(n22927:ts20201130T174446:SecondaryNode:IfcAxis2Placement3D {p21_id:22927, ...
2024-11-17 19:29:19,355: neo4j_middleware.neo4jConnector: [neo4j_connector] Running query: MERGE(n23569:ts20201130T174446:SecondaryNode:IfcMappedItem {p21_id:23569, Entity...
2024-11-17 19:29:19,450: neo4j_middleware.neo4jConnector: [neo4j_connector] Query delta: <neo4j._sync.work.result.Result object at 0x00000228B2D7CE20>
2024-11-17 19:29:19,495: neo4j_middleware.neo4jConnector: [neo4j_connector] Received response. 
2024-11-17 19:29:19,554: neo4j_middleware.neo4jConnector: [neo4j_connector] Running query: MERGE(n22925:ts20201130T174446:SecondaryNode:IfcCartesianPoint {Coordinates:"(-0...
2024-11-17 19:29:19,633: neo4j_middleware.neo4jConnector: [neo4j_connector] Query delta: <neo4j._sync.work.result.Result object at 0x00000228B2D6D430>
2024-11-17 19:29:19,665: neo4j_middleware.neo4jConnector: [neo4j_connector] Query delta: <neo4j._sync.work.result.Result object at 0x0000029FD4CD6700>
2024-11-17 19:29:19,665: neo4j_middleware.neo4jConnector: [neo4j_connector] Received response. 
2024-11-17 19:29:19,696: neo4j_middleware.neo4jConnector: [neo4j_connector] Received response. 
2024-11-17 19:29:19,759: neo4j_middleware.neo4jConnector: [neo4j_connector] Running query: MERGE(n22924:ts20201130T174446:SecondaryNode:IfcRectangleProfileDef {ProfileType...
2024-11-17 19:29:19,801: neo4j_middleware.neo4jConnector: [neo4j_connector] Running query: MERGE(n25023:ts20201130T174446:SecondaryNode:IfcCartesianPoint {Coordinates:"(8....
2024-11-17 19:29:19,816: neo4j_middleware.neo4jConnector: [neo4j_connector] Query delta: <neo4j._sync.work.result.Result object at 0x00000228B28042E0>
2024-11-17 19:29:19,847: neo4j_middleware.neo4jConnector: [neo4j_connector] Received response. 
2024-11-17 19:29:19,847: neo4j_middleware.neo4jConnector: [neo4j_connector] Query delta: <neo4j._sync.work.result.Result object at 0x0000029FD4CCE070>
2024-11-17 19:29:19,879: neo4j_middleware.neo4jConnector: [neo4j_connector] Received response. 
2024-11-17 19:29:19,910: neo4j_middleware.neo4jConnector: [neo4j_connector] Running query: MERGE(n25082:ts20201130T174446:ConnectionNode:IfcRelVoidsElement {GlobalId:"2idC...
2024-11-17 19:29:19,957: neo4j_middleware.neo4jConnector: [neo4j_connector] Running query: MERGE(n23564:ts20201130T174446:SecondaryNode:IfcAxis2Placement3D {p21_id:23564, ...
2024-11-17 19:29:19,973: neo4j_middleware.neo4jConnector: [neo4j_connector] Query delta: <neo4j._sync.work.result.Result object at 0x00000228B2802040>
2024-11-17 19:29:20,001: neo4j_middleware.neo4jConnector: [neo4j_connector] Query delta: <neo4j._sync.work.result.Result object at 0x0000029FD523DC40>
2024-11-17 19:29:20,017: neo4j_middleware.neo4jConnector: [neo4j_connector] Received response. 
2024-11-17 19:29:20,048: neo4j_middleware.neo4jConnector: [neo4j_connector] Received response. 
2024-11-17 19:29:20,080: neo4j_middleware.neo4jConnector: [neo4j_connector] Running query: MERGE(n22914:ts20201130T174446:SecondaryNode:IfcAxis2Placement3D {p21_id:22914, ...
2024-11-17 19:29:20,097: neo4j_middleware.neo4jConnector: [neo4j_connector] Running query: MERGE(n23562:ts20201130T174446:SecondaryNode:IfcCartesianPoint {Coordinates:"(1....
2024-11-17 19:29:20,143: neo4j_middleware.neo4jConnector: [neo4j_connector] Query delta: <neo4j._sync.work.result.Result object at 0x00000228B2D7CB50>
2024-11-17 19:29:20,158: neo4j_middleware.neo4jConnector: [neo4j_connector] Query delta: <neo4j._sync.work.result.Result object at 0x0000029FD4CD9AF0>
2024-11-17 19:29:20,190: neo4j_middleware.neo4jConnector: [neo4j_connector] Received response. 
2024-11-17 19:29:20,197: neo4j_middleware.neo4jConnector: [neo4j_connector] Received response. 
2024-11-17 19:29:20,237: neo4j_middleware.neo4jConnector: [neo4j_connector] Running query: MERGE(n22912:ts20201130T174446:SecondaryNode:IfcCartesianPoint {Coordinates:"(2....
2024-11-17 19:29:20,253: neo4j_middleware.neo4jConnector: [neo4j_connector] Running query: MERGE(n23560:ts20201130T174446:SecondaryNode:IfcAxis2Placement3D {p21_id:23560, ...
2024-11-17 19:29:20,310: neo4j_middleware.neo4jConnector: [neo4j_connector] Query delta: <neo4j._sync.work.result.Result object at 0x00000228B2D6DA90>
2024-11-17 19:29:20,310: neo4j_middleware.neo4jConnector: [neo4j_connector] Query delta: <neo4j._sync.work.result.Result object at 0x0000029FD4CD6B80>
2024-11-17 19:29:20,341: neo4j_middleware.neo4jConnector: [neo4j_connector] Received response. 
2024-11-17 19:29:20,341: neo4j_middleware.neo4jConnector: [neo4j_connector] Received response. 
2024-11-17 19:29:20,404: neo4j_middleware.neo4jConnector: [neo4j_connector] Running query: MERGE(n23558:ts20201130T174446:SecondaryNode:IfcCartesianPoint {Coordinates:"(1....
2024-11-17 19:29:20,404: neo4j_middleware.neo4jConnector: [neo4j_connector] Running query: MERGE(n22910:ts20201130T174446:SecondaryNode:IfcAxis2Placement3D {p21_id:22910, ...
2024-11-17 19:29:20,451: neo4j_middleware.neo4jConnector: [neo4j_connector] Query delta: <neo4j._sync.work.result.Result object at 0x0000029FD4CCFEB0>
2024-11-17 19:29:20,467: neo4j_middleware.neo4jConnector: [neo4j_connector] Query delta: <neo4j._sync.work.result.Result object at 0x00000228B2D7CE80>
2024-11-17 19:29:20,482: neo4j_middleware.neo4jConnector: [neo4j_connector] Received response. 
2024-11-17 19:29:20,498: neo4j_middleware.neo4jConnector: [neo4j_connector] Received response. 
2024-11-17 19:29:20,552: neo4j_middleware.neo4jConnector: [neo4j_connector] Running query: MERGE(n23554:ts20201130T174446:SecondaryNode:IfcShapeRepresentation {Representat...
2024-11-17 19:29:20,568: neo4j_middleware.neo4jConnector: [neo4j_connector] Running query: MERGE(n22904:ts20201130T174446:SecondaryNode:IfcShapeRepresentation {Representat...
2024-11-17 19:29:20,600: neo4j_middleware.neo4jConnector: [neo4j_connector] Query delta: <neo4j._sync.work.result.Result object at 0x0000029FD4CD6EE0>
2024-11-17 19:29:20,615: neo4j_middleware.neo4jConnector: [neo4j_connector] Query delta: <neo4j._sync.work.result.Result object at 0x00000228B2D69CA0>
2024-11-17 19:29:20,631: neo4j_middleware.neo4jConnector: [neo4j_connector] Received response. 
2024-11-17 19:29:20,662: neo4j_middleware.neo4jConnector: [neo4j_connector] Received response. 
2024-11-17 19:29:20,699: neo4j_middleware.neo4jConnector: [neo4j_connector] Running query: MERGE(n23550:ts20201130T174446:PrimaryNode:IfcMember {GlobalId:"1s5utE$rDDfRKgzV...
2024-11-17 19:29:20,725: neo4j_middleware.neo4jConnector: [neo4j_connector] Running query: MERGE(n22903:ts20201130T174446:SecondaryNode:IfcMappedItem {p21_id:22903, Entity...
2024-11-17 19:29:20,757: neo4j_middleware.neo4jConnector: [neo4j_connector] Query delta: <neo4j._sync.work.result.Result object at 0x0000029FD523D640>
2024-11-17 19:29:20,784: neo4j_middleware.neo4jConnector: [neo4j_connector] Query delta: <neo4j._sync.work.result.Result object at 0x00000228B2804BB0>
2024-11-17 19:29:20,794: neo4j_middleware.neo4jConnector: [neo4j_connector] Received response. 
2024-11-17 19:29:20,809: neo4j_middleware.neo4jConnector: [neo4j_connector] Received response. 
2024-11-17 19:29:20,856: neo4j_middleware.neo4jConnector: [neo4j_connector] Running query: MERGE(n23537:ts20201130T174446:SecondaryNode:IfcMappedItem {p21_id:23537, Entity...
2024-11-17 19:29:20,872: neo4j_middleware.neo4jConnector: [neo4j_connector] Running query: MERGE(n22899:ts20201130T174446:SecondaryNode:IfcLocalPlacement {p21_id:22899, En...
2024-11-17 19:29:20,903: neo4j_middleware.neo4jConnector: [neo4j_connector] Query delta: <neo4j._sync.work.result.Result object at 0x0000029FD4CCE130>
2024-11-17 19:29:20,934: neo4j_middleware.neo4jConnector: [neo4j_connector] Received response. 
2024-11-17 19:29:20,950: neo4j_middleware.neo4jConnector: [neo4j_connector] Query delta: <neo4j._sync.work.result.Result object at 0x00000228B2D73E20>
2024-11-17 19:29:20,981: neo4j_middleware.neo4jConnector: [neo4j_connector] Received response. 
2024-11-17 19:29:20,999: neo4j_middleware.neo4jConnector: [neo4j_connector] Running query: MERGE(n23534:ts20201130T174446:PrimaryNode:IfcMember {GlobalId:"1s5utE$rDDfRKgzV...
2024-11-17 19:29:21,046: neo4j_middleware.neo4jConnector: [neo4j_connector] Running query: MERGE(n22892:ts20201130T174446:SecondaryNode:IfcCartesianPoint {Coordinates:"(0....
2024-11-17 19:29:21,099: neo4j_middleware.neo4jConnector: [neo4j_connector] Query delta: <neo4j._sync.work.result.Result object at 0x0000029FD4CCEB20>
2024-11-17 19:29:21,105: neo4j_middleware.neo4jConnector: [neo4j_connector] Query delta: <neo4j._sync.work.result.Result object at 0x00000228B2802DF0>
2024-11-17 19:29:21,136: neo4j_middleware.neo4jConnector: [neo4j_connector] Received response. 
2024-11-17 19:29:21,152: neo4j_middleware.neo4jConnector: [neo4j_connector] Received response. 
2024-11-17 19:29:21,199: neo4j_middleware.neo4jConnector: [neo4j_connector] Running query: MERGE(n25026:ts20201130T174446:SecondaryNode:IfcLocalPlacement {p21_id:25026, En...
2024-11-17 19:29:21,215: neo4j_middleware.neo4jConnector: [neo4j_connector] Running query: MERGE(n22888:ts20201130T174446:SecondaryNode:IfcShapeRepresentation {Representat...
2024-11-17 19:29:21,262: neo4j_middleware.neo4jConnector: [neo4j_connector] Query delta: <neo4j._sync.work.result.Result object at 0x0000029FD4CCF7F0>
2024-11-17 19:29:21,281: neo4j_middleware.neo4jConnector: [neo4j_connector] Query delta: <neo4j._sync.work.result.Result object at 0x00000228B2D7C220>
2024-11-17 19:29:21,301: neo4j_middleware.neo4jConnector: [neo4j_connector] Received response. 
2024-11-17 19:29:21,317: neo4j_middleware.neo4jConnector: [neo4j_connector] Received response. 
2024-11-17 19:29:21,348: neo4j_middleware.neo4jConnector: [neo4j_connector] Running query: MERGE(n23532:ts20201130T174446:SecondaryNode:IfcAxis2Placement3D {p21_id:23532, ...
2024-11-17 19:29:21,379: neo4j_middleware.neo4jConnector: [neo4j_connector] Running query: MERGE(n22884:ts20201130T174446:PrimaryNode:IfcPlate {GlobalId:"1s5utE$rDDfRKgzV6...
2024-11-17 19:29:21,411: neo4j_middleware.neo4jConnector: [neo4j_connector] Query delta: <neo4j._sync.work.result.Result object at 0x0000029FD523DC70>
2024-11-17 19:29:21,442: neo4j_middleware.neo4jConnector: [neo4j_connector] Received response. 
2024-11-17 19:29:21,442: neo4j_middleware.neo4jConnector: [neo4j_connector] Query delta: <neo4j._sync.work.result.Result object at 0x00000228B281F070>
2024-11-17 19:29:21,489: neo4j_middleware.neo4jConnector: [neo4j_connector] Received response. 
2024-11-17 19:29:21,500: neo4j_middleware.neo4jConnector: [neo4j_connector] Running query: MERGE(n23528:ts20201130T174446:SecondaryNode:IfcAxis2Placement3D {p21_id:23528, ...
2024-11-17 19:29:21,552: neo4j_middleware.neo4jConnector: [neo4j_connector] Running query: MERGE(n22882:ts20201130T174446:SecondaryNode:IfcAxis2Placement3D {p21_id:22882, ...
2024-11-17 19:29:21,552: neo4j_middleware.neo4jConnector: [neo4j_connector] Query delta: <neo4j._sync.work.result.Result object at 0x0000029FD5239E20>
2024-11-17 19:29:21,578: neo4j_middleware.neo4jConnector: [neo4j_connector] Received response. 
2024-11-17 19:29:21,609: neo4j_middleware.neo4jConnector: [neo4j_connector] Query delta: <neo4j._sync.work.result.Result object at 0x00000228B2D7CEB0>
2024-11-17 19:29:21,641: neo4j_middleware.neo4jConnector: [neo4j_connector] Running query: MERGE(n23524:ts20201130T174446:SecondaryNode:IfcProductDefinitionShape {Name:"No...
2024-11-17 19:29:21,641: neo4j_middleware.neo4jConnector: [neo4j_connector] Received response. 
2024-11-17 19:29:21,704: neo4j_middleware.neo4jConnector: [neo4j_connector] Query delta: <neo4j._sync.work.result.Result object at 0x0000029FD4CD6490>
2024-11-17 19:29:21,704: neo4j_middleware.neo4jConnector: [neo4j_connector] Running query: MERGE(n22880:ts20201130T174446:SecondaryNode:IfcCartesianPoint {Coordinates:"(-1...
2024-11-17 19:29:21,735: neo4j_middleware.neo4jConnector: [neo4j_connector] Received response. 
2024-11-17 19:29:21,773: neo4j_middleware.neo4jConnector: [neo4j_connector] Query delta: <neo4j._sync.work.result.Result object at 0x00000228B28023A0>
2024-11-17 19:29:21,803: neo4j_middleware.neo4jConnector: [neo4j_connector] Running query: MERGE(n23522:ts20201130T174446:SecondaryNode:IfcShapeRepresentation {Representat...
2024-11-17 19:29:21,803: neo4j_middleware.neo4jConnector: [neo4j_connector] Received response. 
2024-11-17 19:29:21,850: neo4j_middleware.neo4jConnector: [neo4j_connector] Query delta: <neo4j._sync.work.result.Result object at 0x0000029FD523D850>
2024-11-17 19:29:21,865: neo4j_middleware.neo4jConnector: [neo4j_connector] Running query: MERGE(n25091:ts20201130T174446:SecondaryNode:IfcCartesianPoint {Coordinates:"(1....
2024-11-17 19:29:21,881: neo4j_middleware.neo4jConnector: [neo4j_connector] Received response. 
2024-11-17 19:29:21,928: neo4j_middleware.neo4jConnector: [neo4j_connector] Query delta: <neo4j._sync.work.result.Result object at 0x00000228B2804310>
2024-11-17 19:29:21,975: neo4j_middleware.neo4jConnector: [neo4j_connector] Running query: MERGE(n23514:ts20201130T174446:SecondaryNode:IfcCartesianPoint {Coordinates:"(3....
2024-11-17 19:29:21,975: neo4j_middleware.neo4jConnector: [neo4j_connector] Received response. 
2024-11-17 19:29:22,023: neo4j_middleware.neo4jConnector: [neo4j_connector] Query delta: <neo4j._sync.work.result.Result object at 0x0000029FD4CCE580>
2024-11-17 19:29:22,038: neo4j_middleware.neo4jConnector: [neo4j_connector] Running query: MERGE(n22874:ts20201130T174446:SecondaryNode:IfcProductDefinitionShape {Name:"No...
2024-11-17 19:29:22,054: neo4j_middleware.neo4jConnector: [neo4j_connector] Received response. 
2024-11-17 19:29:22,107: neo4j_middleware.neo4jConnector: [neo4j_connector] Query delta: <neo4j._sync.work.result.Result object at 0x00000228B2D73BE0>
2024-11-17 19:29:22,113: neo4j_middleware.neo4jConnector: [neo4j_connector] Running query: MERGE(n23513:ts20201130T174446:SecondaryNode:IfcLocalPlacement {p21_id:23513, En...
2024-11-17 19:29:22,144: neo4j_middleware.neo4jConnector: [neo4j_connector] Received response. 
2024-11-17 19:29:22,160: neo4j_middleware.neo4jConnector: [neo4j_connector] Query delta: <neo4j._sync.work.result.Result object at 0x0000029FD4CEB160>
2024-11-17 19:29:22,207: neo4j_middleware.neo4jConnector: [neo4j_connector] Running query: MERGE(n22867:ts20201130T174446:SecondaryNode:IfcLocalPlacement {p21_id:22867, En...
2024-11-17 19:29:22,207: neo4j_middleware.neo4jConnector: [neo4j_connector] Received response. 
2024-11-17 19:29:22,254: neo4j_middleware.neo4jConnector: [neo4j_connector] Query delta: <neo4j._sync.work.result.Result object at 0x00000228B2D7C4C0>
2024-11-17 19:29:22,274: neo4j_middleware.neo4jConnector: [neo4j_connector] Running query: MERGE(n23505:ts20201130T174446:SecondaryNode:IfcMappedItem {p21_id:23505, Entity...
2024-11-17 19:29:22,302: neo4j_middleware.neo4jConnector: [neo4j_connector] Received response. 
2024-11-17 19:29:22,325: neo4j_middleware.neo4jConnector: [neo4j_connector] Query delta: <neo4j._sync.work.result.Result object at 0x0000029FD4CCF760>
2024-11-17 19:29:22,356: neo4j_middleware.neo4jConnector: [neo4j_connector] Received response. 
2024-11-17 19:29:22,372: neo4j_middleware.neo4jConnector: [neo4j_connector] Running query: MERGE(n22866:ts20201130T174446:SecondaryNode:IfcAxis2Placement3D {p21_id:22866, ...
2024-11-17 19:29:22,419: neo4j_middleware.neo4jConnector: [neo4j_connector] Running query: MERGE(n23502:ts20201130T174446:PrimaryNode:IfcMember {GlobalId:"1s5utE$rDDfRKgzV...
2024-11-17 19:29:22,435: neo4j_middleware.neo4jConnector: [neo4j_connector] Query delta: <neo4j._sync.work.result.Result object at 0x00000228B2D6DBE0>
2024-11-17 19:29:22,481: neo4j_middleware.neo4jConnector: [neo4j_connector] Received response. 
2024-11-17 19:29:22,497: neo4j_middleware.neo4jConnector: [neo4j_connector] Query delta: <neo4j._sync.work.result.Result object at 0x0000029FD523D5E0>
2024-11-17 19:29:22,529: neo4j_middleware.neo4jConnector: [neo4j_connector] Received response. 
2024-11-17 19:29:22,545: neo4j_middleware.neo4jConnector: [neo4j_connector] Running query: MERGE(n25093:ts20201130T174446:SecondaryNode:IfcAxis2Placement2D {p21_id:25093, ...
2024-11-17 19:29:22,591: neo4j_middleware.neo4jConnector: [neo4j_connector] Running query: MERGE(n23498:ts20201130T174446:SecondaryNode:IfcCartesianPoint {Coordinates:"(1....
2024-11-17 19:29:22,608: neo4j_middleware.neo4jConnector: [neo4j_connector] Query delta: <neo4j._sync.work.result.Result object at 0x00000228B281F2E0>
2024-11-17 19:29:22,647: neo4j_middleware.neo4jConnector: [neo4j_connector] Received response. 
2024-11-17 19:29:22,658: neo4j_middleware.neo4jConnector: [neo4j_connector] Query delta: <neo4j._sync.work.result.Result object at 0x0000029FD4CD6EB0>
2024-11-17 19:29:22,693: neo4j_middleware.neo4jConnector: [neo4j_connector] Received response. 
2024-11-17 19:29:22,709: neo4j_middleware.neo4jConnector: [neo4j_connector] Running query: MERGE(n22862:ts20201130T174446:SecondaryNode:IfcAxis2Placement3D {p21_id:22862, ...
2024-11-17 19:29:22,756: neo4j_middleware.neo4jConnector: [neo4j_connector] Running query: MERGE(n23494:ts20201130T174446:SecondaryNode:IfcCartesianPoint {Coordinates:"(1....
2024-11-17 19:29:22,784: neo4j_middleware.neo4jConnector: [neo4j_connector] Query delta: <neo4j._sync.work.result.Result object at 0x00000228B2D7CF40>
2024-11-17 19:29:22,809: neo4j_middleware.neo4jConnector: [neo4j_connector] Query delta: <neo4j._sync.work.result.Result object at 0x0000029FD4CD62E0>
2024-11-17 19:29:22,809: neo4j_middleware.neo4jConnector: [neo4j_connector] Received response. 
2024-11-17 19:29:22,841: neo4j_middleware.neo4jConnector: [neo4j_connector] Received response. 
2024-11-17 19:29:22,888: neo4j_middleware.neo4jConnector: [neo4j_connector] Running query: MERGE(n22858:ts20201130T174446:SecondaryNode:IfcProductDefinitionShape {Name:"No...
2024-11-17 19:29:22,903: neo4j_middleware.neo4jConnector: [neo4j_connector] Running query: MERGE(n23492:ts20201130T174446:SecondaryNode:IfcProductDefinitionShape {Name:"No...
2024-11-17 19:29:22,950: neo4j_middleware.neo4jConnector: [neo4j_connector] Query delta: <neo4j._sync.work.result.Result object at 0x00000228B2802790>
2024-11-17 19:29:22,950: neo4j_middleware.neo4jConnector: [neo4j_connector] Query delta: <neo4j._sync.work.result.Result object at 0x0000029FD4CCF160>
2024-11-17 19:29:22,981: neo4j_middleware.neo4jConnector: [neo4j_connector] Received response. 
2024-11-17 19:29:22,981: neo4j_middleware.neo4jConnector: [neo4j_connector] Received response. 
2024-11-17 19:29:23,044: neo4j_middleware.neo4jConnector: [neo4j_connector] Running query: MERGE(n23490:ts20201130T174446:SecondaryNode:IfcShapeRepresentation {Representat...
2024-11-17 19:29:23,044: neo4j_middleware.neo4jConnector: [neo4j_connector] Running query: MERGE(n22852:ts20201130T174446:PrimaryNode:IfcPlate {GlobalId:"1s5utE$rDDfRKgzV6...
2024-11-17 19:29:23,107: neo4j_middleware.neo4jConnector: [neo4j_connector] Query delta: <neo4j._sync.work.result.Result object at 0x0000029FD4CCE7C0>
2024-11-17 19:29:23,123: neo4j_middleware.neo4jConnector: [neo4j_connector] Query delta: <neo4j._sync.work.result.Result object at 0x00000228B2D73AC0>
2024-11-17 19:29:23,139: neo4j_middleware.neo4jConnector: [neo4j_connector] Received response. 
2024-11-17 19:29:23,154: neo4j_middleware.neo4jConnector: [neo4j_connector] Received response. 
2024-11-17 19:29:23,204: neo4j_middleware.neo4jConnector: [neo4j_connector] Running query: MERGE(n23484:ts20201130T174446:SecondaryNode:IfcPropertySet {GlobalId:"0Plg56YDH...
2024-11-17 19:29:23,214: neo4j_middleware.neo4jConnector: [neo4j_connector] Running query: MERGE(n22851:ts20201130T174446:SecondaryNode:IfcLocalPlacement {p21_id:22851, En...
2024-11-17 19:29:23,261: neo4j_middleware.neo4jConnector: [neo4j_connector] Query delta: <neo4j._sync.work.result.Result object at 0x0000029FD4CEBA30>
2024-11-17 19:29:23,280: neo4j_middleware.neo4jConnector: [neo4j_connector] Query delta: <neo4j._sync.work.result.Result object at 0x00000228B2802580>
2024-11-17 19:29:23,295: neo4j_middleware.neo4jConnector: [neo4j_connector] Received response. 
2024-11-17 19:29:23,304: neo4j_middleware.neo4jConnector: [neo4j_connector] Received response. 
2024-11-17 19:29:23,349: neo4j_middleware.neo4jConnector: [neo4j_connector] Running query: MERGE(n23479:ts20201130T174446:PrimaryNode:IfcMember {GlobalId:"1s5utE$rDDfRKgzV...
2024-11-17 19:29:23,364: neo4j_middleware.neo4jConnector: [neo4j_connector] Running query: MERGE(n22850:ts20201130T174446:SecondaryNode:IfcAxis2Placement3D {p21_id:22850, ...
2024-11-17 19:29:23,412: neo4j_middleware.neo4jConnector: [neo4j_connector] Query delta: <neo4j._sync.work.result.Result object at 0x0000029FD4CCEAC0>
2024-11-17 19:29:23,428: neo4j_middleware.neo4jConnector: [neo4j_connector] Query delta: <neo4j._sync.work.result.Result object at 0x00000228B2D7C6D0>
2024-11-17 19:29:23,443: neo4j_middleware.neo4jConnector: [neo4j_connector] Received response. 
2024-11-17 19:29:23,459: neo4j_middleware.neo4jConnector: [neo4j_connector] Received response. 
2024-11-17 19:29:23,506: neo4j_middleware.neo4jConnector: [neo4j_connector] Running query: MERGE(n25032:ts20201130T174446:ConnectionNode:IfcRelFillsElement {GlobalId:"3lnV...
2024-11-17 19:29:23,522: neo4j_middleware.neo4jConnector: [neo4j_connector] Running query: MERGE(n22848:ts20201130T174446:SecondaryNode:IfcCartesianPoint {Coordinates:"(2....
2024-11-17 19:29:23,569: neo4j_middleware.neo4jConnector: [neo4j_connector] Query delta: <neo4j._sync.work.result.Result object at 0x00000228B2D6D130>
2024-11-17 19:29:23,569: neo4j_middleware.neo4jConnector: [neo4j_connector] Query delta: <neo4j._sync.work.result.Result object at 0x0000029FD523D100>
2024-11-17 19:29:23,605: neo4j_middleware.neo4jConnector: [neo4j_connector] Received response. 
2024-11-17 19:29:23,616: neo4j_middleware.neo4jConnector: [neo4j_connector] Received response. 
2024-11-17 19:29:23,678: neo4j_middleware.neo4jConnector: [neo4j_connector] Running query: MERGE(n23477:ts20201130T174446:SecondaryNode:IfcAxis2Placement3D {p21_id:23477, ...
2024-11-17 19:29:23,698: neo4j_middleware.neo4jConnector: [neo4j_connector] Running query: MERGE(n25094:ts20201130T174446:SecondaryNode:IfcRectangleProfileDef {ProfileType...
2024-11-17 19:29:23,750: neo4j_middleware.neo4jConnector: [neo4j_connector] Query delta: <neo4j._sync.work.result.Result object at 0x0000029FD4CD6370>
2024-11-17 19:29:23,773: neo4j_middleware.neo4jConnector: [neo4j_connector] Query delta: <neo4j._sync.work.result.Result object at 0x00000228B2863D00>
2024-11-17 19:29:23,795: neo4j_middleware.neo4jConnector: [neo4j_connector] Received response. 
2024-11-17 19:29:23,839: neo4j_middleware.neo4jConnector: [neo4j_connector] Received response. 
2024-11-17 19:29:23,863: neo4j_middleware.neo4jConnector: [neo4j_connector] Running query: MERGE(n23475:ts20201130T174446:SecondaryNode:IfcCartesianPoint {Coordinates:"(-0...
2024-11-17 19:29:23,912: neo4j_middleware.neo4jConnector: [neo4j_connector] Running query: MERGE(n22844:ts20201130T174446:SecondaryNode:IfcCartesianPoint {Coordinates:"(2....
2024-11-17 19:29:23,947: neo4j_middleware.neo4jConnector: [neo4j_connector] Query delta: <neo4j._sync.work.result.Result object at 0x0000029FD523DE50>
2024-11-17 19:29:23,967: neo4j_middleware.neo4jConnector: [neo4j_connector] Query delta: <neo4j._sync.work.result.Result object at 0x00000228B2D6DAF0>
2024-11-17 19:29:23,985: neo4j_middleware.neo4jConnector: [neo4j_connector] Received response. 
2024-11-17 19:29:24,009: neo4j_middleware.neo4jConnector: [neo4j_connector] Received response. 
2024-11-17 19:29:24,051: neo4j_middleware.neo4jConnector: [neo4j_connector] Running query: MERGE(n23469:ts20201130T174446:SecondaryNode:IfcProductDefinitionShape {Name:"No...
2024-11-17 19:29:24,071: neo4j_middleware.neo4jConnector: [neo4j_connector] Running query: MERGE(n22839:ts20201130T174446:SecondaryNode:IfcMappedItem {p21_id:22839, Entity...
2024-11-17 19:29:24,106: neo4j_middleware.neo4jConnector: [neo4j_connector] Query delta: <neo4j._sync.work.result.Result object at 0x0000029FD4CCF730>
2024-11-17 19:29:24,127: neo4j_middleware.neo4jConnector: [neo4j_connector] Query delta: <neo4j._sync.work.result.Result object at 0x00000228B2D69EB0>
2024-11-17 19:29:24,141: neo4j_middleware.neo4jConnector: [neo4j_connector] Received response. 
2024-11-17 19:29:24,169: neo4j_middleware.neo4jConnector: [neo4j_connector] Received response. 
2024-11-17 19:29:24,206: neo4j_middleware.neo4jConnector: [neo4j_connector] Running query: MERGE(n23462:ts20201130T174446:SecondaryNode:IfcRepresentationMap {p21_id:23462,...
2024-11-17 19:29:24,225: neo4j_middleware.neo4jConnector: [neo4j_connector] Running query: MERGE(n22835:ts20201130T174446:SecondaryNode:IfcLocalPlacement {p21_id:22835, En...
2024-11-17 19:29:24,252: neo4j_middleware.neo4jConnector: [neo4j_connector] Query delta: <neo4j._sync.work.result.Result object at 0x0000029FD4CCD730>
2024-11-17 19:29:24,276: neo4j_middleware.neo4jConnector: [neo4j_connector] Query delta: <neo4j._sync.work.result.Result object at 0x00000228B27CEB20>
2024-11-17 19:29:24,280: neo4j_middleware.neo4jConnector: [neo4j_connector] Received response. 
2024-11-17 19:29:24,315: neo4j_middleware.neo4jConnector: [neo4j_connector] Received response. 
2024-11-17 19:29:24,342: neo4j_middleware.neo4jConnector: [neo4j_connector] Running query: MERGE(n23461:ts20201130T174446:SecondaryNode:IfcAxis2Placement3D {p21_id:23461, ...
2024-11-17 19:29:24,391: neo4j_middleware.neo4jConnector: [neo4j_connector] Running query: MERGE(n22832:ts20201130T174446:SecondaryNode:IfcCartesianPoint {Coordinates:"(0....
2024-11-17 19:29:24,398: neo4j_middleware.neo4jConnector: [neo4j_connector] Query delta: <neo4j._sync.work.result.Result object at 0x0000029FD4CEB0A0>
2024-11-17 19:29:24,432: neo4j_middleware.neo4jConnector: [neo4j_connector] Received response. 
2024-11-17 19:29:24,460: neo4j_middleware.neo4jConnector: [neo4j_connector] Query delta: <neo4j._sync.work.result.Result object at 0x00000228B2802340>
2024-11-17 19:29:24,495: neo4j_middleware.neo4jConnector: [neo4j_connector] Received response. 
2024-11-17 19:29:24,495: neo4j_middleware.neo4jConnector: [neo4j_connector] Running query: MERGE(n23454:ts20201130T174446:SecondaryNode:IfcAxis2Placement3D {p21_id:23454, ...
2024-11-17 19:29:24,557: neo4j_middleware.neo4jConnector: [neo4j_connector] Query delta: <neo4j._sync.work.result.Result object at 0x0000029FD4CCE6D0>
2024-11-17 19:29:24,571: neo4j_middleware.neo4jConnector: [neo4j_connector] Running query: MERGE(n22828:ts20201130T174446:SecondaryNode:IfcCartesianPoint {Coordinates:"(0....
2024-11-17 19:29:24,593: neo4j_middleware.neo4jConnector: [neo4j_connector] Received response. 
2024-11-17 19:29:24,641: neo4j_middleware.neo4jConnector: [neo4j_connector] Query delta: <neo4j._sync.work.result.Result object at 0x00000228B2D7CB50>
2024-11-17 19:29:24,658: neo4j_middleware.neo4jConnector: [neo4j_connector] Running query: MERGE(n23439:ts20201130T174446:SecondaryNode:IfcPropertySet {GlobalId:"3s1vdxP_z...
2024-11-17 19:29:24,668: neo4j_middleware.neo4jConnector: [neo4j_connector] Received response. 
2024-11-17 19:29:24,716: neo4j_middleware.neo4jConnector: [neo4j_connector] Query delta: <neo4j._sync.work.result.Result object at 0x0000029FD523DEB0>
2024-11-17 19:29:24,749: neo4j_middleware.neo4jConnector: [neo4j_connector] Running query: MERGE(n22824:ts20201130T174446:SecondaryNode:IfcShapeRepresentation {Representat...
2024-11-17 19:29:24,759: neo4j_middleware.neo4jConnector: [neo4j_connector] Received response. 
2024-11-17 19:29:24,807: neo4j_middleware.neo4jConnector: [neo4j_connector] Query delta: <neo4j._sync.work.result.Result object at 0x00000228B281F880>
2024-11-17 19:29:24,817: neo4j_middleware.neo4jConnector: [neo4j_connector] Running query: MERGE(n25039:ts20201130T174446:SecondaryNode:IfcCartesianPoint {Coordinates:"(1....
2024-11-17 19:29:24,849: neo4j_middleware.neo4jConnector: [neo4j_connector] Received response. 
2024-11-17 19:29:24,884: neo4j_middleware.neo4jConnector: [neo4j_connector] Query delta: <neo4j._sync.work.result.Result object at 0x0000029FD4CD6970>
2024-11-17 19:29:24,917: neo4j_middleware.neo4jConnector: [neo4j_connector] Received response. 
2024-11-17 19:29:24,922: neo4j_middleware.neo4jConnector: [neo4j_connector] Running query: MERGE(n22820:ts20201130T174446:PrimaryNode:IfcPlate {GlobalId:"1s5utE$rDDfRKgzV6...
2024-11-17 19:29:24,976: neo4j_middleware.neo4jConnector: [neo4j_connector] Running query: MERGE(n23434:ts20201130T174446:SecondaryNode:IfcAxis2Placement3D {p21_id:23434, ...
2024-11-17 19:29:24,989: neo4j_middleware.neo4jConnector: [neo4j_connector] Query delta: <neo4j._sync.work.result.Result object at 0x00000228B28635E0>
2024-11-17 19:29:25,022: neo4j_middleware.neo4jConnector: [neo4j_connector] Received response. 
2024-11-17 19:29:25,030: neo4j_middleware.neo4jConnector: [neo4j_connector] Query delta: <neo4j._sync.work.result.Result object at 0x0000029FD523D670>
2024-11-17 19:29:25,067: neo4j_middleware.neo4jConnector: [neo4j_connector] Received response. 
2024-11-17 19:29:25,078: neo4j_middleware.neo4jConnector: [neo4j_connector] Running query: MERGE(n22818:ts20201130T174446:SecondaryNode:IfcAxis2Placement3D {p21_id:22818, ...
2024-11-17 19:29:25,130: neo4j_middleware.neo4jConnector: [neo4j_connector] Running query: MERGE(n23432:ts20201130T174446:SecondaryNode:IfcCartesianPoint {Coordinates:"(-2...
2024-11-17 19:29:25,133: neo4j_middleware.neo4jConnector: [neo4j_connector] Query delta: <neo4j._sync.work.result.Result object at 0x00000228B2D6D7C0>
2024-11-17 19:29:25,169: neo4j_middleware.neo4jConnector: [neo4j_connector] Received response. 
2024-11-17 19:29:25,183: neo4j_middleware.neo4jConnector: [neo4j_connector] Query delta: <neo4j._sync.work.result.Result object at 0x0000029FD4C4DBB0>
2024-11-17 19:29:25,217: neo4j_middleware.neo4jConnector: [neo4j_connector] Received response. 
2024-11-17 19:29:25,225: neo4j_middleware.neo4jConnector: [neo4j_connector] Running query: MERGE(n25096:ts20201130T174446:SecondaryNode:IfcExtrudedAreaSolid {Depth:0.1, p2...
2024-11-17 19:29:25,286: neo4j_middleware.neo4jConnector: [neo4j_connector] Running query: MERGE(n23430:ts20201130T174446:SecondaryNode:IfcAxis2Placement3D {p21_id:23430, ...
2024-11-17 19:29:25,294: neo4j_middleware.neo4jConnector: [neo4j_connector] Query delta: <neo4j._sync.work.result.Result object at 0x00000228B2D7CFA0>
2024-11-17 19:29:25,322: neo4j_middleware.neo4jConnector: [neo4j_connector] Received response. 
2024-11-17 19:29:25,391: neo4j_middleware.neo4jConnector: [neo4j_connector] Running query: MERGE(n22814:ts20201130T174446:SecondaryNode:IfcAxis2Placement3D {p21_id:22814, ...
2024-11-17 19:29:25,398: neo4j_middleware.neo4jConnector: [neo4j_connector] Query delta: <neo4j._sync.work.result.Result object at 0x0000029FD4CCE070>
2024-11-17 19:29:25,425: neo4j_middleware.neo4jConnector: [neo4j_connector] Received response. 
2024-11-17 19:29:25,488: neo4j_middleware.neo4jConnector: [neo4j_connector] Query delta: <neo4j._sync.work.result.Result object at 0x00000228B2D73520>
2024-11-17 19:29:25,537: neo4j_middleware.neo4jConnector: [neo4j_connector] Running query: MERGE(n23428:ts20201130T174446:SecondaryNode:IfcCartesianPoint {Coordinates:"(-2...
2024-11-17 19:29:25,543: neo4j_middleware.neo4jConnector: [neo4j_connector] Received response. 
2024-11-17 19:29:25,607: neo4j_middleware.neo4jConnector: [neo4j_connector] Running query: MERGE(n22810:ts20201130T174446:SecondaryNode:IfcProductDefinitionShape {Name:"No...
2024-11-17 19:29:25,613: neo4j_middleware.neo4jConnector: [neo4j_connector] Query delta: <neo4j._sync.work.result.Result object at 0x0000029FD4CD94C0>
2024-11-17 19:29:25,648: neo4j_middleware.neo4jConnector: [neo4j_connector] Received response. 
2024-11-17 19:29:25,668: neo4j_middleware.neo4jConnector: [neo4j_connector] Query delta: <neo4j._sync.work.result.Result object at 0x00000228B2802A00>
2024-11-17 19:29:25,703: neo4j_middleware.neo4jConnector: [neo4j_connector] Received response. 
2024-11-17 19:29:25,710: neo4j_middleware.neo4jConnector: [neo4j_connector] Running query: MERGE(n23424:ts20201130T174446:SecondaryNode:IfcShapeRepresentation {Representat...
2024-11-17 19:29:25,770: neo4j_middleware.neo4jConnector: [neo4j_connector] Running query: MERGE(n22807:ts20201130T174446:SecondaryNode:IfcMappedItem {p21_id:22807, Entity...
2024-11-17 19:29:25,774: neo4j_middleware.neo4jConnector: [neo4j_connector] Query delta: <neo4j._sync.work.result.Result object at 0x0000029FD4CCED00>
2024-11-17 19:29:25,803: neo4j_middleware.neo4jConnector: [neo4j_connector] Received response. 
2024-11-17 19:29:25,824: neo4j_middleware.neo4jConnector: [neo4j_connector] Query delta: <neo4j._sync.work.result.Result object at 0x00000228B2D7CC40>
2024-11-17 19:29:25,863: neo4j_middleware.neo4jConnector: [neo4j_connector] Running query: MERGE(n23420:ts20201130T174446:PrimaryNode:IfcMemberType {GlobalId:"0qE8hALen8wR...
2024-11-17 19:29:25,863: neo4j_middleware.neo4jConnector: [neo4j_connector] Received response. 
2024-11-17 19:29:25,933: neo4j_middleware.neo4jConnector: [neo4j_connector] Running query: MERGE(n22803:ts20201130T174446:SecondaryNode:IfcLocalPlacement {p21_id:22803, En...
2024-11-17 19:29:25,933: neo4j_middleware.neo4jConnector: [neo4j_connector] Query delta: <neo4j._sync.work.result.Result object at 0x0000029FD4CCF3D0>
2024-11-17 19:29:25,967: neo4j_middleware.neo4jConnector: [neo4j_connector] Received response. 
2024-11-17 19:29:25,988: neo4j_middleware.neo4jConnector: [neo4j_connector] Query delta: <neo4j._sync.work.result.Result object at 0x00000228B281FF70>
2024-11-17 19:29:26,031: neo4j_middleware.neo4jConnector: [neo4j_connector] Running query: MERGE(n23419:ts20201130T174446:SecondaryNode:IfcRepresentationMap {p21_id:23419,...
2024-11-17 19:29:26,031: neo4j_middleware.neo4jConnector: [neo4j_connector] Received response. 
2024-11-17 19:29:26,086: neo4j_middleware.neo4jConnector: [neo4j_connector] Query delta: <neo4j._sync.work.result.Result object at 0x0000029FD4CD6F70>
2024-11-17 19:29:26,100: neo4j_middleware.neo4jConnector: [neo4j_connector] Running query: MERGE(n22802:ts20201130T174446:SecondaryNode:IfcAxis2Placement3D {p21_id:22802, ...
2024-11-17 19:29:26,120: neo4j_middleware.neo4jConnector: [neo4j_connector] Received response. 
2024-11-17 19:29:26,154: neo4j_middleware.neo4jConnector: [neo4j_connector] Query delta: <neo4j._sync.work.result.Result object at 0x00000228B278D190>
2024-11-17 19:29:26,182: neo4j_middleware.neo4jConnector: [neo4j_connector] Running query: MERGE(n23413:ts20201130T174446:SecondaryNode:IfcStyledItem {Name:"None", p21_id:...
2024-11-17 19:29:26,190: neo4j_middleware.neo4jConnector: [neo4j_connector] Received response. 
2024-11-17 19:29:26,244: neo4j_middleware.neo4jConnector: [neo4j_connector] Query delta: <neo4j._sync.work.result.Result object at 0x0000029FD523DD60>
2024-11-17 19:29:26,259: neo4j_middleware.neo4jConnector: [neo4j_connector] Running query: MERGE(n22794:ts20201130T174446:SecondaryNode:IfcProductDefinitionShape {Name:"No...
2024-11-17 19:29:26,273: neo4j_middleware.neo4jConnector: [neo4j_connector] Received response. 
2024-11-17 19:29:26,315: neo4j_middleware.neo4jConnector: [neo4j_connector] Query delta: <neo4j._sync.work.result.Result object at 0x00000228B2802E50>
2024-11-17 19:29:26,329: neo4j_middleware.neo4jConnector: [neo4j_connector] Running query: MERGE(n23412:ts20201130T174446:SecondaryNode:IfcExtrudedAreaSolid {Depth:1.71250...
2024-11-17 19:29:26,352: neo4j_middleware.neo4jConnector: [neo4j_connector] Received response. 
2024-11-17 19:29:26,397: neo4j_middleware.neo4jConnector: [neo4j_connector] Query delta: <neo4j._sync.work.result.Result object at 0x0000029FD4CCEA30>
2024-11-17 19:29:26,419: neo4j_middleware.neo4jConnector: [neo4j_connector] Running query: MERGE(n22792:ts20201130T174446:SecondaryNode:IfcShapeRepresentation {Representat...
2024-11-17 19:29:26,439: neo4j_middleware.neo4jConnector: [neo4j_connector] Received response. 
2024-11-17 19:29:26,474: neo4j_middleware.neo4jConnector: [neo4j_connector] Query delta: <neo4j._sync.work.result.Result object at 0x00000228B28101C0>
2024-11-17 19:29:26,502: neo4j_middleware.neo4jConnector: [neo4j_connector] Running query: MERGE(n23409:ts20201130T174446:SecondaryNode:IfcCartesianPoint {Coordinates:"(0....
2024-11-17 19:29:26,516: neo4j_middleware.neo4jConnector: [neo4j_connector] Received response. 
2024-11-17 19:29:26,558: neo4j_middleware.neo4jConnector: [neo4j_connector] Query delta: <neo4j._sync.work.result.Result object at 0x0000029FD4CEB670>
2024-11-17 19:29:26,578: neo4j_middleware.neo4jConnector: [neo4j_connector] Running query: MERGE(n22788:ts20201130T174446:PrimaryNode:IfcPlate {GlobalId:"1s5utE$rDDfRKgzV6...
2024-11-17 19:29:26,585: neo4j_middleware.neo4jConnector: [neo4j_connector] Received response. 
2024-11-17 19:29:26,649: neo4j_middleware.neo4jConnector: [neo4j_connector] Query delta: <neo4j._sync.work.result.Result object at 0x00000228B2863610>
2024-11-17 19:29:26,655: neo4j_middleware.neo4jConnector: [neo4j_connector] Running query: MERGE(n23405:ts20201130T174446:SecondaryNode:IfcCartesianPoint {Coordinates:"(0....
2024-11-17 19:29:26,684: neo4j_middleware.neo4jConnector: [neo4j_connector] Received response. 
2024-11-17 19:29:26,737: neo4j_middleware.neo4jConnector: [neo4j_connector] Query delta: <neo4j._sync.work.result.Result object at 0x0000029FD4CD9670>
2024-11-17 19:29:26,752: neo4j_middleware.neo4jConnector: [neo4j_connector] Running query: MERGE(n22784:ts20201130T174446:SecondaryNode:IfcCartesianPoint {Coordinates:"(2....
2024-11-17 19:29:26,766: neo4j_middleware.neo4jConnector: [neo4j_connector] Received response. 
2024-11-17 19:29:26,809: neo4j_middleware.neo4jConnector: [neo4j_connector] Query delta: <neo4j._sync.work.result.Result object at 0x00000228B2863220>
2024-11-17 19:29:26,849: neo4j_middleware.neo4jConnector: [neo4j_connector] Running query: MERGE(n23400:ts20201130T174446:PrimaryNode:IfcMember {GlobalId:"1s5utE$rDDfRKgzV...
2024-11-17 19:29:26,849: neo4j_middleware.neo4jConnector: [neo4j_connector] Received response. 
2024-11-17 19:29:26,918: neo4j_middleware.neo4jConnector: [neo4j_connector] Running query: MERGE(n25099:ts20201130T174446:SecondaryNode:IfcProductDefinitionShape {Name:"No...
2024-11-17 19:29:26,932: neo4j_middleware.neo4jConnector: [neo4j_connector] Query delta: <neo4j._sync.work.result.Result object at 0x0000029FD4CCEDC0>
2024-11-17 19:29:26,960: neo4j_middleware.neo4jConnector: [neo4j_connector] Received response. 
2024-11-17 19:29:26,981: neo4j_middleware.neo4jConnector: [neo4j_connector] Query delta: <neo4j._sync.work.result.Result object at 0x00000228B2D69F40>
2024-11-17 19:29:27,016: neo4j_middleware.neo4jConnector: [neo4j_connector] Received response. 
2024-11-17 19:29:27,030: neo4j_middleware.neo4jConnector: [neo4j_connector] Running query: MERGE(n25042:ts20201130T174446:SecondaryNode:IfcRectangleProfileDef {ProfileType...
2024-11-17 19:29:27,079: neo4j_middleware.neo4jConnector: [neo4j_connector] Running query: MERGE(n22782:ts20201130T174446:SecondaryNode:IfcAxis2Placement3D {p21_id:22782, ...
2024-11-17 19:29:27,086: neo4j_middleware.neo4jConnector: [neo4j_connector] Query delta: <neo4j._sync.work.result.Result object at 0x0000029FD4CCFC10>
2024-11-17 19:29:27,121: neo4j_middleware.neo4jConnector: [neo4j_connector] Received response. 
2024-11-17 19:29:27,135: neo4j_middleware.neo4jConnector: [neo4j_connector] Query delta: <neo4j._sync.work.result.Result object at 0x00000228B2810E50>
2024-11-17 19:29:27,175: neo4j_middleware.neo4jConnector: [neo4j_connector] Received response. 
2024-11-17 19:29:27,181: neo4j_middleware.neo4jConnector: [neo4j_connector] Running query: MERGE(n23398:ts20201130T174446:SecondaryNode:IfcAxis2Placement3D {p21_id:23398, ...
2024-11-17 19:29:27,231: neo4j_middleware.neo4jConnector: [neo4j_connector] Query delta: <neo4j._sync.work.result.Result object at 0x0000029FD523DD90>
2024-11-17 19:29:27,244: neo4j_middleware.neo4jConnector: [neo4j_connector] Running query: MERGE(n22780:ts20201130T174446:SecondaryNode:IfcCartesianPoint {Coordinates:"(2....
2024-11-17 19:29:27,273: neo4j_middleware.neo4jConnector: [neo4j_connector] Received response. 
2024-11-17 19:29:27,302: neo4j_middleware.neo4jConnector: [neo4j_connector] Query delta: <neo4j._sync.work.result.Result object at 0x00000228B278D070>
2024-11-17 19:29:27,338: neo4j_middleware.neo4jConnector: [neo4j_connector] Running query: MERGE(n23394:ts20201130T174446:SecondaryNode:IfcAxis2Placement3D {p21_id:23394, ...
2024-11-17 19:29:27,338: neo4j_middleware.neo4jConnector: [neo4j_connector] Received response. 
2024-11-17 19:29:27,425: neo4j_middleware.neo4jConnector: [neo4j_connector] Running query: MERGE(n22762:ts20201130T174446:SecondaryNode:IfcProductDefinitionShape {Name:"No...
2024-11-17 19:29:27,425: neo4j_middleware.neo4jConnector: [neo4j_connector] Query delta: <neo4j._sync.work.result.Result object at 0x0000029FD4CCF190>
2024-11-17 19:29:27,484: neo4j_middleware.neo4jConnector: [neo4j_connector] Received response. 
2024-11-17 19:29:27,516: neo4j_middleware.neo4jConnector: [neo4j_connector] Query delta: <neo4j._sync.work.result.Result object at 0x00000228B2D7C730>
2024-11-17 19:29:27,553: neo4j_middleware.neo4jConnector: [neo4j_connector] Received response. 
2024-11-17 19:29:27,564: neo4j_middleware.neo4jConnector: [neo4j_connector] Running query: MERGE(n23392:ts20201130T174446:SecondaryNode:IfcCartesianPoint {Coordinates:"(1....
2024-11-17 19:29:27,618: neo4j_middleware.neo4jConnector: [neo4j_connector] Running query: MERGE(n22759:ts20201130T174446:SecondaryNode:IfcMappedItem {p21_id:22759, Entity...
2024-11-17 19:29:27,634: neo4j_middleware.neo4jConnector: [neo4j_connector] Query delta: <neo4j._sync.work.result.Result object at 0x0000029FD523D5E0>
2024-11-17 19:29:27,663: neo4j_middleware.neo4jConnector: [neo4j_connector] Received response. 
2024-11-17 19:29:27,677: neo4j_middleware.neo4jConnector: [neo4j_connector] Query delta: <neo4j._sync.work.result.Result object at 0x00000228B2802A30>
2024-11-17 19:29:27,719: neo4j_middleware.neo4jConnector: [neo4j_connector] Received response. 
2024-11-17 19:29:27,729: neo4j_middleware.neo4jConnector: [neo4j_connector] Running query: MERGE(n23390:ts20201130T174446:SecondaryNode:IfcProductDefinitionShape {Name:"No...
2024-11-17 19:29:27,778: neo4j_middleware.neo4jConnector: [neo4j_connector] Running query: MERGE(n22754:ts20201130T174446:SecondaryNode:IfcPropertySet {GlobalId:"3w21sw63X...
2024-11-17 19:29:27,787: neo4j_middleware.neo4jConnector: [neo4j_connector] Query delta: <neo4j._sync.work.result.Result object at 0x0000029FD4CD90A0>
2024-11-17 19:29:27,822: neo4j_middleware.neo4jConnector: [neo4j_connector] Received response. 
2024-11-17 19:29:27,839: neo4j_middleware.neo4jConnector: [neo4j_connector] Query delta: <neo4j._sync.work.result.Result object at 0x00000228B2863460>
2024-11-17 19:29:27,879: neo4j_middleware.neo4jConnector: [neo4j_connector] Received response. 
2024-11-17 19:29:27,881: neo4j_middleware.neo4jConnector: [neo4j_connector] Running query: MERGE(n23387:ts20201130T174446:SecondaryNode:IfcMappedItem {p21_id:23387, Entity...
2024-11-17 19:29:27,942: neo4j_middleware.neo4jConnector: [neo4j_connector] Running query: MERGE(n22752:ts20201130T174446:SecondaryNode:IfcPropertySet {GlobalId:"29kGyYdTv...
2024-11-17 19:29:27,943: neo4j_middleware.neo4jConnector: [neo4j_connector] Query delta: <neo4j._sync.work.result.Result object at 0x0000029FD5239D30>
2024-11-17 19:29:27,980: neo4j_middleware.neo4jConnector: [neo4j_connector] Received response. 
2024-11-17 19:29:28,012: neo4j_middleware.neo4jConnector: [neo4j_connector] Query delta: <neo4j._sync.work.result.Result object at 0x00000228B28025E0>
2024-11-17 19:29:28,043: neo4j_middleware.neo4jConnector: [neo4j_connector] Running query: MERGE(n23379:ts20201130T174446:SecondaryNode:IfcLocalPlacement {p21_id:23379, En...
2024-11-17 19:29:28,044: neo4j_middleware.neo4jConnector: [neo4j_connector] Received response. 
2024-11-17 19:29:28,092: neo4j_middleware.neo4jConnector: [neo4j_connector] Query delta: <neo4j._sync.work.result.Result object at 0x0000029FD4CD9310>
2024-11-17 19:29:28,109: neo4j_middleware.neo4jConnector: [neo4j_connector] Running query: MERGE(n22747:ts20201130T174446:SecondaryNode:IfcLocalPlacement {p21_id:22747, En...
2024-11-17 19:29:28,123: neo4j_middleware.neo4jConnector: [neo4j_connector] Received response. 
2024-11-17 19:29:28,161: neo4j_middleware.neo4jConnector: [neo4j_connector] Query delta: <neo4j._sync.work.result.Result object at 0x00000228B2D7C820>
2024-11-17 19:29:28,189: neo4j_middleware.neo4jConnector: [neo4j_connector] Running query: MERGE(n23374:ts20201130T174446:SecondaryNode:IfcProductDefinitionShape {Name:"No...
2024-11-17 19:29:28,199: neo4j_middleware.neo4jConnector: [neo4j_connector] Received response. 
2024-11-17 19:29:28,245: neo4j_middleware.neo4jConnector: [neo4j_connector] Query delta: <neo4j._sync.work.result.Result object at 0x0000029FD4CCE430>
2024-11-17 19:29:28,263: neo4j_middleware.neo4jConnector: [neo4j_connector] Running query: MERGE(n22744:ts20201130T174446:SecondaryNode:IfcCartesianPoint {Coordinates:"(-1...
2024-11-17 19:29:28,278: neo4j_middleware.neo4jConnector: [neo4j_connector] Received response. 
2024-11-17 19:29:28,311: neo4j_middleware.neo4jConnector: [neo4j_connector] Query delta: <neo4j._sync.work.result.Result object at 0x00000228B28109A0>
2024-11-17 19:29:28,341: neo4j_middleware.neo4jConnector: [neo4j_connector] Running query: MERGE(n23372:ts20201130T174446:SecondaryNode:IfcShapeRepresentation {Representat...
2024-11-17 19:29:28,363: neo4j_middleware.neo4jConnector: [neo4j_connector] Received response. 
2024-11-17 19:29:28,411: neo4j_middleware.neo4jConnector: [neo4j_connector] Query delta: <neo4j._sync.work.result.Result object at 0x0000029FD4CCFA00>
2024-11-17 19:29:28,428: neo4j_middleware.neo4jConnector: [neo4j_connector] Running query: MERGE(n22736:ts20201130T174446:SecondaryNode:IfcShapeRepresentation {Representat...
2024-11-17 19:29:28,451: neo4j_middleware.neo4jConnector: [neo4j_connector] Received response. 
2024-11-17 19:29:28,484: neo4j_middleware.neo4jConnector: [neo4j_connector] Query delta: <neo4j._sync.work.result.Result object at 0x00000228B281F9D0>
2024-11-17 19:29:28,511: neo4j_middleware.neo4jConnector: [neo4j_connector] Running query: MERGE(n23368:ts20201130T174446:PrimaryNode:IfcMember {GlobalId:"1s5utE$rDDfRKgzV...
2024-11-17 19:29:28,522: neo4j_middleware.neo4jConnector: [neo4j_connector] Received response. 
2024-11-17 19:29:28,569: neo4j_middleware.neo4jConnector: [neo4j_connector] Query delta: <neo4j._sync.work.result.Result object at 0x0000029FD4CCE3A0>
2024-11-17 19:29:28,585: neo4j_middleware.neo4jConnector: [neo4j_connector] Running query: MERGE(n22732:ts20201130T174446:PrimaryNode:IfcPlateType {GlobalId:"18B5XxQm59XwA...
2024-11-17 19:29:28,601: neo4j_middleware.neo4jConnector: [neo4j_connector] Received response. 
2024-11-17 19:29:28,674: neo4j_middleware.neo4jConnector: [neo4j_connector] Running query: MERGE(n25044:ts20201130T174446:SecondaryNode:IfcExtrudedAreaSolid {Depth:0.1, p2...
2024-11-17 19:29:28,698: neo4j_middleware.neo4jConnector: [neo4j_connector] Query delta: <neo4j._sync.work.result.Result object at 0x00000228B2810310>
2024-11-17 19:29:28,729: neo4j_middleware.neo4jConnector: [neo4j_connector] Received response. 
2024-11-17 19:29:28,745: neo4j_middleware.neo4jConnector: [neo4j_connector] Query delta: <neo4j._sync.work.result.Result object at 0x0000029FD523D1C0>
2024-11-17 19:29:28,779: neo4j_middleware.neo4jConnector: [neo4j_connector] Received response. 
2024-11-17 19:29:28,795: neo4j_middleware.neo4jConnector: [neo4j_connector] Running query: MERGE(n22728:ts20201130T174446:SecondaryNode:IfcShapeRepresentation {Representat...
2024-11-17 19:29:28,849: neo4j_middleware.neo4jConnector: [neo4j_connector] Running query: MERGE(n23364:ts20201130T174446:SecondaryNode:IfcCartesianPoint {Coordinates:"(-0...
2024-11-17 19:29:28,873: neo4j_middleware.neo4jConnector: [neo4j_connector] Query delta: <neo4j._sync.work.result.Result object at 0x00000228B2D69EE0>
2024-11-17 19:29:28,897: neo4j_middleware.neo4jConnector: [neo4j_connector] Query delta: <neo4j._sync.work.result.Result object at 0x0000029FD4CCDD60>
2024-11-17 19:29:28,907: neo4j_middleware.neo4jConnector: [neo4j_connector] Received response. 
2024-11-17 19:29:28,918: neo4j_middleware.neo4jConnector: [neo4j_connector] Received response. 
2024-11-17 19:29:28,965: neo4j_middleware.neo4jConnector: [neo4j_connector] Running query: MERGE(n22724:ts20201130T174446:SecondaryNode:IfcExtrudedAreaSolid {Depth:0.93333...
2024-11-17 19:29:28,980: neo4j_middleware.neo4jConnector: [neo4j_connector] Running query: MERGE(n23362:ts20201130T174446:SecondaryNode:IfcAxis2Placement3D {p21_id:23362, ...
2024-11-17 19:29:29,011: neo4j_middleware.neo4jConnector: [neo4j_connector] Query delta: <neo4j._sync.work.result.Result object at 0x00000228B2863A30>
2024-11-17 19:29:29,054: neo4j_middleware.neo4jConnector: [neo4j_connector] Query delta: <neo4j._sync.work.result.Result object at 0x0000029FD5239BB0>
2024-11-17 19:29:29,054: neo4j_middleware.neo4jConnector: [neo4j_connector] Received response. 
2024-11-17 19:29:29,072: neo4j_middleware.neo4jConnector: [neo4j_connector] Received response. 
2024-11-17 19:29:29,120: neo4j_middleware.neo4jConnector: [neo4j_connector] Running query: MERGE(n22722:ts20201130T174446:SecondaryNode:IfcRectangleProfileDef {ProfileType...
2024-11-17 19:29:29,136: neo4j_middleware.neo4jConnector: [neo4j_connector] Running query: MERGE(n23360:ts20201130T174446:SecondaryNode:IfcCartesianPoint {Coordinates:"(-0...
2024-11-17 19:29:29,183: neo4j_middleware.neo4jConnector: [neo4j_connector] Query delta: <neo4j._sync.work.result.Result object at 0x00000228B2802490>
2024-11-17 19:29:29,198: neo4j_middleware.neo4jConnector: [neo4j_connector] Query delta: <neo4j._sync.work.result.Result object at 0x0000029FD4CD92E0>
2024-11-17 19:29:29,224: neo4j_middleware.neo4jConnector: [neo4j_connector] Received response. 
2024-11-17 19:29:29,231: neo4j_middleware.neo4jConnector: [neo4j_connector] Received response. 
2024-11-17 19:29:29,294: neo4j_middleware.neo4jConnector: [neo4j_connector] Running query: MERGE(n22721:ts20201130T174446:SecondaryNode:IfcAxis2Placement2D {p21_id:22721, ...
2024-11-17 19:29:29,294: neo4j_middleware.neo4jConnector: [neo4j_connector] Running query: MERGE(n25045:ts20201130T174446:SecondaryNode:IfcShapeRepresentation {Representat...
2024-11-17 19:29:29,363: neo4j_middleware.neo4jConnector: [neo4j_connector] Query delta: <neo4j._sync.work.result.Result object at 0x00000228B2D7CB20>
2024-11-17 19:29:29,364: neo4j_middleware.neo4jConnector: [neo4j_connector] Query delta: <neo4j._sync.work.result.Result object at 0x0000029FD523D190>
2024-11-17 19:29:29,400: neo4j_middleware.neo4jConnector: [neo4j_connector] Received response. 
2024-11-17 19:29:29,400: neo4j_middleware.neo4jConnector: [neo4j_connector] Received response. 
2024-11-17 19:29:29,463: neo4j_middleware.neo4jConnector: [neo4j_connector] Running query: MERGE(n25104:ts20201130T174446:SecondaryNode:IfcLocalPlacement {p21_id:25104, En...
2024-11-17 19:29:29,463: neo4j_middleware.neo4jConnector: [neo4j_connector] Running query: MERGE(n23347:ts20201130T174446:SecondaryNode:IfcLocalPlacement {p21_id:23347, En...
2024-11-17 19:29:29,513: neo4j_middleware.neo4jConnector: [neo4j_connector] Query delta: <neo4j._sync.work.result.Result object at 0x00000228B277EF10>
2024-11-17 19:29:29,513: neo4j_middleware.neo4jConnector: [neo4j_connector] Query delta: <neo4j._sync.work.result.Result object at 0x0000029FD4CCFFA0>
2024-11-17 19:29:29,541: neo4j_middleware.neo4jConnector: [neo4j_connector] Received response. 
2024-11-17 19:29:29,557: neo4j_middleware.neo4jConnector: [neo4j_connector] Received response. 
2024-11-17 19:29:29,613: neo4j_middleware.neo4jConnector: [neo4j_connector] Running query: MERGE(n23342:ts20201130T174446:SecondaryNode:IfcProductDefinitionShape {Name:"No...
2024-11-17 19:29:29,617: neo4j_middleware.neo4jConnector: [neo4j_connector] Running query: MERGE(n22717:ts20201130T174446:SecondaryNode:IfcAxis2Placement3D {p21_id:22717, ...
2024-11-17 19:29:29,674: neo4j_middleware.neo4jConnector: [neo4j_connector] Query delta: <neo4j._sync.work.result.Result object at 0x0000029FD4CCEDF0>
2024-11-17 19:29:29,675: neo4j_middleware.neo4jConnector: [neo4j_connector] Query delta: <neo4j._sync.work.result.Result object at 0x00000228B278D7F0>
2024-11-17 19:29:29,706: neo4j_middleware.neo4jConnector: [neo4j_connector] Received response. 
2024-11-17 19:29:29,714: neo4j_middleware.neo4jConnector: [neo4j_connector] Received response. 
2024-11-17 19:29:29,766: neo4j_middleware.neo4jConnector: [neo4j_connector] Running query: MERGE(n23339:ts20201130T174446:SecondaryNode:IfcMappedItem {p21_id:23339, Entity...
2024-11-17 19:29:29,778: neo4j_middleware.neo4jConnector: [neo4j_connector] Running query: MERGE(n22709:ts20201130T174446:SecondaryNode:IfcPropertySingleValue {Name:"Therm...
2024-11-17 19:29:29,817: neo4j_middleware.neo4jConnector: [neo4j_connector] Query delta: <neo4j._sync.work.result.Result object at 0x0000029FD4CD9610>
2024-11-17 19:29:29,833: neo4j_middleware.neo4jConnector: [neo4j_connector] Query delta: <neo4j._sync.work.result.Result object at 0x00000228B2810DC0>
2024-11-17 19:29:29,860: neo4j_middleware.neo4jConnector: [neo4j_connector] Received response. 
2024-11-17 19:29:29,870: neo4j_middleware.neo4jConnector: [neo4j_connector] Received response. 
2024-11-17 19:29:29,914: neo4j_middleware.neo4jConnector: [neo4j_connector] Running query: MERGE(n23334:ts20201130T174446:SecondaryNode:IfcPropertySet {GlobalId:"3LTF_0wAj...
2024-11-17 19:29:29,934: neo4j_middleware.neo4jConnector: [neo4j_connector] Running query: MERGE(n22705:ts20201130T174446:PrimaryNode:IfcPlate {GlobalId:"1s5utE$rDDfRKgzV6...
2024-11-17 19:29:29,981: neo4j_middleware.neo4jConnector: [neo4j_connector] Query delta: <neo4j._sync.work.result.Result object at 0x0000029FD4CCD700>
2024-11-17 19:29:29,998: neo4j_middleware.neo4jConnector: [neo4j_connector] Query delta: <neo4j._sync.work.result.Result object at 0x00000228B2D7C190>
2024-11-17 19:29:30,009: neo4j_middleware.neo4jConnector: [neo4j_connector] Received response. 
2024-11-17 19:29:30,036: neo4j_middleware.neo4jConnector: [neo4j_connector] Received response. 
2024-11-17 19:29:30,066: neo4j_middleware.neo4jConnector: [neo4j_connector] Running query: MERGE(n23332:ts20201130T174446:SecondaryNode:IfcPropertySet {GlobalId:"1ikjtR_nT...
2024-11-17 19:29:30,101: neo4j_middleware.neo4jConnector: [neo4j_connector] Running query: MERGE(n22703:ts20201130T174446:SecondaryNode:IfcLocalPlacement {p21_id:22703, En...
2024-11-17 19:29:30,128: neo4j_middleware.neo4jConnector: [neo4j_connector] Query delta: <neo4j._sync.work.result.Result object at 0x0000029FD5239E80>
2024-11-17 19:29:30,144: neo4j_middleware.neo4jConnector: [neo4j_connector] Received response. 
2024-11-17 19:29:30,144: neo4j_middleware.neo4jConnector: [neo4j_connector] Query delta: <neo4j._sync.work.result.Result object at 0x00000228B2863E80>
2024-11-17 19:29:30,191: neo4j_middleware.neo4jConnector: [neo4j_connector] Received response. 
2024-11-17 19:29:30,215: neo4j_middleware.neo4jConnector: [neo4j_connector] Running query: MERGE(n25047:ts20201130T174446:SecondaryNode:IfcProductDefinitionShape {Name:"No...
2024-11-17 19:29:30,261: neo4j_middleware.neo4jConnector: [neo4j_connector] Running query: MERGE(n22702:ts20201130T174446:SecondaryNode:IfcAxis2Placement3D {p21_id:22702, ...
2024-11-17 19:29:30,278: neo4j_middleware.neo4jConnector: [neo4j_connector] Query delta: <neo4j._sync.work.result.Result object at 0x0000029FD4CD9A60>
2024-11-17 19:29:30,313: neo4j_middleware.neo4jConnector: [neo4j_connector] Received response. 
2024-11-17 19:29:30,314: neo4j_middleware.neo4jConnector: [neo4j_connector] Query delta: <neo4j._sync.work.result.Result object at 0x00000228B2802580>
2024-11-17 19:29:30,353: neo4j_middleware.neo4jConnector: [neo4j_connector] Received response. 
2024-11-17 19:29:30,377: neo4j_middleware.neo4jConnector: [neo4j_connector] Running query: MERGE(n23327:ts20201130T174446:SecondaryNode:IfcAxis2Placement3D {p21_id:23327, ...
2024-11-17 19:29:30,408: neo4j_middleware.neo4jConnector: [neo4j_connector] Running query: MERGE(n22698:ts20201130T174446:SecondaryNode:IfcAxis2Placement3D {p21_id:22698, ...
2024-11-17 19:29:30,424: neo4j_middleware.neo4jConnector: [neo4j_connector] Query delta: <neo4j._sync.work.result.Result object at 0x0000029FD523D3A0>
2024-11-17 19:29:30,459: neo4j_middleware.neo4jConnector: [neo4j_connector] Received response. 
2024-11-17 19:29:30,468: neo4j_middleware.neo4jConnector: [neo4j_connector] Query delta: <neo4j._sync.work.result.Result object at 0x00000228B2D7C730>
2024-11-17 19:29:30,515: neo4j_middleware.neo4jConnector: [neo4j_connector] Received response. 
2024-11-17 19:29:30,515: neo4j_middleware.neo4jConnector: [neo4j_connector] Running query: MERGE(n23324:ts20201130T174446:SecondaryNode:IfcLocalPlacement {p21_id:23324, En...
2024-11-17 19:29:30,578: neo4j_middleware.neo4jConnector: [neo4j_connector] Query delta: <neo4j._sync.work.result.Result object at 0x0000029FD4CCF520>
2024-11-17 19:29:30,578: neo4j_middleware.neo4jConnector: [neo4j_connector] Running query: MERGE(n22694:ts20201130T174446:SecondaryNode:IfcProductDefinitionShape {Name:"No...
2024-11-17 19:29:30,609: neo4j_middleware.neo4jConnector: [neo4j_connector] Received response. 
2024-11-17 19:29:30,644: neo4j_middleware.neo4jConnector: [neo4j_connector] Query delta: <neo4j._sync.work.result.Result object at 0x00000228B2810040>
2024-11-17 19:29:30,663: neo4j_middleware.neo4jConnector: [neo4j_connector] Running query: MERGE(n23323:ts20201130T174446:SecondaryNode:IfcAxis2Placement3D {p21_id:23323, ...
2024-11-17 19:29:30,679: neo4j_middleware.neo4jConnector: [neo4j_connector] Received response. 
2024-11-17 19:29:30,742: neo4j_middleware.neo4jConnector: [neo4j_connector] Running query: MERGE(n22692:ts20201130T174446:SecondaryNode:IfcShapeRepresentation {Representat...
2024-11-17 19:29:30,742: neo4j_middleware.neo4jConnector: [neo4j_connector] Query delta: <neo4j._sync.work.result.Result object at 0x0000029FD4C4DBB0>
2024-11-17 19:29:30,773: neo4j_middleware.neo4jConnector: [neo4j_connector] Received response. 
2024-11-17 19:29:30,821: neo4j_middleware.neo4jConnector: [neo4j_connector] Query delta: <neo4j._sync.work.result.Result object at 0x00000228B278D550>
2024-11-17 19:29:30,841: neo4j_middleware.neo4jConnector: [neo4j_connector] Running query: MERGE(n23319:ts20201130T174446:SecondaryNode:IfcProductDefinitionShape {Name:"No...
2024-11-17 19:29:30,858: neo4j_middleware.neo4jConnector: [neo4j_connector] Received response. 
2024-11-17 19:29:30,915: neo4j_middleware.neo4jConnector: [neo4j_connector] Running query: MERGE(n22690:ts20201130T174446:SecondaryNode:IfcMappedItem {p21_id:22690, Entity...
2024-11-17 19:29:30,915: neo4j_middleware.neo4jConnector: [neo4j_connector] Query delta: <neo4j._sync.work.result.Result object at 0x0000029FD4CD9FA0>
2024-11-17 19:29:30,947: neo4j_middleware.neo4jConnector: [neo4j_connector] Received response. 
2024-11-17 19:29:30,978: neo4j_middleware.neo4jConnector: [neo4j_connector] Query delta: <neo4j._sync.work.result.Result object at 0x00000228B2810400>
2024-11-17 19:29:31,016: neo4j_middleware.neo4jConnector: [neo4j_connector] Running query: MERGE(n23317:ts20201130T174446:SecondaryNode:IfcShapeRepresentation {Representat...
2024-11-17 19:29:31,025: neo4j_middleware.neo4jConnector: [neo4j_connector] Received response. 
2024-11-17 19:29:31,072: neo4j_middleware.neo4jConnector: [neo4j_connector] Query delta: <neo4j._sync.work.result.Result object at 0x0000029FD4CCDEB0>
2024-11-17 19:29:31,072: neo4j_middleware.neo4jConnector: [neo4j_connector] Running query: MERGE(n22687:ts20201130T174446:SecondaryNode:IfcMaterialDefinitionRepresentation...
2024-11-17 19:29:31,103: neo4j_middleware.neo4jConnector: [neo4j_connector] Received response. 
2024-11-17 19:29:31,135: neo4j_middleware.neo4jConnector: [neo4j_connector] Query delta: <neo4j._sync.work.result.Result object at 0x00000228B2D7C280>
2024-11-17 19:29:31,161: neo4j_middleware.neo4jConnector: [neo4j_connector] Running query: MERGE(n23315:ts20201130T174446:SecondaryNode:IfcMappedItem {p21_id:23315, Entity...
2024-11-17 19:29:31,176: neo4j_middleware.neo4jConnector: [neo4j_connector] Received response. 
2024-11-17 19:29:31,224: neo4j_middleware.neo4jConnector: [neo4j_connector] Query delta: <neo4j._sync.work.result.Result object at 0x0000029FD5239D60>
2024-11-17 19:29:31,240: neo4j_middleware.neo4jConnector: [neo4j_connector] Running query: MERGE(n22683:ts20201130T174446:SecondaryNode:IfcStyledItem {Name:"None", p21_id:...
2024-11-17 19:29:31,255: neo4j_middleware.neo4jConnector: [neo4j_connector] Received response. 
2024-11-17 19:29:31,287: neo4j_middleware.neo4jConnector: [neo4j_connector] Query delta: <neo4j._sync.work.result.Result object at 0x00000228B28636A0>
2024-11-17 19:29:31,318: neo4j_middleware.neo4jConnector: [neo4j_connector] Running query: MERGE(n23312:ts20201130T174446:SecondaryNode:IfcRepresentationMap {p21_id:23312,...
2024-11-17 19:29:31,334: neo4j_middleware.neo4jConnector: [neo4j_connector] Received response. 
2024-11-17 19:29:31,370: neo4j_middleware.neo4jConnector: [neo4j_connector] Query delta: <neo4j._sync.work.result.Result object at 0x0000029FD4CCD850>
2024-11-17 19:29:31,386: neo4j_middleware.neo4jConnector: [neo4j_connector] Running query: MERGE(n22677:ts20201130T174446:SecondaryNode:IfcRepresentationMap {p21_id:22677,...
2024-11-17 19:29:31,401: neo4j_middleware.neo4jConnector: [neo4j_connector] Received response. 
2024-11-17 19:29:31,448: neo4j_middleware.neo4jConnector: [neo4j_connector] Query delta: <neo4j._sync.work.result.Result object at 0x00000228B2802250>
2024-11-17 19:29:31,464: neo4j_middleware.neo4jConnector: [neo4j_connector] Running query: MERGE(n23309:ts20201130T174446:SecondaryNode:IfcShapeRepresentation {Representat...
2024-11-17 19:29:31,480: neo4j_middleware.neo4jConnector: [neo4j_connector] Received response. 
2024-11-17 19:29:31,527: neo4j_middleware.neo4jConnector: [neo4j_connector] Query delta: <neo4j._sync.work.result.Result object at 0x0000029FD523D550>
2024-11-17 19:29:31,543: neo4j_middleware.neo4jConnector: [neo4j_connector] Running query: MERGE(n22669:ts20201130T174446:SecondaryNode:IfcPresentationStyleAssignment {p21...
2024-11-17 19:29:31,558: neo4j_middleware.neo4jConnector: [neo4j_connector] Received response. 
2024-11-17 19:29:31,605: neo4j_middleware.neo4jConnector: [neo4j_connector] Query delta: <neo4j._sync.work.result.Result object at 0x00000228B2D69970>
2024-11-17 19:29:31,621: neo4j_middleware.neo4jConnector: [neo4j_connector] Running query: MERGE(n23304:ts20201130T174446:SecondaryNode:IfcAxis2Placement3D {p21_id:23304, ...
2024-11-17 19:29:31,637: neo4j_middleware.neo4jConnector: [neo4j_connector] Received response. 
2024-11-17 19:29:31,685: neo4j_middleware.neo4jConnector: [neo4j_connector] Query delta: <neo4j._sync.work.result.Result object at 0x0000029FD4CCE490>
2024-11-17 19:29:31,696: neo4j_middleware.neo4jConnector: [neo4j_connector] Running query: MERGE(n22665:ts20201130T174446:SecondaryNode:IfcColourRgb {Name:"None", Red:0.0,...
2024-11-17 19:29:31,712: neo4j_middleware.neo4jConnector: [neo4j_connector] Received response. 
2024-11-17 19:29:31,777: neo4j_middleware.neo4jConnector: [neo4j_connector] Running query: MERGE(n23302:ts20201130T174446:SecondaryNode:IfcCartesianPoint {Coordinates:"(0....
2024-11-17 19:29:31,784: neo4j_middleware.neo4jConnector: [neo4j_connector] Query delta: <neo4j._sync.work.result.Result object at 0x00000228B28106D0>
2024-11-17 19:29:31,824: neo4j_middleware.neo4jConnector: [neo4j_connector] Received response. 
2024-11-17 19:29:31,828: neo4j_middleware.neo4jConnector: [neo4j_connector] Query delta: <neo4j._sync.work.result.Result object at 0x0000029FD523DF10>
2024-11-17 19:29:31,862: neo4j_middleware.neo4jConnector: [neo4j_connector] Received response. 
2024-11-17 19:29:31,885: neo4j_middleware.neo4jConnector: [neo4j_connector] Running query: MERGE(n22664:ts20201130T174446:SecondaryNode:IfcExtrudedAreaSolid {Depth:0.93333...
2024-11-17 19:29:31,921: neo4j_middleware.neo4jConnector: [neo4j_connector] Running query: MERGE(n23300:ts20201130T174446:SecondaryNode:IfcAxis2Placement2D {p21_id:23300, ...
2024-11-17 19:29:31,937: neo4j_middleware.neo4jConnector: [neo4j_connector] Query delta: <neo4j._sync.work.result.Result object at 0x00000228B278D550>
2024-11-17 19:29:31,968: neo4j_middleware.neo4jConnector: [neo4j_connector] Query delta: <neo4j._sync.work.result.Result object at 0x0000029FCD9FA550>
2024-11-17 19:29:31,968: neo4j_middleware.neo4jConnector: [neo4j_connector] Received response. 
2024-11-17 19:29:32,000: neo4j_middleware.neo4jConnector: [neo4j_connector] Received response. 
2024-11-17 19:29:32,063: neo4j_middleware.neo4jConnector: [neo4j_connector] Running query: MERGE(n22662:ts20201130T174446:SecondaryNode:IfcRectangleProfileDef {ProfileType...
2024-11-17 19:29:32,077: neo4j_middleware.neo4jConnector: [neo4j_connector] Running query: MERGE(n23298:ts20201130T174446:SecondaryNode:IfcCartesianPoint {Coordinates:"(0....
2024-11-17 19:29:32,119: neo4j_middleware.neo4jConnector: [neo4j_connector] Query delta: <neo4j._sync.work.result.Result object at 0x0000029FD4CD6AF0>
2024-11-17 19:29:32,132: neo4j_middleware.neo4jConnector: [neo4j_connector] Query delta: <neo4j._sync.work.result.Result object at 0x00000228B2810DF0>
2024-11-17 19:29:32,148: neo4j_middleware.neo4jConnector: [neo4j_connector] Received response. 
2024-11-17 19:29:32,164: neo4j_middleware.neo4jConnector: [neo4j_connector] Received response. 
2024-11-17 19:29:32,224: neo4j_middleware.neo4jConnector: [neo4j_connector] Running query: MERGE(n25049:ts20201130T174446:SecondaryNode:IfcCartesianPoint {Coordinates:"(7....
2024-11-17 19:29:32,224: neo4j_middleware.neo4jConnector: [neo4j_connector] Running query: MERGE(n22657:ts20201130T174446:SecondaryNode:IfcAxis2Placement3D {p21_id:22657, ...
2024-11-17 19:29:32,309: neo4j_middleware.neo4jConnector: [neo4j_connector] Query delta: <neo4j._sync.work.result.Result object at 0x0000029FD5239970>
2024-11-17 19:29:32,309: neo4j_middleware.neo4jConnector: [neo4j_connector] Query delta: <neo4j._sync.work.result.Result object at 0x00000228B2D7CC10>
2024-11-17 19:29:32,337: neo4j_middleware.neo4jConnector: [neo4j_connector] Received response. 
2024-11-17 19:29:32,351: neo4j_middleware.neo4jConnector: [neo4j_connector] Received response. 
2024-11-17 19:29:32,397: neo4j_middleware.neo4jConnector: [neo4j_connector] Running query: MERGE(n23289:ts20201130T174446:SecondaryNode:IfcPropertySet {GlobalId:"1ANc0dqXX...
2024-11-17 19:29:32,410: neo4j_middleware.neo4jConnector: [neo4j_connector] Running query: MERGE(n22654:ts20201130T174446:SecondaryNode:IfcLocalPlacement {p21_id:22654, En...
2024-11-17 19:29:32,454: neo4j_middleware.neo4jConnector: [neo4j_connector] Query delta: <neo4j._sync.work.result.Result object at 0x0000029FD4CCD820>
2024-11-17 19:29:32,464: neo4j_middleware.neo4jConnector: [neo4j_connector] Query delta: <neo4j._sync.work.result.Result object at 0x00000228B2802DF0>
2024-11-17 19:29:32,487: neo4j_middleware.neo4jConnector: [neo4j_connector] Received response. 
2024-11-17 19:29:32,494: neo4j_middleware.neo4jConnector: [neo4j_connector] Received response. 
2024-11-17 19:29:32,543: neo4j_middleware.neo4jConnector: [neo4j_connector] Running query: MERGE(n23282:ts20201130T174446:SecondaryNode:IfcCartesianPoint {Coordinates:"(-2...
2024-11-17 19:29:32,558: neo4j_middleware.neo4jConnector: [neo4j_connector] Running query: MERGE(n22647:ts20201130T174446:SecondaryNode:IfcPropertySet {GlobalId:"3d_uE3gDP...
2024-11-17 19:29:32,605: neo4j_middleware.neo4jConnector: [neo4j_connector] Query delta: <neo4j._sync.work.result.Result object at 0x0000029FD523DB50>
2024-11-17 19:29:32,619: neo4j_middleware.neo4jConnector: [neo4j_connector] Query delta: <neo4j._sync.work.result.Result object at 0x00000228B2D7C5B0>
2024-11-17 19:29:32,637: neo4j_middleware.neo4jConnector: [neo4j_connector] Received response. 
2024-11-17 19:29:32,653: neo4j_middleware.neo4jConnector: [neo4j_connector] Received response. 
2024-11-17 19:29:32,700: neo4j_middleware.neo4jConnector: [neo4j_connector] Running query: MERGE(n23278:ts20201130T174446:SecondaryNode:IfcCartesianPoint {Coordinates:"(-2...
2024-11-17 19:29:32,719: neo4j_middleware.neo4jConnector: [neo4j_connector] Running query: MERGE(n22645:ts20201130T174446:SecondaryNode:IfcPropertySet {GlobalId:"18LFFwKLr...
2024-11-17 19:29:32,759: neo4j_middleware.neo4jConnector: [neo4j_connector] Query delta: <neo4j._sync.work.result.Result object at 0x0000029FD4CCE040>
2024-11-17 19:29:32,790: neo4j_middleware.neo4jConnector: [neo4j_connector] Query delta: <neo4j._sync.work.result.Result object at 0x00000228B2D69D00>
2024-11-17 19:29:32,790: neo4j_middleware.neo4jConnector: [neo4j_connector] Received response. 
2024-11-17 19:29:32,822: neo4j_middleware.neo4jConnector: [neo4j_connector] Received response. 
2024-11-17 19:29:32,863: neo4j_middleware.neo4jConnector: [neo4j_connector] Running query: MERGE(n23274:ts20201130T174446:SecondaryNode:IfcShapeRepresentation {Representat...
2024-11-17 19:29:32,898: neo4j_middleware.neo4jConnector: [neo4j_connector] Running query: MERGE(n22639:ts20201130T174446:ConnectionNode:IfcRelDefinesByProperties {GlobalI...
2024-11-17 19:29:32,925: neo4j_middleware.neo4jConnector: [neo4j_connector] Query delta: <neo4j._sync.work.result.Result object at 0x0000029FD523D6A0>
2024-11-17 19:29:32,964: neo4j_middleware.neo4jConnector: [neo4j_connector] Received response. 
2024-11-17 19:29:32,967: neo4j_middleware.neo4jConnector: [neo4j_connector] Query delta: <neo4j._sync.work.result.Result object at 0x00000228B28100D0>
2024-11-17 19:29:33,003: neo4j_middleware.neo4jConnector: [neo4j_connector] Received response. 
2024-11-17 19:29:33,027: neo4j_middleware.neo4jConnector: [neo4j_connector] Running query: MERGE(n23272:ts20201130T174446:SecondaryNode:IfcMappedItem {p21_id:23272, Entity...
2024-11-17 19:29:33,075: neo4j_middleware.neo4jConnector: [neo4j_connector] Running query: MERGE(n22632:ts20201130T174446:ConnectionNode:IfcRelDefinesByProperties {GlobalI...
2024-11-17 19:29:33,078: neo4j_middleware.neo4jConnector: [neo4j_connector] Query delta: <neo4j._sync.work.result.Result object at 0x0000029FD4CD9460>
2024-11-17 19:29:33,109: neo4j_middleware.neo4jConnector: [neo4j_connector] Received response. 
2024-11-17 19:29:33,138: neo4j_middleware.neo4jConnector: [neo4j_connector] Query delta: <neo4j._sync.work.result.Result object at 0x00000228B278D970>
2024-11-17 19:29:33,174: neo4j_middleware.neo4jConnector: [neo4j_connector] Running query: MERGE(n23270:ts20201130T174446:PrimaryNode:IfcMemberType {GlobalId:"3h7JYbUvL63x...
2024-11-17 19:29:33,176: neo4j_middleware.neo4jConnector: [neo4j_connector] Received response. 
2024-11-17 19:29:33,229: neo4j_middleware.neo4jConnector: [neo4j_connector] Running query: MERGE(n22628:ts20201130T174446:SecondaryNode:IfcPropertySet {GlobalId:"1q_odae4P...
2024-11-17 19:29:33,229: neo4j_middleware.neo4jConnector: [neo4j_connector] Query delta: <neo4j._sync.work.result.Result object at 0x0000029FD5243730>
2024-11-17 19:29:33,277: neo4j_middleware.neo4jConnector: [neo4j_connector] Received response. 
2024-11-17 19:29:33,286: neo4j_middleware.neo4jConnector: [neo4j_connector] Query delta: <neo4j._sync.work.result.Result object at 0x00000228B2D7C070>
2024-11-17 19:29:33,334: neo4j_middleware.neo4jConnector: [neo4j_connector] Received response. 
2024-11-17 19:29:33,334: neo4j_middleware.neo4jConnector: [neo4j_connector] Running query: MERGE(n23268:ts20201130T174446:SecondaryNode:IfcAxis2Placement3D {p21_id:23268, ...
2024-11-17 19:29:33,385: neo4j_middleware.neo4jConnector: [neo4j_connector] Query delta: <neo4j._sync.work.result.Result object at 0x0000029FD5239D30>
2024-11-17 19:29:33,401: neo4j_middleware.neo4jConnector: [neo4j_connector] Running query: MERGE(n22624:ts20201130T174446:SecondaryNode:IfcMaterialLayerSetUsage {LayerSetD...
2024-11-17 19:29:33,420: neo4j_middleware.neo4jConnector: [neo4j_connector] Received response. 
2024-11-17 19:29:33,480: neo4j_middleware.neo4jConnector: [neo4j_connector] Query delta: <neo4j._sync.work.result.Result object at 0x00000228B2D856A0>
2024-11-17 19:29:33,502: neo4j_middleware.neo4jConnector: [neo4j_connector] Running query: MERGE(n23259:ts20201130T174446:SecondaryNode:IfcCartesianPoint {Coordinates:"(0....
2024-11-17 19:29:33,511: neo4j_middleware.neo4jConnector: [neo4j_connector] Received response. 
2024-11-17 19:29:33,584: neo4j_middleware.neo4jConnector: [neo4j_connector] Running query: MERGE(n22620:ts20201130T174446:PrimaryNode:IfcSlab {GlobalId:"1s5utE$rDDfRKgzV6j...
2024-11-17 19:29:33,585: neo4j_middleware.neo4jConnector: [neo4j_connector] Query delta: <neo4j._sync.work.result.Result object at 0x0000029FD4CCDF10>
2024-11-17 19:29:33,618: neo4j_middleware.neo4jConnector: [neo4j_connector] Received response. 
2024-11-17 19:29:33,661: neo4j_middleware.neo4jConnector: [neo4j_connector] Query delta: <neo4j._sync.work.result.Result object at 0x00000228B2802910>
2024-11-17 19:29:33,677: neo4j_middleware.neo4jConnector: [neo4j_connector] Running query: MERGE(n23257:ts20201130T174446:SecondaryNode:IfcAxis2Placement2D {p21_id:23257, ...
2024-11-17 19:29:33,708: neo4j_middleware.neo4jConnector: [neo4j_connector] Received response. 
2024-11-17 19:29:33,756: neo4j_middleware.neo4jConnector: [neo4j_connector] Query delta: <neo4j._sync.work.result.Result object at 0x0000029FD4CD9D00>
2024-11-17 19:29:33,771: neo4j_middleware.neo4jConnector: [neo4j_connector] Running query: MERGE(n22613:ts20201130T174446:SecondaryNode:IfcStyledItem {Name:"None", p21_id:...
2024-11-17 19:29:33,800: neo4j_middleware.neo4jConnector: [neo4j_connector] Received response. 
2024-11-17 19:29:33,830: neo4j_middleware.neo4jConnector: [neo4j_connector] Query delta: <neo4j._sync.work.result.Result object at 0x00000228B2804FD0>
2024-11-17 19:29:33,860: neo4j_middleware.neo4jConnector: [neo4j_connector] Running query: MERGE(n23255:ts20201130T174446:SecondaryNode:IfcCartesianPoint {Coordinates:"(0....
2024-11-17 19:29:33,864: neo4j_middleware.neo4jConnector: [neo4j_connector] Received response. 
2024-11-17 19:29:33,923: neo4j_middleware.neo4jConnector: [neo4j_connector] Query delta: <neo4j._sync.work.result.Result object at 0x0000029FD4CCE610>
2024-11-17 19:29:33,929: neo4j_middleware.neo4jConnector: [neo4j_connector] Running query: MERGE(n22609:ts20201130T174446:SecondaryNode:IfcCartesianPoint {Coordinates:"(-0...
2024-11-17 19:29:33,958: neo4j_middleware.neo4jConnector: [neo4j_connector] Received response. 
2024-11-17 19:29:33,990: neo4j_middleware.neo4jConnector: [neo4j_connector] Query delta: <neo4j._sync.work.result.Result object at 0x00000228B2D69940>
2024-11-17 19:29:34,024: neo4j_middleware.neo4jConnector: [neo4j_connector] Received response. 
2024-11-17 19:29:34,028: neo4j_middleware.neo4jConnector: [neo4j_connector] Running query: MERGE(n23253:ts20201130T174446:SecondaryNode:IfcAxis2Placement3D {p21_id:23253, ...
2024-11-17 19:29:34,079: neo4j_middleware.neo4jConnector: [neo4j_connector] Query delta: <neo4j._sync.work.result.Result object at 0x0000029FD4CD9CD0>
2024-11-17 19:29:34,086: neo4j_middleware.neo4jConnector: [neo4j_connector] Running query: MERGE(n22607:ts20201130T174446:SecondaryNode:IfcAxis2Placement2D {p21_id:22607, ...
2024-11-17 19:29:34,113: neo4j_middleware.neo4jConnector: [neo4j_connector] Received response. 
2024-11-17 19:29:34,135: neo4j_middleware.neo4jConnector: [neo4j_connector] Query delta: <neo4j._sync.work.result.Result object at 0x00000228B2D85C40>
2024-11-17 19:29:34,182: neo4j_middleware.neo4jConnector: [neo4j_connector] Running query: MERGE(n25053:ts20201130T174446:PrimaryNode:IfcOpeningElement {GlobalId:"2idC0G3e...
2024-11-17 19:29:34,182: neo4j_middleware.neo4jConnector: [neo4j_connector] Received response. 
2024-11-17 19:29:34,245: neo4j_middleware.neo4jConnector: [neo4j_connector] Running query: MERGE(n22605:ts20201130T174446:SecondaryNode:IfcCartesianPoint {Coordinates:"(0....
2024-11-17 19:29:34,245: neo4j_middleware.neo4jConnector: [neo4j_connector] Query delta: <neo4j._sync.work.result.Result object at 0x0000029FD4CCD130>
2024-11-17 19:29:34,276: neo4j_middleware.neo4jConnector: [neo4j_connector] Received response. 
2024-11-17 19:29:34,292: neo4j_middleware.neo4jConnector: [neo4j_connector] Query delta: <neo4j._sync.work.result.Result object at 0x00000228B278D580>
2024-11-17 19:29:34,342: neo4j_middleware.neo4jConnector: [neo4j_connector] Received response. 
2024-11-17 19:29:34,349: neo4j_middleware.neo4jConnector: [neo4j_connector] Running query: MERGE(n23238:ts20201130T174446:SecondaryNode:IfcLocalPlacement {p21_id:23238, En...
2024-11-17 19:29:34,384: neo4j_middleware.neo4jConnector: [neo4j_connector] Query delta: <neo4j._sync.work.result.Result object at 0x0000029FD4CEB8B0>
2024-11-17 19:29:34,400: neo4j_middleware.neo4jConnector: [neo4j_connector] Running query: MERGE(n22594:ts20201130T174446:SecondaryNode:IfcPropertySet {GlobalId:"0wQknZQiX...
2024-11-17 19:29:34,422: neo4j_middleware.neo4jConnector: [neo4j_connector] Received response. 
2024-11-17 19:29:34,463: neo4j_middleware.neo4jConnector: [neo4j_connector] Query delta: <neo4j._sync.work.result.Result object at 0x00000228B2810FA0>
2024-11-17 19:29:34,478: neo4j_middleware.neo4jConnector: [neo4j_connector] Running query: MERGE(n23229:ts20201130T174446:SecondaryNode:IfcMappedItem {p21_id:23229, Entity...
2024-11-17 19:29:34,494: neo4j_middleware.neo4jConnector: [neo4j_connector] Received response. 
2024-11-17 19:29:34,541: neo4j_middleware.neo4jConnector: [neo4j_connector] Query delta: <neo4j._sync.work.result.Result object at 0x0000029FD4CEB2B0>
2024-11-17 19:29:34,557: neo4j_middleware.neo4jConnector: [neo4j_connector] Running query: MERGE(n22592:ts20201130T174446:SecondaryNode:IfcPropertySet {GlobalId:"1lYfoOZAX...
2024-11-17 19:29:34,572: neo4j_middleware.neo4jConnector: [neo4j_connector] Received response. 
2024-11-17 19:29:34,620: neo4j_middleware.neo4jConnector: [neo4j_connector] Query delta: <neo4j._sync.work.result.Result object at 0x00000228B2D7C850>
2024-11-17 19:29:34,627: neo4j_middleware.neo4jConnector: [neo4j_connector] Running query: MERGE(n23227:ts20201130T174446:PrimaryNode:IfcMemberType {GlobalId:"1dDvVIJCDCAe...
2024-11-17 19:29:34,654: neo4j_middleware.neo4jConnector: [neo4j_connector] Received response. 
2024-11-17 19:29:34,701: neo4j_middleware.neo4jConnector: [neo4j_connector] Query delta: <neo4j._sync.work.result.Result object at 0x0000029FD5243F40>
2024-11-17 19:29:34,722: neo4j_middleware.neo4jConnector: [neo4j_connector] Running query: MERGE(n22583:ts20201130T174446:ConnectionNode:IfcRelDefinesByProperties {GlobalI...
2024-11-17 19:29:34,722: neo4j_middleware.neo4jConnector: [neo4j_connector] Received response. 
2024-11-17 19:29:34,780: neo4j_middleware.neo4jConnector: [neo4j_connector] Query delta: <neo4j._sync.work.result.Result object at 0x00000228B28022B0>
2024-11-17 19:29:34,796: neo4j_middleware.neo4jConnector: [neo4j_connector] Running query: MERGE(n23223:ts20201130T174446:SecondaryNode:IfcShapeRepresentation {Representat...
2024-11-17 19:29:34,823: neo4j_middleware.neo4jConnector: [neo4j_connector] Received response. 
2024-11-17 19:29:34,871: neo4j_middleware.neo4jConnector: [neo4j_connector] Query delta: <neo4j._sync.work.result.Result object at 0x0000029FD4CCD280>
2024-11-17 19:29:34,889: neo4j_middleware.neo4jConnector: [neo4j_connector] Running query: MERGE(n22579:ts20201130T174446:ConnectionNode:IfcRelDefinesByProperties {GlobalI...
2024-11-17 19:29:34,905: neo4j_middleware.neo4jConnector: [neo4j_connector] Received response. 
2024-11-17 19:29:34,953: neo4j_middleware.neo4jConnector: [neo4j_connector] Query delta: <neo4j._sync.work.result.Result object at 0x00000228B2804130>
2024-11-17 19:29:34,965: neo4j_middleware.neo4jConnector: [neo4j_connector] Running query: MERGE(n23219:ts20201130T174446:SecondaryNode:IfcExtrudedAreaSolid {Depth:0.98333...
2024-11-17 19:29:35,009: neo4j_middleware.neo4jConnector: [neo4j_connector] Received response. 
2024-11-17 19:29:35,044: neo4j_middleware.neo4jConnector: [neo4j_connector] Query delta: <neo4j._sync.work.result.Result object at 0x0000029FD4CD9BE0>
2024-11-17 19:29:35,073: neo4j_middleware.neo4jConnector: [neo4j_connector] Received response. 
2024-11-17 19:29:35,073: neo4j_middleware.neo4jConnector: [neo4j_connector] Running query: MERGE(n22577:ts20201130T174446:SecondaryNode:IfcPropertySet {GlobalId:"1s5utE$rD...
2024-11-17 19:29:35,135: neo4j_middleware.neo4jConnector: [neo4j_connector] Query delta: <neo4j._sync.work.result.Result object at 0x00000228B28106D0>
2024-11-17 19:29:35,135: neo4j_middleware.neo4jConnector: [neo4j_connector] Running query: MERGE(n23215:ts20201130T174446:SecondaryNode:IfcRectangleProfileDef {ProfileType...
2024-11-17 19:29:35,167: neo4j_middleware.neo4jConnector: [neo4j_connector] Received response. 
2024-11-17 19:29:35,198: neo4j_middleware.neo4jConnector: [neo4j_connector] Query delta: <neo4j._sync.work.result.Result object at 0x0000029FD4CCD280>
2024-11-17 19:29:35,230: neo4j_middleware.neo4jConnector: [neo4j_connector] Received response. 
2024-11-17 19:29:35,245: neo4j_middleware.neo4jConnector: [neo4j_connector] Running query: MERGE(n22576:ts20201130T174446:SecondaryNode:IfcPropertySingleValue {Name:"Pitch...
2024-11-17 19:29:35,292: neo4j_middleware.neo4jConnector: [neo4j_connector] Running query: MERGE(n23212:ts20201130T174446:SecondaryNode:IfcCartesianPoint {Coordinates:"(0....
2024-11-17 19:29:35,308: neo4j_middleware.neo4jConnector: [neo4j_connector] Query delta: <neo4j._sync.work.result.Result object at 0x00000228B2D85460>
2024-11-17 19:29:35,339: neo4j_middleware.neo4jConnector: [neo4j_connector] Received response. 
2024-11-17 19:29:35,359: neo4j_middleware.neo4jConnector: [neo4j_connector] Query delta: <neo4j._sync.work.result.Result object at 0x0000029FD523DC10>
2024-11-17 19:29:35,391: neo4j_middleware.neo4jConnector: [neo4j_connector] Received response. 
2024-11-17 19:29:35,427: neo4j_middleware.neo4jConnector: [neo4j_connector] Running query: MERGE(n22569:ts20201130T174446:SecondaryNode:IfcMaterialLayerSetUsage {LayerSetD...
2024-11-17 19:29:35,442: neo4j_middleware.neo4jConnector: [neo4j_connector] Running query: MERGE(n23200:ts20201130T174446:PrimaryNode:IfcMember {GlobalId:"1s5utE$rDDfRKgzV...
2024-11-17 19:29:35,486: neo4j_middleware.neo4jConnector: [neo4j_connector] Query delta: <neo4j._sync.work.result.Result object at 0x00000228B277EF10>
2024-11-17 19:29:35,519: neo4j_middleware.neo4jConnector: [neo4j_connector] Received response. 
2024-11-17 19:29:35,522: neo4j_middleware.neo4jConnector: [neo4j_connector] Query delta: <neo4j._sync.work.result.Result object at 0x0000029FD4CEBBB0>
2024-11-17 19:29:35,545: neo4j_middleware.neo4jConnector: [neo4j_connector] Received response. 
2024-11-17 19:29:35,592: neo4j_middleware.neo4jConnector: [neo4j_connector] Running query: MERGE(n22562:ts20201130T174446:SecondaryNode:IfcMaterialDefinitionRepresentation...
2024-11-17 19:29:35,607: neo4j_middleware.neo4jConnector: [neo4j_connector] Running query: MERGE(n23194:ts20201130T174446:SecondaryNode:IfcAxis2Placement3D {p21_id:23194, ...
2024-11-17 19:29:35,639: neo4j_middleware.neo4jConnector: [neo4j_connector] Query delta: <neo4j._sync.work.result.Result object at 0x00000228B2810280>
2024-11-17 19:29:35,686: neo4j_middleware.neo4jConnector: [neo4j_connector] Query delta: <neo4j._sync.work.result.Result object at 0x0000029FD4CD6850>
2024-11-17 19:29:35,686: neo4j_middleware.neo4jConnector: [neo4j_connector] Received response. 
2024-11-17 19:29:35,717: neo4j_middleware.neo4jConnector: [neo4j_connector] Received response. 
2024-11-17 19:29:35,780: neo4j_middleware.neo4jConnector: [neo4j_connector] Running query: MERGE(n22560:ts20201130T174446:SecondaryNode:IfcStyledRepresentation {Representa...
2024-11-17 19:29:35,780: neo4j_middleware.neo4jConnector: [neo4j_connector] Running query: MERGE(n23186:ts20201130T174446:SecondaryNode:IfcMappedItem {p21_id:23186, Entity...
2024-11-17 19:29:35,843: neo4j_middleware.neo4jConnector: [neo4j_connector] Query delta: <neo4j._sync.work.result.Result object at 0x0000029FD5243FD0>
2024-11-17 19:29:35,843: neo4j_middleware.neo4jConnector: [neo4j_connector] Query delta: <neo4j._sync.work.result.Result object at 0x00000228B2D7C0D0>
2024-11-17 19:29:35,873: neo4j_middleware.neo4jConnector: [neo4j_connector] Received response. 
2024-11-17 19:29:35,884: neo4j_middleware.neo4jConnector: [neo4j_connector] Received response. 
2024-11-17 19:29:35,931: neo4j_middleware.neo4jConnector: [neo4j_connector] Running query: MERGE(n23182:ts20201130T174446:SecondaryNode:IfcAxis2Placement3D {p21_id:23182, ...
2024-11-17 19:29:35,953: neo4j_middleware.neo4jConnector: [neo4j_connector] Running query: MERGE(n22554:ts20201130T174446:PrimaryNode:IfcSlabType {GlobalId:"0wQknZQiXEOBcv...
2024-11-17 19:29:35,984: neo4j_middleware.neo4jConnector: [neo4j_connector] Query delta: <neo4j._sync.work.result.Result object at 0x0000029FD523D190>
2024-11-17 19:29:36,016: neo4j_middleware.neo4jConnector: [neo4j_connector] Received response. 
2024-11-17 19:29:36,025: neo4j_middleware.neo4jConnector: [neo4j_connector] Query delta: <neo4j._sync.work.result.Result object at 0x00000228B2804490>
2024-11-17 19:29:36,059: neo4j_middleware.neo4jConnector: [neo4j_connector] Received response. 
2024-11-17 19:29:36,079: neo4j_middleware.neo4jConnector: [neo4j_connector] Running query: MERGE(n23172:ts20201130T174446:SecondaryNode:IfcRectangleProfileDef {ProfileType...
2024-11-17 19:29:36,125: neo4j_middleware.neo4jConnector: [neo4j_connector] Running query: MERGE(n22549:ts20201130T174446:SecondaryNode:IfcProductDefinitionShape {Name:"No...
2024-11-17 19:29:36,141: neo4j_middleware.neo4jConnector: [neo4j_connector] Query delta: <neo4j._sync.work.result.Result object at 0x0000029FD4CD9520>
2024-11-17 19:29:36,176: neo4j_middleware.neo4jConnector: [neo4j_connector] Received response. 
2024-11-17 19:29:36,190: neo4j_middleware.neo4jConnector: [neo4j_connector] Query delta: <neo4j._sync.work.result.Result object at 0x00000228B2804E50>
2024-11-17 19:29:36,231: neo4j_middleware.neo4jConnector: [neo4j_connector] Received response. 
2024-11-17 19:29:36,238: neo4j_middleware.neo4jConnector: [neo4j_connector] Running query: MERGE(n23171:ts20201130T174446:SecondaryNode:IfcAxis2Placement2D {p21_id:23171, ...
2024-11-17 19:29:36,335: neo4j_middleware.neo4jConnector: [neo4j_connector] Running query: MERGE(n22547:ts20201130T174446:SecondaryNode:IfcShapeRepresentation {Representat...
2024-11-17 19:29:36,335: neo4j_middleware.neo4jConnector: [neo4j_connector] Query delta: <neo4j._sync.work.result.Result object at 0x0000029FD4CCD400>
2024-11-17 19:29:36,363: neo4j_middleware.neo4jConnector: [neo4j_connector] Received response. 
2024-11-17 19:29:36,391: neo4j_middleware.neo4jConnector: [neo4j_connector] Query delta: <neo4j._sync.work.result.Result object at 0x00000228B2810790>
2024-11-17 19:29:36,426: neo4j_middleware.neo4jConnector: [neo4j_connector] Running query: MERGE(n25061:ts20201130T174446:SecondaryNode:IfcAxis2Placement3D {p21_id:25061, ...
2024-11-17 19:29:36,432: neo4j_middleware.neo4jConnector: [neo4j_connector] Received response. 
2024-11-17 19:29:36,482: neo4j_middleware.neo4jConnector: [neo4j_connector] Query delta: <neo4j._sync.work.result.Result object at 0x0000029FD5243D90>
2024-11-17 19:29:36,495: neo4j_middleware.neo4jConnector: [neo4j_connector] Running query: MERGE(n22542:ts20201130T174446:SecondaryNode:IfcPresentationStyleAssignment {p21...
2024-11-17 19:29:36,516: neo4j_middleware.neo4jConnector: [neo4j_connector] Received response. 
2024-11-17 19:29:36,544: neo4j_middleware.neo4jConnector: [neo4j_connector] Query delta: <neo4j._sync.work.result.Result object at 0x00000228B2D6DD90>
2024-11-17 19:29:36,578: neo4j_middleware.neo4jConnector: [neo4j_connector] Running query: MERGE(n23167:ts20201130T174446:SecondaryNode:IfcAxis2Placement3D {p21_id:23167, ...
2024-11-17 19:29:36,585: neo4j_middleware.neo4jConnector: [neo4j_connector] Received response. 
2024-11-17 19:29:36,641: neo4j_middleware.neo4jConnector: [neo4j_connector] Query delta: <neo4j._sync.work.result.Result object at 0x0000029FD4CEBDF0>
2024-11-17 19:29:36,641: neo4j_middleware.neo4jConnector: [neo4j_connector] Running query: MERGE(n22539:ts20201130T174446:SecondaryNode:IfcSurfaceStyleRendering {Transpare...
2024-11-17 19:29:36,675: neo4j_middleware.neo4jConnector: [neo4j_connector] Received response. 
2024-11-17 19:29:36,731: neo4j_middleware.neo4jConnector: [neo4j_connector] Running query: MERGE(n23157:ts20201130T174446:PrimaryNode:IfcMember {GlobalId:"1s5utE$rDDfRKgzV...
2024-11-17 19:29:36,731: neo4j_middleware.neo4jConnector: [neo4j_connector] Query delta: <neo4j._sync.work.result.Result object at 0x00000228B27A2760>
2024-11-17 19:29:36,773: neo4j_middleware.neo4jConnector: [neo4j_connector] Received response. 
2024-11-17 19:29:36,793: neo4j_middleware.neo4jConnector: [neo4j_connector] Query delta: <neo4j._sync.work.result.Result object at 0x0000029FD4CD6D90>
2024-11-17 19:29:36,821: neo4j_middleware.neo4jConnector: [neo4j_connector] Received response. 
2024-11-17 19:29:36,835: neo4j_middleware.neo4jConnector: [neo4j_connector] Running query: MERGE(n22538:ts20201130T174446:SecondaryNode:IfcColourRgb {Name:"None", Red:0.83...
2024-11-17 19:29:36,888: neo4j_middleware.neo4jConnector: [neo4j_connector] Running query: MERGE(n23155:ts20201130T174446:SecondaryNode:IfcAxis2Placement3D {p21_id:23155, ...
2024-11-17 19:29:36,889: neo4j_middleware.neo4jConnector: [neo4j_connector] Query delta: <neo4j._sync.work.result.Result object at 0x00000228B2D85070>
2024-11-17 19:29:36,926: neo4j_middleware.neo4jConnector: [neo4j_connector] Received response. 
2024-11-17 19:29:36,945: neo4j_middleware.neo4jConnector: [neo4j_connector] Query delta: <neo4j._sync.work.result.Result object at 0x0000029FD4CEB2E0>
2024-11-17 19:29:36,976: neo4j_middleware.neo4jConnector: [neo4j_connector] Received response. 
2024-11-17 19:29:36,976: neo4j_middleware.neo4jConnector: [neo4j_connector] Running query: MERGE(n22534:ts20201130T174446:SecondaryNode:IfcCartesianPoint {Coordinates:"(-0...
2024-11-17 19:29:37,027: neo4j_middleware.neo4jConnector: [neo4j_connector] Running query: MERGE(n23153:ts20201130T174446:SecondaryNode:IfcCartesianPoint {Coordinates:"(3....
2024-11-17 19:29:37,039: neo4j_middleware.neo4jConnector: [neo4j_connector] Query delta: <neo4j._sync.work.result.Result object at 0x00000228B2D69D30>
2024-11-17 19:29:37,070: neo4j_middleware.neo4jConnector: [neo4j_connector] Query delta: <neo4j._sync.work.result.Result object at 0x0000029FD523DFD0>
2024-11-17 19:29:37,086: neo4j_middleware.neo4jConnector: [neo4j_connector] Received response. 
2024-11-17 19:29:37,117: neo4j_middleware.neo4jConnector: [neo4j_connector] Received response. 
2024-11-17 19:29:37,149: neo4j_middleware.neo4jConnector: [neo4j_connector] Running query: MERGE(n22532:ts20201130T174446:SecondaryNode:IfcAxis2Placement2D {p21_id:22532, ...
2024-11-17 19:29:37,164: neo4j_middleware.neo4jConnector: [neo4j_connector] Running query: MERGE(n23152:ts20201130T174446:SecondaryNode:IfcLocalPlacement {p21_id:23152, En...
2024-11-17 19:29:37,211: neo4j_middleware.neo4jConnector: [neo4j_connector] Query delta: <neo4j._sync.work.result.Result object at 0x00000228B2804AC0>
2024-11-17 19:29:37,227: neo4j_middleware.neo4jConnector: [neo4j_connector] Query delta: <neo4j._sync.work.result.Result object at 0x0000029FD4CD9580>
2024-11-17 19:29:37,243: neo4j_middleware.neo4jConnector: [neo4j_connector] Received response. 
2024-11-17 19:29:37,259: neo4j_middleware.neo4jConnector: [neo4j_connector] Received response. 
2024-11-17 19:29:37,305: neo4j_middleware.neo4jConnector: [neo4j_connector] Running query: MERGE(n22530:ts20201130T174446:SecondaryNode:IfcCartesianPoint {Coordinates:"(0....
2024-11-17 19:29:37,349: neo4j_middleware.neo4jConnector: [neo4j_connector] Running query: MERGE(n23149:ts20201130T174446:SecondaryNode:IfcCartesianPoint {Coordinates:"(3....
2024-11-17 19:29:37,364: neo4j_middleware.neo4jConnector: [neo4j_connector] Query delta: <neo4j._sync.work.result.Result object at 0x00000228B2D7C970>
2024-11-17 19:29:37,395: neo4j_middleware.neo4jConnector: [neo4j_connector] Query delta: <neo4j._sync.work.result.Result object at 0x0000029FD4CCDD90>
2024-11-17 19:29:37,418: neo4j_middleware.neo4jConnector: [neo4j_connector] Received response. 
2024-11-17 19:29:37,437: neo4j_middleware.neo4jConnector: [neo4j_connector] Received response. 
2024-11-17 19:29:37,479: neo4j_middleware.neo4jConnector: [neo4j_connector] Running query: MERGE(n22528:ts20201130T174446:SecondaryNode:IfcAxis2Placement3D {p21_id:22528, ...
2024-11-17 19:29:37,503: neo4j_middleware.neo4jConnector: [neo4j_connector] Running query: MERGE(n23140:ts20201130T174446:SecondaryNode:IfcRepresentationMap {p21_id:23140,...
2024-11-17 19:29:37,532: neo4j_middleware.neo4jConnector: [neo4j_connector] Query delta: <neo4j._sync.work.result.Result object at 0x00000228B2810B20>
2024-11-17 19:29:37,561: neo4j_middleware.neo4jConnector: [neo4j_connector] Query delta: <neo4j._sync.work.result.Result object at 0x0000029FD5243250>
2024-11-17 19:29:37,564: neo4j_middleware.neo4jConnector: [neo4j_connector] Received response. 
2024-11-17 19:29:37,588: neo4j_middleware.neo4jConnector: [neo4j_connector] Received response. 
2024-11-17 19:29:37,626: neo4j_middleware.neo4jConnector: [neo4j_connector] Running query: MERGE(n22520:ts20201130T174446:SecondaryNode:IfcPropertySet {GlobalId:"2x3Q2hpk5...
2024-11-17 19:29:37,645: neo4j_middleware.neo4jConnector: [neo4j_connector] Running query: MERGE(n23137:ts20201130T174446:SecondaryNode:IfcShapeRepresentation {Representat...
2024-11-17 19:29:37,689: neo4j_middleware.neo4jConnector: [neo4j_connector] Query delta: <neo4j._sync.work.result.Result object at 0x00000228B2D850A0>
2024-11-17 19:29:37,696: neo4j_middleware.neo4jConnector: [neo4j_connector] Query delta: <neo4j._sync.work.result.Result object at 0x0000029FD4CCFCD0>
2024-11-17 19:29:37,724: neo4j_middleware.neo4jConnector: [neo4j_connector] Received response. 
2024-11-17 19:29:37,731: neo4j_middleware.neo4jConnector: [neo4j_connector] Received response. 
2024-11-17 19:29:37,792: neo4j_middleware.neo4jConnector: [neo4j_connector] Running query: MERGE(n23134:ts20201130T174446:SecondaryNode:IfcStyledItem {Name:"None", p21_id:...
2024-11-17 19:29:37,849: neo4j_middleware.neo4jConnector: [neo4j_connector] Query delta: <neo4j._sync.work.result.Result object at 0x0000029FD4CD67C0>
2024-11-17 19:29:37,878: neo4j_middleware.neo4jConnector: [neo4j_connector] Received response. 
2024-11-17 19:29:37,928: neo4j_middleware.neo4jConnector: [neo4j_connector] Running query: MERGE(n23133:ts20201130T174446:SecondaryNode:IfcExtrudedAreaSolid {Depth:0.95833...
2024-11-17 19:29:37,985: neo4j_middleware.neo4jConnector: [neo4j_connector] Query delta: <neo4j._sync.work.result.Result object at 0x0000029FD4CEB0D0>
2024-11-17 19:29:38,016: neo4j_middleware.neo4jConnector: [neo4j_connector] Received response. 
2024-11-17 19:29:38,079: neo4j_middleware.neo4jConnector: [neo4j_connector] Running query: MERGE(n23129:ts20201130T174446:SecondaryNode:IfcRectangleProfileDef {ProfileType...
2024-11-17 19:29:38,142: neo4j_middleware.neo4jConnector: [neo4j_connector] Query delta: <neo4j._sync.work.result.Result object at 0x0000029FD5243DF0>
2024-11-17 19:29:38,184: neo4j_middleware.neo4jConnector: [neo4j_connector] Received response. 
2024-11-17 19:29:38,266: neo4j_middleware.neo4jConnector: [neo4j_connector] Running query: MERGE(n25067:ts20201130T174446:SecondaryNode:IfcAxis2Placement2D {p21_id:25067, ...
2024-11-17 19:29:38,316: neo4j_middleware.neo4jConnector: [neo4j_connector] Query delta: <neo4j._sync.work.result.Result object at 0x0000029FCE26ADF0>
2024-11-17 19:29:38,356: neo4j_middleware.neo4jConnector: [neo4j_connector] Received response. 
2024-11-17 19:29:38,420: neo4j_middleware.neo4jConnector: [neo4j_connector] Running query: MERGE(n23119:ts20201130T174446:SecondaryNode:IfcPropertySet {GlobalId:"1G$RZ$UIT...
2024-11-17 19:29:38,482: neo4j_middleware.neo4jConnector: [neo4j_connector] Query delta: <neo4j._sync.work.result.Result object at 0x0000029FD523D160>
2024-11-17 19:29:38,518: neo4j_middleware.neo4jConnector: [neo4j_connector] Received response. 
2024-11-17 19:29:38,588: neo4j_middleware.neo4jConnector: [neo4j_connector] Running query: MERGE(n23114:ts20201130T174446:PrimaryNode:IfcMember {GlobalId:"1s5utE$rDDfRKgzV...
2024-11-17 19:29:38,665: neo4j_middleware.neo4jConnector: [neo4j_connector] Query delta: <neo4j._sync.work.result.Result object at 0x0000029FD4CEB580>
2024-11-17 19:29:38,705: neo4j_middleware.neo4jConnector: [neo4j_connector] Received response. 
2024-11-17 19:29:38,768: neo4j_middleware.neo4jConnector: [neo4j_connector] Running query: MERGE(n23112:ts20201130T174446:SecondaryNode:IfcAxis2Placement3D {p21_id:23112, ...
2024-11-17 19:29:38,845: neo4j_middleware.neo4jConnector: [neo4j_connector] Query delta: <neo4j._sync.work.result.Result object at 0x0000029FD4CCEA60>
2024-11-17 19:29:38,882: neo4j_middleware.neo4jConnector: [neo4j_connector] Received response. 
2024-11-17 19:29:38,944: neo4j_middleware.neo4jConnector: [neo4j_connector] Running query: MERGE(n23110:ts20201130T174446:SecondaryNode:IfcCartesianPoint {Coordinates:"(3....
2024-11-17 19:29:38,996: neo4j_middleware.neo4jConnector: [neo4j_connector] Query delta: <neo4j._sync.work.result.Result object at 0x0000029FD5239B80>
2024-11-17 19:29:39,023: neo4j_middleware.neo4jConnector: [neo4j_connector] Received response. 
2024-11-17 19:29:39,085: neo4j_middleware.neo4jConnector: [neo4j_connector] Running query: MERGE(n23108:ts20201130T174446:SecondaryNode:IfcAxis2Placement3D {p21_id:23108, ...
2024-11-17 19:29:39,126: neo4j_middleware.neo4jConnector: [neo4j_connector] Query delta: <neo4j._sync.work.result.Result object at 0x0000029FD4CCFC10>
2024-11-17 19:29:39,147: neo4j_middleware.neo4jConnector: [neo4j_connector] Received response. 
2024-11-17 19:29:39,231: neo4j_middleware.neo4jConnector: [neo4j_connector] Running query: MERGE(n23104:ts20201130T174446:SecondaryNode:IfcProductDefinitionShape {Name:"No...
2024-11-17 19:29:39,287: neo4j_middleware.neo4jConnector: [neo4j_connector] Query delta: <neo4j._sync.work.result.Result object at 0x0000029FD5243E50>
2024-11-17 19:29:39,307: neo4j_middleware.neo4jConnector: [neo4j_connector] Received response. 
2024-11-17 19:29:39,371: neo4j_middleware.neo4jConnector: [neo4j_connector] Running query: MERGE(n23100:ts20201130T174446:SecondaryNode:IfcMappedItem {p21_id:23100, Entity...
2024-11-17 19:29:39,431: neo4j_middleware.neo4jConnector: [neo4j_connector] Query delta: <neo4j._sync.work.result.Result object at 0x0000029FD4CCD280>
2024-11-17 19:29:39,464: neo4j_middleware.neo4jConnector: [neo4j_connector] Received response. 
2024-11-17 19:29:39,514: neo4j_middleware.neo4jConnector: [neo4j_connector] Running query: MERGE(n23097:ts20201130T174446:SecondaryNode:IfcRepresentationMap {p21_id:23097,...
2024-11-17 19:29:39,564: neo4j_middleware.neo4jConnector: [neo4j_connector] Query delta: <neo4j._sync.work.result.Result object at 0x0000029FD523D040>
2024-11-17 19:29:39,607: neo4j_middleware.neo4jConnector: [neo4j_connector] Received response. 
2024-11-17 19:29:39,665: neo4j_middleware.neo4jConnector: [neo4j_connector] Running query: MERGE(n23089:ts20201130T174446:SecondaryNode:IfcAxis2Placement3D {p21_id:23089, ...
2024-11-17 19:29:39,722: neo4j_middleware.neo4jConnector: [neo4j_connector] Query delta: <neo4j._sync.work.result.Result object at 0x0000029FD4CEB730>
2024-11-17 19:29:39,752: neo4j_middleware.neo4jConnector: [neo4j_connector] Received response. 
2024-11-17 19:29:39,823: neo4j_middleware.neo4jConnector: [neo4j_connector] Running query: MERGE(n23087:ts20201130T174446:SecondaryNode:IfcCartesianPoint {Coordinates:"(-0...
2024-11-17 19:29:39,866: neo4j_middleware.neo4jConnector: [neo4j_connector] Query delta: <neo4j._sync.work.result.Result object at 0x0000029FD4CD6FA0>
2024-11-17 19:29:39,904: neo4j_middleware.neo4jConnector: [neo4j_connector] Received response. 
2024-11-17 19:29:39,965: neo4j_middleware.neo4jConnector: [neo4j_connector] Running query: MERGE(n23085:ts20201130T174446:SecondaryNode:IfcAxis2Placement2D {p21_id:23085, ...
2024-11-17 19:29:40,022: neo4j_middleware.neo4jConnector: [neo4j_connector] Query delta: <neo4j._sync.work.result.Result object at 0x0000029FD5239970>
2024-11-17 19:29:40,054: neo4j_middleware.neo4jConnector: [neo4j_connector] Received response. 
2024-11-17 19:29:40,121: neo4j_middleware.neo4jConnector: [neo4j_connector] Running query: MERGE(n25069:ts20201130T174446:SecondaryNode:IfcAxis2Placement3D {p21_id:25069, ...
2024-11-17 19:29:40,176: neo4j_middleware.neo4jConnector: [neo4j_connector] Query delta: <neo4j._sync.work.result.Result object at 0x0000029FD4CD6DC0>
2024-11-17 19:29:40,212: neo4j_middleware.neo4jConnector: [neo4j_connector] Received response. 
2024-11-17 19:29:40,270: neo4j_middleware.neo4jConnector: [neo4j_connector] Running query: MERGE(n23078:ts20201130T174446:PrimaryNode:IfcMember {GlobalId:"1s5utE$rDDfRKgzV...
2024-11-17 19:29:40,335: neo4j_middleware.neo4jConnector: [neo4j_connector] Query delta: <neo4j._sync.work.result.Result object at 0x0000029FD4CEBEE0>
2024-11-17 19:29:40,367: neo4j_middleware.neo4jConnector: [neo4j_connector] Received response. 
2024-11-17 19:29:40,427: neo4j_middleware.neo4jConnector: [neo4j_connector] Running query: MERGE(n25070:ts20201130T174446:SecondaryNode:IfcExtrudedAreaSolid {Depth:0.1, p2...
2024-11-17 19:29:40,488: neo4j_middleware.neo4jConnector: [neo4j_connector] Query delta: <neo4j._sync.work.result.Result object at 0x0000029FD523DB80>
2024-11-17 19:29:40,523: neo4j_middleware.neo4jConnector: [neo4j_connector] Received response. 
2024-11-17 19:29:40,576: neo4j_middleware.neo4jConnector: [neo4j_connector] Running query: MERGE(n23074:ts20201130T174446:SecondaryNode:IfcCartesianPoint {Coordinates:"(1....
2024-11-17 19:29:40,638: neo4j_middleware.neo4jConnector: [neo4j_connector] Query delta: <neo4j._sync.work.result.Result object at 0x0000029FD4CEBF40>
2024-11-17 19:29:40,670: neo4j_middleware.neo4jConnector: [neo4j_connector] Received response. 
2024-11-17 19:29:40,717: neo4j_middleware.neo4jConnector: [neo4j_connector] Running query: MERGE(n23072:ts20201130T174446:SecondaryNode:IfcAxis2Placement3D {p21_id:23072, ...
2024-11-17 19:29:40,780: neo4j_middleware.neo4jConnector: [neo4j_connector] Query delta: <neo4j._sync.work.result.Result object at 0x0000029FD523D280>
2024-11-17 19:29:40,814: neo4j_middleware.neo4jConnector: [neo4j_connector] Received response. 
2024-11-17 19:29:40,871: neo4j_middleware.neo4jConnector: [neo4j_connector] Running query: MERGE(n23070:ts20201130T174446:SecondaryNode:IfcCartesianPoint {Coordinates:"(1....
2024-11-17 19:29:40,930: neo4j_middleware.neo4jConnector: [neo4j_connector] Query delta: <neo4j._sync.work.result.Result object at 0x0000029FD4CC9160>
2024-11-17 19:29:40,948: neo4j_middleware.neo4jConnector: [neo4j_connector] Received response. 
2024-11-17 19:29:41,010: neo4j_middleware.neo4jConnector: [neo4j_connector] Running query: MERGE(n23057:ts20201130T174446:SecondaryNode:IfcLocalPlacement {p21_id:23057, En...
2024-11-17 19:29:41,064: neo4j_middleware.neo4jConnector: [neo4j_connector] Query delta: <neo4j._sync.work.result.Result object at 0x0000029FD4CCD040>
2024-11-17 19:29:41,096: neo4j_middleware.neo4jConnector: [neo4j_connector] Received response. 
2024-11-17 19:29:41,159: neo4j_middleware.neo4jConnector: [neo4j_connector] Running query: MERGE(n23052:ts20201130T174446:SecondaryNode:IfcProductDefinitionShape {Name:"No...
2024-11-17 19:29:41,221: neo4j_middleware.neo4jConnector: [neo4j_connector] Query delta: <neo4j._sync.work.result.Result object at 0x0000029FCD9FA550>
2024-11-17 19:29:41,253: neo4j_middleware.neo4jConnector: [neo4j_connector] Received response. 
2024-11-17 19:29:41,335: neo4j_middleware.neo4jConnector: [neo4j_connector] Running query: MERGE(n23049:ts20201130T174446:SecondaryNode:IfcMappedItem {p21_id:23049, Entity...
2024-11-17 19:29:41,379: neo4j_middleware.neo4jConnector: [neo4j_connector] Query delta: <neo4j._sync.work.result.Result object at 0x0000029FD4CEBE20>
2024-11-17 19:29:41,410: neo4j_middleware.neo4jConnector: [neo4j_connector] Received response. 
2024-11-17 19:29:41,473: neo4j_middleware.neo4jConnector: [neo4j_connector] Running query: MERGE(n23044:ts20201130T174446:SecondaryNode:IfcPropertySet {GlobalId:"15a3rV33H...
2024-11-17 19:29:41,552: neo4j_middleware.neo4jConnector: [neo4j_connector] Query delta: <neo4j._sync.work.result.Result object at 0x0000029FD4CCE5E0>
2024-11-17 19:29:41,578: neo4j_middleware.neo4jConnector: [neo4j_connector] Received response. 
2024-11-17 19:29:41,641: neo4j_middleware.neo4jConnector: [neo4j_connector] Running query: MERGE(n23042:ts20201130T174446:SecondaryNode:IfcPropertySet {GlobalId:"02j0sttOD...
2024-11-17 19:29:41,719: neo4j_middleware.neo4jConnector: [neo4j_connector] Query delta: <neo4j._sync.work.result.Result object at 0x0000029FD4CEB3A0>
2024-11-17 19:29:41,751: neo4j_middleware.neo4jConnector: [neo4j_connector] Received response. 
2024-11-17 19:29:41,814: neo4j_middleware.neo4jConnector: [neo4j_connector] Running query: MERGE(n23037:ts20201130T174446:SecondaryNode:IfcAxis2Placement3D {p21_id:23037, ...
2024-11-17 19:29:41,877: neo4j_middleware.neo4jConnector: [neo4j_connector] Query delta: <neo4j._sync.work.result.Result object at 0x0000029FD523DCD0>
2024-11-17 19:29:41,908: neo4j_middleware.neo4jConnector: [neo4j_connector] Received response. 
2024-11-17 19:29:41,987: neo4j_middleware.neo4jConnector: [neo4j_connector] Running query: MERGE(n23034:ts20201130T174446:SecondaryNode:IfcLocalPlacement {p21_id:23034, En...
2024-11-17 19:29:42,038: neo4j_middleware.neo4jConnector: [neo4j_connector] Query delta: <neo4j._sync.work.result.Result object at 0x0000029FD524D340>
2024-11-17 19:29:42,066: neo4j_middleware.neo4jConnector: [neo4j_connector] Received response. 
2024-11-17 19:29:42,138: neo4j_middleware.neo4jConnector: [neo4j_connector] Running query: MERGE(n23033:ts20201130T174446:SecondaryNode:IfcAxis2Placement3D {p21_id:23033, ...
2024-11-17 19:29:42,195: neo4j_middleware.neo4jConnector: [neo4j_connector] Query delta: <neo4j._sync.work.result.Result object at 0x0000029FD4CCD700>
2024-11-17 19:29:42,228: neo4j_middleware.neo4jConnector: [neo4j_connector] Received response. 
2024-11-17 19:29:42,290: neo4j_middleware.neo4jConnector: [neo4j_connector] Running query: MERGE(n23029:ts20201130T174446:SecondaryNode:IfcProductDefinitionShape {Name:"No...
2024-11-17 19:29:42,346: neo4j_middleware.neo4jConnector: [neo4j_connector] Query delta: <neo4j._sync.work.result.Result object at 0x0000029FD524DF70>
2024-11-17 19:29:42,376: neo4j_middleware.neo4jConnector: [neo4j_connector] Received response. 
2024-11-17 19:29:42,438: neo4j_middleware.neo4jConnector: [neo4j_connector] Running query: MERGE(n23027:ts20201130T174446:SecondaryNode:IfcShapeRepresentation {Representat...
2024-11-17 19:29:42,501: neo4j_middleware.neo4jConnector: [neo4j_connector] Query delta: <neo4j._sync.work.result.Result object at 0x0000029FD4CEBAC0>
2024-11-17 19:29:42,532: neo4j_middleware.neo4jConnector: [neo4j_connector] Received response. 
2024-11-17 19:29:42,592: neo4j_middleware.neo4jConnector: [neo4j_connector] Running query: MERGE(n23025:ts20201130T174446:SecondaryNode:IfcMappedItem {p21_id:23025, Entity...
2024-11-17 19:29:42,641: neo4j_middleware.neo4jConnector: [neo4j_connector] Query delta: <neo4j._sync.work.result.Result object at 0x0000029FD5243190>
2024-11-17 19:29:42,672: neo4j_middleware.neo4jConnector: [neo4j_connector] Received response. 
2024-11-17 19:29:42,738: neo4j_middleware.neo4jConnector: [neo4j_connector] Running query: MERGE(n23022:ts20201130T174446:SecondaryNode:IfcRepresentationMap {p21_id:23022,...
2024-11-17 19:29:42,798: neo4j_middleware.neo4jConnector: [neo4j_connector] Query delta: <neo4j._sync.work.result.Result object at 0x0000029FD4CEBBB0>
2024-11-17 19:29:42,829: neo4j_middleware.neo4jConnector: [neo4j_connector] Received response. 
2024-11-17 19:29:42,892: neo4j_middleware.neo4jConnector: [neo4j_connector] Running query: MERGE(n23019:ts20201130T174446:SecondaryNode:IfcShapeRepresentation {Representat...
2024-11-17 19:29:42,939: neo4j_middleware.neo4jConnector: [neo4j_connector] Query delta: <neo4j._sync.work.result.Result object at 0x0000029FD5239FD0>
2024-11-17 19:29:42,971: neo4j_middleware.neo4jConnector: [neo4j_connector] Received response. 
2024-11-17 19:29:43,040: neo4j_middleware.neo4jConnector: [neo4j_connector] Running query: MERGE(n23014:ts20201130T174446:SecondaryNode:IfcAxis2Placement3D {p21_id:23014, ...
2024-11-17 19:29:43,096: neo4j_middleware.neo4jConnector: [neo4j_connector] Query delta: <neo4j._sync.work.result.Result object at 0x0000029FD524DEB0>
2024-11-17 19:29:43,128: neo4j_middleware.neo4jConnector: [neo4j_connector] Received response. 
2024-11-17 19:29:43,184: neo4j_middleware.neo4jConnector: [neo4j_connector] Running query: MERGE(n23012:ts20201130T174446:SecondaryNode:IfcCartesianPoint {Coordinates:"(0....
2024-11-17 19:29:43,251: neo4j_middleware.neo4jConnector: [neo4j_connector] Query delta: <neo4j._sync.work.result.Result object at 0x0000029FD4CCD6D0>
2024-11-17 19:29:43,284: neo4j_middleware.neo4jConnector: [neo4j_connector] Received response. 
2024-11-17 19:29:43,340: neo4j_middleware.neo4jConnector: [neo4j_connector] Running query: MERGE(n23011:ts20201130T174446:SecondaryNode:IfcRectangleProfileDef {ProfileType...
2024-11-17 19:29:43,399: neo4j_middleware.neo4jConnector: [neo4j_connector] Query delta: <neo4j._sync.work.result.Result object at 0x0000029FD524DA60>
2024-11-17 19:29:43,432: neo4j_middleware.neo4jConnector: [neo4j_connector] Received response. 
2024-11-17 19:29:43,494: neo4j_middleware.neo4jConnector: [neo4j_connector] Running query: MERGE(n23010:ts20201130T174446:SecondaryNode:IfcAxis2Placement2D {p21_id:23010, ...
2024-11-17 19:29:43,540: neo4j_middleware.neo4jConnector: [neo4j_connector] Query delta: <neo4j._sync.work.result.Result object at 0x0000029FD523D250>
2024-11-17 19:29:43,565: neo4j_middleware.neo4jConnector: [neo4j_connector] Received response. 
2024-11-17 19:29:43,641: neo4j_middleware.neo4jConnector: [neo4j_connector] Running query: MERGE(n23008:ts20201130T174446:SecondaryNode:IfcCartesianPoint {Coordinates:"(0....
2024-11-17 19:29:43,689: neo4j_middleware.neo4jConnector: [neo4j_connector] Query delta: <neo4j._sync.work.result.Result object at 0x0000029FD5243880>
2024-11-17 19:29:43,723: neo4j_middleware.neo4jConnector: [neo4j_connector] Received response. 
2024-11-17 19:29:43,780: neo4j_middleware.neo4jConnector: [neo4j_connector] Running query: MERGE(n25075:ts20201130T174446:SecondaryNode:IfcCartesianPoint {Coordinates:"(6....
2024-11-17 19:29:43,836: neo4j_middleware.neo4jConnector: [neo4j_connector] Query delta: <neo4j._sync.work.result.Result object at 0x0000029FD4CEBA30>
2024-11-17 19:29:43,862: neo4j_middleware.neo4jConnector: [neo4j_connector] Received response. 
2024-11-17 19:29:43,922: neo4j_middleware.neo4jConnector: [neo4j_connector] Running query: MERGE(n22999:ts20201130T174446:SecondaryNode:IfcPropertySet {GlobalId:"0m8w$nfiT...
2024-11-17 19:29:43,981: neo4j_middleware.neo4jConnector: [neo4j_connector] Query delta: <neo4j._sync.work.result.Result object at 0x0000029FD523D580>
2024-11-17 19:29:44,010: neo4j_middleware.neo4jConnector: [neo4j_connector] Received response. 
2024-11-17 19:29:44,073: neo4j_middleware.neo4jConnector: [neo4j_connector] Running query: MERGE(n25077:ts20201130T174446:SecondaryNode:IfcAxis2Placement3D {p21_id:25077, ...
2024-11-17 19:29:44,129: neo4j_middleware.neo4jConnector: [neo4j_connector] Query delta: <neo4j._sync.work.result.Result object at 0x0000029FCE26ADF0>
2024-11-17 19:29:44,161: neo4j_middleware.neo4jConnector: [neo4j_connector] Received response. 
2024-11-17 19:29:44,217: neo4j_middleware.neo4jConnector: [neo4j_connector] Running query: MERGE(n22992:ts20201130T174446:SecondaryNode:IfcCartesianPoint {Coordinates:"(-4...
2024-11-17 19:29:44,282: neo4j_middleware.neo4jConnector: [neo4j_connector] Query delta: <neo4j._sync.work.result.Result object at 0x0000029FD4CCDE80>
2024-11-17 19:29:44,298: neo4j_middleware.neo4jConnector: [neo4j_connector] Received response. 
2024-11-17 19:29:44,361: neo4j_middleware.neo4jConnector: [neo4j_connector] Running query: MERGE(n22988:ts20201130T174446:SecondaryNode:IfcCartesianPoint {Coordinates:"(-4...
2024-11-17 19:29:44,432: neo4j_middleware.neo4jConnector: [neo4j_connector] Query delta: <neo4j._sync.work.result.Result object at 0x0000029FD524DE20>
2024-11-17 19:29:44,449: neo4j_middleware.neo4jConnector: [neo4j_connector] Received response. 
2024-11-17 19:29:44,527: neo4j_middleware.neo4jConnector: [neo4j_connector] Running query: MERGE(n22984:ts20201130T174446:SecondaryNode:IfcShapeRepresentation {Representat...
2024-11-17 19:29:44,589: neo4j_middleware.neo4jConnector: [neo4j_connector] Query delta: <neo4j._sync.work.result.Result object at 0x0000029FD523DA30>
2024-11-17 19:29:44,621: neo4j_middleware.neo4jConnector: [neo4j_connector] Received response. 
2024-11-17 19:29:44,683: neo4j_middleware.neo4jConnector: [neo4j_connector] Running query: MERGE(n22982:ts20201130T174446:SecondaryNode:IfcMappedItem {p21_id:22982, Entity...
2024-11-17 19:29:44,773: neo4j_middleware.neo4jConnector: [neo4j_connector] Query delta: <neo4j._sync.work.result.Result object at 0x0000029FD5243FA0>
2024-11-17 19:29:44,851: neo4j_middleware.neo4jConnector: [neo4j_connector] Received response. 
2024-11-17 19:29:44,989: neo4j_middleware.neo4jConnector: [neo4j_connector] Running query: MERGE(n22980:ts20201130T174446:PrimaryNode:IfcMemberType {GlobalId:"3gZpO5KU15lg...
2024-11-17 19:29:45,059: neo4j_middleware.neo4jConnector: [neo4j_connector] Query delta: <neo4j._sync.work.result.Result object at 0x0000029FD4CEBF10>
2024-11-17 19:29:45,125: neo4j_middleware.neo4jConnector: [neo4j_connector] Received response. 
2024-11-17 19:29:45,251: neo4j_middleware.neo4jConnector: [neo4j_connector] Running query: MERGE(n22978:ts20201130T174446:SecondaryNode:IfcAxis2Placement3D {p21_id:22978, ...
2024-11-17 19:29:45,325: neo4j_middleware.neo4jConnector: [neo4j_connector] Query delta: <neo4j._sync.work.result.Result object at 0x0000029FD524DB20>
2024-11-17 19:29:45,388: neo4j_middleware.neo4jConnector: [neo4j_connector] Received response. 
2024-11-17 19:29:45,524: neo4j_middleware.neo4jConnector: [neo4j_connector] Running query: MERGE(n22973:ts20201130T174446:SecondaryNode:IfcStyledItem {Name:"None", p21_id:...
2024-11-17 19:29:45,583: neo4j_middleware.neo4jConnector: [neo4j_connector] Query delta: <neo4j._sync.work.result.Result object at 0x0000029FCE26ADF0>
2024-11-17 19:29:45,614: neo4j_middleware.neo4jConnector: [neo4j_connector] Received response. 
2024-11-17 19:29:45,724: neo4j_middleware.neo4jConnector: [neo4j_connector] Running query: MERGE(n22969:ts20201130T174446:SecondaryNode:IfcCartesianPoint {Coordinates:"(-0...
2024-11-17 19:29:45,803: neo4j_middleware.neo4jConnector: [neo4j_connector] Query delta: <neo4j._sync.work.result.Result object at 0x0000029FD4CCD2E0>
2024-11-17 19:29:45,844: neo4j_middleware.neo4jConnector: [neo4j_connector] Received response. 
2024-11-17 19:29:45,913: neo4j_middleware.neo4jConnector: [neo4j_connector] Running query: MERGE(n22967:ts20201130T174446:SecondaryNode:IfcAxis2Placement2D {p21_id:22967, ...
2024-11-17 19:29:45,964: neo4j_middleware.neo4jConnector: [neo4j_connector] Query delta: <neo4j._sync.work.result.Result object at 0x0000029FD4CD9760>
2024-11-17 19:29:45,993: neo4j_middleware.neo4jConnector: [neo4j_connector] Received response. 
2024-11-17 19:29:46,054: neo4j_middleware.neo4jConnector: [neo4j_connector] Running query: MERGE(n22965:ts20201130T174446:SecondaryNode:IfcCartesianPoint {Coordinates:"(0....
2024-11-17 19:29:46,102: neo4j_middleware.neo4jConnector: [neo4j_connector] Query delta: <neo4j._sync.work.result.Result object at 0x0000029FD524DCA0>
2024-11-17 19:29:46,144: neo4j_middleware.neo4jConnector: [neo4j_connector] Received response. 
2024-11-17 19:29:46,206: neo4j_middleware.neo4jConnector: [neo4j_connector] Running query: MERGE(n22963:ts20201130T174446:SecondaryNode:IfcAxis2Placement3D {p21_id:22963, ...
2024-11-17 19:29:46,292: neo4j_middleware.neo4jConnector: [neo4j_connector] Query delta: <neo4j._sync.work.result.Result object at 0x0000029FD4CEBE20>
2024-11-17 19:29:46,326: neo4j_middleware.neo4jConnector: [neo4j_connector] Received response. 
2024-11-17 19:29:46,386: neo4j_middleware.neo4jConnector: [neo4j_connector] Running query: MERGE(n22955:ts20201130T174446:SecondaryNode:IfcPropertySingleValue {Name:"Refer...
2024-11-17 19:29:46,442: neo4j_middleware.neo4jConnector: [neo4j_connector] Query delta: <neo4j._sync.work.result.Result object at 0x0000029FD523D280>
2024-11-17 19:29:46,477: neo4j_middleware.neo4jConnector: [neo4j_connector] Received response. 
2024-11-17 19:29:46,534: neo4j_middleware.neo4jConnector: [neo4j_connector] Running query: MERGE(n22952:ts20201130T174446:PrimaryNode:IfcMember {GlobalId:"1s5utE$rDDfRKgzV...
2024-11-17 19:29:46,597: neo4j_middleware.neo4jConnector: [neo4j_connector] Query delta: <neo4j._sync.work.result.Result object at 0x0000029FD524DBB0>
2024-11-17 19:29:46,632: neo4j_middleware.neo4jConnector: [neo4j_connector] Received response. 
2024-11-17 19:29:46,692: neo4j_middleware.neo4jConnector: [neo4j_connector] Running query: MERGE(n25079:ts20201130T174446:PrimaryNode:IfcOpeningElement {GlobalId:"2idC0G3e...
2024-11-17 19:29:46,756: neo4j_middleware.neo4jConnector: [neo4j_connector] Query delta: <neo4j._sync.work.result.Result object at 0x0000029FD4CD9280>
2024-11-17 19:29:46,793: neo4j_middleware.neo4jConnector: [neo4j_connector] Received response. 
2024-11-17 19:29:46,851: neo4j_middleware.neo4jConnector: [neo4j_connector] Running query: MERGE(n22950:ts20201130T174446:SecondaryNode:IfcAxis2Placement3D {p21_id:22950, ...
2024-11-17 19:29:46,906: neo4j_middleware.neo4jConnector: [neo4j_connector] Query delta: <neo4j._sync.work.result.Result object at 0x0000029FD4CCD2E0>
2024-11-17 19:29:46,937: neo4j_middleware.neo4jConnector: [neo4j_connector] Received response. 
2024-11-17 19:29:47,000: neo4j_middleware.neo4jConnector: [neo4j_connector] Running query: MERGE(n22948:ts20201130T174446:SecondaryNode:IfcCartesianPoint {Coordinates:"(3....
2024-11-17 19:29:47,063: neo4j_middleware.neo4jConnector: [neo4j_connector] Query delta: <neo4j._sync.work.result.Result object at 0x0000029FD4CCFAC0>
2024-11-17 19:29:47,094: neo4j_middleware.neo4jConnector: [neo4j_connector] Received response. 
2024-11-17 19:29:47,157: neo4j_middleware.neo4jConnector: [neo4j_connector] Running query: MERGE(n22944:ts20201130T174446:SecondaryNode:IfcCartesianPoint {Coordinates:"(3....
2024-11-17 19:29:47,220: neo4j_middleware.neo4jConnector: [neo4j_connector] Query delta: <neo4j._sync.work.result.Result object at 0x0000029FD524D0A0>
2024-11-17 19:29:47,251: neo4j_middleware.neo4jConnector: [neo4j_connector] Received response. 
2024-11-17 19:29:47,314: neo4j_middleware.neo4jConnector: [neo4j_connector] Running query: MERGE(n22942:ts20201130T174446:SecondaryNode:IfcProductDefinitionShape {Name:"No...
2024-11-17 19:29:47,378: neo4j_middleware.neo4jConnector: [neo4j_connector] Query delta: <neo4j._sync.work.result.Result object at 0x0000029FD4CEBBE0>
2024-11-17 19:29:47,411: neo4j_middleware.neo4jConnector: [neo4j_connector] Received response. 
2024-11-17 19:29:47,473: neo4j_middleware.neo4jConnector: [neo4j_connector] Running query: MERGE(n22940:ts20201130T174446:SecondaryNode:IfcShapeRepresentation {Representat...
2024-11-17 19:29:47,533: neo4j_middleware.neo4jConnector: [neo4j_connector] Query delta: <neo4j._sync.work.result.Result object at 0x0000029FD524D280>
2024-11-17 19:29:47,568: neo4j_middleware.neo4jConnector: [neo4j_connector] Received response. 
2024-11-17 19:29:47,627: neo4j_middleware.neo4jConnector: [neo4j_connector] Running query: MERGE(n22929:ts20201130T174446:SecondaryNode:IfcStyledItem {Name:"None", p21_id:...
2024-11-17 19:29:47,679: neo4j_middleware.neo4jConnector: [neo4j_connector] Query delta: <neo4j._sync.work.result.Result object at 0x0000029FD523D8E0>
2024-11-17 19:29:47,708: neo4j_middleware.neo4jConnector: [neo4j_connector] Received response. 
2024-11-17 19:29:47,772: neo4j_middleware.neo4jConnector: [neo4j_connector] Running query: MERGE(n22927:ts20201130T174446:SecondaryNode:IfcAxis2Placement3D {p21_id:22927, ...
2024-11-17 19:29:47,821: neo4j_middleware.neo4jConnector: [neo4j_connector] Query delta: <neo4j._sync.work.result.Result object at 0x0000029FD4CD95B0>
2024-11-17 19:29:47,852: neo4j_middleware.neo4jConnector: [neo4j_connector] Received response. 
2024-11-17 19:29:47,915: neo4j_middleware.neo4jConnector: [neo4j_connector] Running query: MERGE(n22925:ts20201130T174446:SecondaryNode:IfcCartesianPoint {Coordinates:"(-0...
2024-11-17 19:29:47,969: neo4j_middleware.neo4jConnector: [neo4j_connector] Query delta: <neo4j._sync.work.result.Result object at 0x0000029FD4CEBF40>
2024-11-17 19:29:48,000: neo4j_middleware.neo4jConnector: [neo4j_connector] Received response. 
2024-11-17 19:29:48,063: neo4j_middleware.neo4jConnector: [neo4j_connector] Running query: MERGE(n22924:ts20201130T174446:SecondaryNode:IfcRectangleProfileDef {ProfileType...
2024-11-17 19:29:48,110: neo4j_middleware.neo4jConnector: [neo4j_connector] Query delta: <neo4j._sync.work.result.Result object at 0x0000029FD4CD9FA0>
2024-11-17 19:29:48,157: neo4j_middleware.neo4jConnector: [neo4j_connector] Received response. 
2024-11-17 19:29:48,220: neo4j_middleware.neo4jConnector: [neo4j_connector] Running query: MERGE(n25082:ts20201130T174446:ConnectionNode:IfcRelVoidsElement {GlobalId:"2idC...
2024-11-17 19:29:48,283: neo4j_middleware.neo4jConnector: [neo4j_connector] Query delta: <neo4j._sync.work.result.Result object at 0x0000029FD523DB50>
2024-11-17 19:29:48,315: neo4j_middleware.neo4jConnector: [neo4j_connector] Received response. 
2024-11-17 19:29:48,375: neo4j_middleware.neo4jConnector: [neo4j_connector] Running query: MERGE(n22914:ts20201130T174446:SecondaryNode:IfcAxis2Placement3D {p21_id:22914, ...
2024-11-17 19:29:48,430: neo4j_middleware.neo4jConnector: [neo4j_connector] Query delta: <neo4j._sync.work.result.Result object at 0x0000029FD524DAC0>
2024-11-17 19:29:48,453: neo4j_middleware.neo4jConnector: [neo4j_connector] Received response. 
2024-11-17 19:29:48,522: neo4j_middleware.neo4jConnector: [neo4j_connector] Running query: MERGE(n22912:ts20201130T174446:SecondaryNode:IfcCartesianPoint {Coordinates:"(2....
2024-11-17 19:29:48,577: neo4j_middleware.neo4jConnector: [neo4j_connector] Query delta: <neo4j._sync.work.result.Result object at 0x0000029FD524DC10>
2024-11-17 19:29:48,609: neo4j_middleware.neo4jConnector: [neo4j_connector] Received response. 
2024-11-17 19:29:48,656: neo4j_middleware.neo4jConnector: [neo4j_connector] Running query: MERGE(n22910:ts20201130T174446:SecondaryNode:IfcAxis2Placement3D {p21_id:22910, ...
2024-11-17 19:29:48,719: neo4j_middleware.neo4jConnector: [neo4j_connector] Query delta: <neo4j._sync.work.result.Result object at 0x0000029FD4CD6160>
2024-11-17 19:29:48,756: neo4j_middleware.neo4jConnector: [neo4j_connector] Received response. 
2024-11-17 19:29:48,807: neo4j_middleware.neo4jConnector: [neo4j_connector] Running query: MERGE(n22904:ts20201130T174446:SecondaryNode:IfcShapeRepresentation {Representat...
2024-11-17 19:29:48,886: neo4j_middleware.neo4jConnector: [neo4j_connector] Query delta: <neo4j._sync.work.result.Result object at 0x0000029FD4CD9100>
2024-11-17 19:29:48,917: neo4j_middleware.neo4jConnector: [neo4j_connector] Received response. 
2024-11-17 19:29:48,980: neo4j_middleware.neo4jConnector: [neo4j_connector] Running query: MERGE(n22903:ts20201130T174446:SecondaryNode:IfcMappedItem {p21_id:22903, Entity...
2024-11-17 19:29:49,043: neo4j_middleware.neo4jConnector: [neo4j_connector] Query delta: <neo4j._sync.work.result.Result object at 0x0000029FD4CCFCA0>
2024-11-17 19:29:49,072: neo4j_middleware.neo4jConnector: [neo4j_connector] Received response. 
2024-11-17 19:29:49,134: neo4j_middleware.neo4jConnector: [neo4j_connector] Running query: MERGE(n22899:ts20201130T174446:SecondaryNode:IfcLocalPlacement {p21_id:22899, En...
2024-11-17 19:29:49,182: neo4j_middleware.neo4jConnector: [neo4j_connector] Query delta: <neo4j._sync.work.result.Result object at 0x0000029FD4CD9E50>
2024-11-17 19:29:49,229: neo4j_middleware.neo4jConnector: [neo4j_connector] Received response. 
2024-11-17 19:29:49,292: neo4j_middleware.neo4jConnector: [neo4j_connector] Running query: MERGE(n22892:ts20201130T174446:SecondaryNode:IfcCartesianPoint {Coordinates:"(0....
2024-11-17 19:29:49,354: neo4j_middleware.neo4jConnector: [neo4j_connector] Query delta: <neo4j._sync.work.result.Result object at 0x0000029FD4CD60D0>
2024-11-17 19:29:49,386: neo4j_middleware.neo4jConnector: [neo4j_connector] Received response. 
2024-11-17 19:29:49,454: neo4j_middleware.neo4jConnector: [neo4j_connector] Running query: MERGE(n22888:ts20201130T174446:SecondaryNode:IfcShapeRepresentation {Representat...
2024-11-17 19:29:49,514: neo4j_middleware.neo4jConnector: [neo4j_connector] Query delta: <neo4j._sync.work.result.Result object at 0x0000029FD524D940>
2024-11-17 19:29:49,540: neo4j_middleware.neo4jConnector: [neo4j_connector] Received response. 
2024-11-17 19:29:49,588: neo4j_middleware.neo4jConnector: [neo4j_connector] Running query: MERGE(n22884:ts20201130T174446:PrimaryNode:IfcPlate {GlobalId:"1s5utE$rDDfRKgzV6...
2024-11-17 19:29:49,649: neo4j_middleware.neo4jConnector: [neo4j_connector] Query delta: <neo4j._sync.work.result.Result object at 0x0000029FD524DFD0>
2024-11-17 19:29:49,684: neo4j_middleware.neo4jConnector: [neo4j_connector] Received response. 
2024-11-17 19:29:49,749: neo4j_middleware.neo4jConnector: [neo4j_connector] Running query: MERGE(n22882:ts20201130T174446:SecondaryNode:IfcAxis2Placement3D {p21_id:22882, ...
2024-11-17 19:29:49,804: neo4j_middleware.neo4jConnector: [neo4j_connector] Query delta: <neo4j._sync.work.result.Result object at 0x0000029FD4CD62B0>
2024-11-17 19:29:49,835: neo4j_middleware.neo4jConnector: [neo4j_connector] Received response. 
2024-11-17 19:29:49,898: neo4j_middleware.neo4jConnector: [neo4j_connector] Running query: MERGE(n22880:ts20201130T174446:SecondaryNode:IfcCartesianPoint {Coordinates:"(-1...
2024-11-17 19:29:49,961: neo4j_middleware.neo4jConnector: [neo4j_connector] Query delta: <neo4j._sync.work.result.Result object at 0x0000029FD4CEB130>
2024-11-17 19:29:49,976: neo4j_middleware.neo4jConnector: [neo4j_connector] Received response. 
2024-11-17 19:29:50,039: neo4j_middleware.neo4jConnector: [neo4j_connector] Running query: MERGE(n25091:ts20201130T174446:SecondaryNode:IfcCartesianPoint {Coordinates:"(1....
2024-11-17 19:29:50,092: neo4j_middleware.neo4jConnector: [neo4j_connector] Query delta: <neo4j._sync.work.result.Result object at 0x0000029FD5243E50>
2024-11-17 19:29:50,134: neo4j_middleware.neo4jConnector: [neo4j_connector] Received response. 
2024-11-17 19:29:50,187: neo4j_middleware.neo4jConnector: [neo4j_connector] Running query: MERGE(n22874:ts20201130T174446:SecondaryNode:IfcProductDefinitionShape {Name:"No...
2024-11-17 19:29:50,253: neo4j_middleware.neo4jConnector: [neo4j_connector] Query delta: <neo4j._sync.work.result.Result object at 0x0000029FD4CEBE20>
2024-11-17 19:29:50,285: neo4j_middleware.neo4jConnector: [neo4j_connector] Received response. 
2024-11-17 19:29:50,363: neo4j_middleware.neo4jConnector: [neo4j_connector] Running query: MERGE(n22867:ts20201130T174446:SecondaryNode:IfcLocalPlacement {p21_id:22867, En...
2024-11-17 19:29:50,426: neo4j_middleware.neo4jConnector: [neo4j_connector] Query delta: <neo4j._sync.work.result.Result object at 0x0000029FD4CD6880>
2024-11-17 19:29:50,469: neo4j_middleware.neo4jConnector: [neo4j_connector] Received response. 
2024-11-17 19:29:50,520: neo4j_middleware.neo4jConnector: [neo4j_connector] Running query: MERGE(n22866:ts20201130T174446:SecondaryNode:IfcAxis2Placement3D {p21_id:22866, ...
2024-11-17 19:29:50,599: neo4j_middleware.neo4jConnector: [neo4j_connector] Query delta: <neo4j._sync.work.result.Result object at 0x0000029FD4CCD130>
2024-11-17 19:29:50,630: neo4j_middleware.neo4jConnector: [neo4j_connector] Received response. 
2024-11-17 19:29:50,678: neo4j_middleware.neo4jConnector: [neo4j_connector] Running query: MERGE(n25093:ts20201130T174446:SecondaryNode:IfcAxis2Placement2D {p21_id:25093, ...
2024-11-17 19:29:50,740: neo4j_middleware.neo4jConnector: [neo4j_connector] Query delta: <neo4j._sync.work.result.Result object at 0x0000029FD523D700>
2024-11-17 19:29:50,772: neo4j_middleware.neo4jConnector: [neo4j_connector] Received response. 
2024-11-17 19:29:50,835: neo4j_middleware.neo4jConnector: [neo4j_connector] Running query: MERGE(n22862:ts20201130T174446:SecondaryNode:IfcAxis2Placement3D {p21_id:22862, ...
2024-11-17 19:29:50,897: neo4j_middleware.neo4jConnector: [neo4j_connector] Query delta: <neo4j._sync.work.result.Result object at 0x0000029FD4CD9790>
2024-11-17 19:29:50,927: neo4j_middleware.neo4jConnector: [neo4j_connector] Received response. 
2024-11-17 19:29:50,990: neo4j_middleware.neo4jConnector: [neo4j_connector] Running query: MERGE(n22858:ts20201130T174446:SecondaryNode:IfcProductDefinitionShape {Name:"No...
2024-11-17 19:29:51,037: neo4j_middleware.neo4jConnector: [neo4j_connector] Query delta: <neo4j._sync.work.result.Result object at 0x0000029FD4CCF400>
2024-11-17 19:29:51,084: neo4j_middleware.neo4jConnector: [neo4j_connector] Received response. 
2024-11-17 19:29:51,142: neo4j_middleware.neo4jConnector: [neo4j_connector] Running query: MERGE(n22852:ts20201130T174446:PrimaryNode:IfcPlate {GlobalId:"1s5utE$rDDfRKgzV6...
2024-11-17 19:29:51,205: neo4j_middleware.neo4jConnector: [neo4j_connector] Query delta: <neo4j._sync.work.result.Result object at 0x0000029FD5243F70>
2024-11-17 19:29:51,237: neo4j_middleware.neo4jConnector: [neo4j_connector] Received response. 
2024-11-17 19:29:51,299: neo4j_middleware.neo4jConnector: [neo4j_connector] Running query: MERGE(n22851:ts20201130T174446:SecondaryNode:IfcLocalPlacement {p21_id:22851, En...
2024-11-17 19:29:51,346: neo4j_middleware.neo4jConnector: [neo4j_connector] Query delta: <neo4j._sync.work.result.Result object at 0x0000029FD4CEBBB0>
2024-11-17 19:29:51,378: neo4j_middleware.neo4jConnector: [neo4j_connector] Received response. 
2024-11-17 19:29:51,441: neo4j_middleware.neo4jConnector: [neo4j_connector] Running query: MERGE(n22850:ts20201130T174446:SecondaryNode:IfcAxis2Placement3D {p21_id:22850, ...
2024-11-17 19:29:51,504: neo4j_middleware.neo4jConnector: [neo4j_connector] Query delta: <neo4j._sync.work.result.Result object at 0x0000029FD4CD63A0>
2024-11-17 19:29:51,519: neo4j_middleware.neo4jConnector: [neo4j_connector] Received response. 
2024-11-17 19:29:51,583: neo4j_middleware.neo4jConnector: [neo4j_connector] Running query: MERGE(n22848:ts20201130T174446:SecondaryNode:IfcCartesianPoint {Coordinates:"(2....
2024-11-17 19:29:51,654: neo4j_middleware.neo4jConnector: [neo4j_connector] Query delta: <neo4j._sync.work.result.Result object at 0x0000029FD524DEE0>
2024-11-17 19:29:51,691: neo4j_middleware.neo4jConnector: [neo4j_connector] Received response. 
2024-11-17 19:29:51,741: neo4j_middleware.neo4jConnector: [neo4j_connector] Running query: MERGE(n25094:ts20201130T174446:SecondaryNode:IfcRectangleProfileDef {ProfileType...
2024-11-17 19:29:51,804: neo4j_middleware.neo4jConnector: [neo4j_connector] Query delta: <neo4j._sync.work.result.Result object at 0x0000029FD523D1C0>
2024-11-17 19:29:51,835: neo4j_middleware.neo4jConnector: [neo4j_connector] Received response. 
2024-11-17 19:29:51,898: neo4j_middleware.neo4jConnector: [neo4j_connector] Running query: MERGE(n22844:ts20201130T174446:SecondaryNode:IfcCartesianPoint {Coordinates:"(2....
2024-11-17 19:29:51,945: neo4j_middleware.neo4jConnector: [neo4j_connector] Query delta: <neo4j._sync.work.result.Result object at 0x0000029FD4CD98B0>
2024-11-17 19:29:51,977: neo4j_middleware.neo4jConnector: [neo4j_connector] Received response. 
2024-11-17 19:29:52,055: neo4j_middleware.neo4jConnector: [neo4j_connector] Running query: MERGE(n22839:ts20201130T174446:SecondaryNode:IfcMappedItem {p21_id:22839, Entity...
2024-11-17 19:29:52,102: neo4j_middleware.neo4jConnector: [neo4j_connector] Query delta: <neo4j._sync.work.result.Result object at 0x0000029FD4CEBBB0>
2024-11-17 19:29:52,134: neo4j_middleware.neo4jConnector: [neo4j_connector] Received response. 
2024-11-17 19:29:52,196: neo4j_middleware.neo4jConnector: [neo4j_connector] Running query: MERGE(n22835:ts20201130T174446:SecondaryNode:IfcLocalPlacement {p21_id:22835, En...
2024-11-17 19:29:52,242: neo4j_middleware.neo4jConnector: [neo4j_connector] Query delta: <neo4j._sync.work.result.Result object at 0x0000029FD4CCE550>
2024-11-17 19:29:52,274: neo4j_middleware.neo4jConnector: [neo4j_connector] Received response. 
2024-11-17 19:29:52,341: neo4j_middleware.neo4jConnector: [neo4j_connector] Running query: MERGE(n22832:ts20201130T174446:SecondaryNode:IfcCartesianPoint {Coordinates:"(0....
2024-11-17 19:29:52,376: neo4j_middleware.neo4jConnector: [neo4j_connector] Query delta: <neo4j._sync.work.result.Result object at 0x0000029FD4CCFC10>
2024-11-17 19:29:52,423: neo4j_middleware.neo4jConnector: [neo4j_connector] Received response. 
2024-11-17 19:29:52,486: neo4j_middleware.neo4jConnector: [neo4j_connector] Running query: MERGE(n22828:ts20201130T174446:SecondaryNode:IfcCartesianPoint {Coordinates:"(0....
2024-11-17 19:29:52,533: neo4j_middleware.neo4jConnector: [neo4j_connector] Query delta: <neo4j._sync.work.result.Result object at 0x0000029FD4CD6F10>
2024-11-17 19:29:52,565: neo4j_middleware.neo4jConnector: [neo4j_connector] Received response. 
2024-11-17 19:29:52,627: neo4j_middleware.neo4jConnector: [neo4j_connector] Running query: MERGE(n22824:ts20201130T174446:SecondaryNode:IfcShapeRepresentation {Representat...
2024-11-17 19:29:52,690: neo4j_middleware.neo4jConnector: [neo4j_connector] Query delta: <neo4j._sync.work.result.Result object at 0x0000029FD4CCDA00>
2024-11-17 19:29:52,717: neo4j_middleware.neo4jConnector: [neo4j_connector] Received response. 
2024-11-17 19:29:52,788: neo4j_middleware.neo4jConnector: [neo4j_connector] Running query: MERGE(n22820:ts20201130T174446:PrimaryNode:IfcPlate {GlobalId:"1s5utE$rDDfRKgzV6...
2024-11-17 19:29:52,840: neo4j_middleware.neo4jConnector: [neo4j_connector] Query delta: <neo4j._sync.work.result.Result object at 0x0000029FD4CD6F70>
2024-11-17 19:29:52,863: neo4j_middleware.neo4jConnector: [neo4j_connector] Received response. 
2024-11-17 19:29:52,934: neo4j_middleware.neo4jConnector: [neo4j_connector] Running query: MERGE(n22818:ts20201130T174446:SecondaryNode:IfcAxis2Placement3D {p21_id:22818, ...
2024-11-17 19:29:53,004: neo4j_middleware.neo4jConnector: [neo4j_connector] Query delta: <neo4j._sync.work.result.Result object at 0x0000029FD4CD9820>
2024-11-17 19:29:53,044: neo4j_middleware.neo4jConnector: [neo4j_connector] Received response. 
2024-11-17 19:29:53,127: neo4j_middleware.neo4jConnector: [neo4j_connector] Running query: MERGE(n25096:ts20201130T174446:SecondaryNode:IfcExtrudedAreaSolid {Depth:0.1, p2...
2024-11-17 19:29:53,198: neo4j_middleware.neo4jConnector: [neo4j_connector] Query delta: <neo4j._sync.work.result.Result object at 0x0000029FD52430D0>
2024-11-17 19:29:53,231: neo4j_middleware.neo4jConnector: [neo4j_connector] Received response. 
2024-11-17 19:29:53,293: neo4j_middleware.neo4jConnector: [neo4j_connector] Running query: MERGE(n22814:ts20201130T174446:SecondaryNode:IfcAxis2Placement3D {p21_id:22814, ...
2024-11-17 19:29:53,340: neo4j_middleware.neo4jConnector: [neo4j_connector] Query delta: <neo4j._sync.work.result.Result object at 0x0000029FD4CCE430>
2024-11-17 19:29:53,387: neo4j_middleware.neo4jConnector: [neo4j_connector] Received response. 
2024-11-17 19:29:53,456: neo4j_middleware.neo4jConnector: [neo4j_connector] Running query: MERGE(n22810:ts20201130T174446:SecondaryNode:IfcProductDefinitionShape {Name:"No...
2024-11-17 19:29:53,514: neo4j_middleware.neo4jConnector: [neo4j_connector] Query delta: <neo4j._sync.work.result.Result object at 0x0000029FD4CEB790>
2024-11-17 19:29:53,546: neo4j_middleware.neo4jConnector: [neo4j_connector] Received response. 
2024-11-17 19:29:53,608: neo4j_middleware.neo4jConnector: [neo4j_connector] Running query: MERGE(n22807:ts20201130T174446:SecondaryNode:IfcMappedItem {p21_id:22807, Entity...
2024-11-17 19:29:53,657: neo4j_middleware.neo4jConnector: [neo4j_connector] Query delta: <neo4j._sync.work.result.Result object at 0x0000029FD4CD9F40>
2024-11-17 19:29:53,703: neo4j_middleware.neo4jConnector: [neo4j_connector] Received response. 
2024-11-17 19:29:53,775: neo4j_middleware.neo4jConnector: [neo4j_connector] Running query: MERGE(n22803:ts20201130T174446:SecondaryNode:IfcLocalPlacement {p21_id:22803, En...
2024-11-17 19:29:53,827: neo4j_middleware.neo4jConnector: [neo4j_connector] Query delta: <neo4j._sync.work.result.Result object at 0x0000029FD524DC70>
2024-11-17 19:29:53,858: neo4j_middleware.neo4jConnector: [neo4j_connector] Received response. 
2024-11-17 19:29:53,920: neo4j_middleware.neo4jConnector: [neo4j_connector] Running query: MERGE(n22802:ts20201130T174446:SecondaryNode:IfcAxis2Placement3D {p21_id:22802, ...
2024-11-17 19:29:53,968: neo4j_middleware.neo4jConnector: [neo4j_connector] Query delta: <neo4j._sync.work.result.Result object at 0x0000029FD4CD6AF0>
2024-11-17 19:29:53,999: neo4j_middleware.neo4jConnector: [neo4j_connector] Received response. 
2024-11-17 19:29:54,062: neo4j_middleware.neo4jConnector: [neo4j_connector] Running query: MERGE(n22794:ts20201130T174446:SecondaryNode:IfcProductDefinitionShape {Name:"No...
2024-11-17 19:29:54,124: neo4j_middleware.neo4jConnector: [neo4j_connector] Query delta: <neo4j._sync.work.result.Result object at 0x0000029FD5258070>
2024-11-17 19:29:54,159: neo4j_middleware.neo4jConnector: [neo4j_connector] Received response. 
2024-11-17 19:29:54,219: neo4j_middleware.neo4jConnector: [neo4j_connector] Running query: MERGE(n22792:ts20201130T174446:SecondaryNode:IfcShapeRepresentation {Representat...
2024-11-17 19:29:54,266: neo4j_middleware.neo4jConnector: [neo4j_connector] Query delta: <neo4j._sync.work.result.Result object at 0x0000029FD4C716A0>
2024-11-17 19:29:54,307: neo4j_middleware.neo4jConnector: [neo4j_connector] Received response. 
2024-11-17 19:29:54,371: neo4j_middleware.neo4jConnector: [neo4j_connector] Running query: MERGE(n22788:ts20201130T174446:PrimaryNode:IfcPlate {GlobalId:"1s5utE$rDDfRKgzV6...
2024-11-17 19:29:54,433: neo4j_middleware.neo4jConnector: [neo4j_connector] Query delta: <neo4j._sync.work.result.Result object at 0x0000029FD5239F10>
2024-11-17 19:29:54,465: neo4j_middleware.neo4jConnector: [neo4j_connector] Received response. 
2024-11-17 19:29:54,528: neo4j_middleware.neo4jConnector: [neo4j_connector] Running query: MERGE(n22784:ts20201130T174446:SecondaryNode:IfcCartesianPoint {Coordinates:"(2....
2024-11-17 19:29:54,575: neo4j_middleware.neo4jConnector: [neo4j_connector] Query delta: <neo4j._sync.work.result.Result object at 0x0000029FD5258250>
2024-11-17 19:29:54,606: neo4j_middleware.neo4jConnector: [neo4j_connector] Received response. 
2024-11-17 19:29:54,670: neo4j_middleware.neo4jConnector: [neo4j_connector] Running query: MERGE(n25099:ts20201130T174446:SecondaryNode:IfcProductDefinitionShape {Name:"No...
2024-11-17 19:29:54,717: neo4j_middleware.neo4jConnector: [neo4j_connector] Query delta: <neo4j._sync.work.result.Result object at 0x0000029FD4CD9460>
2024-11-17 19:29:54,748: neo4j_middleware.neo4jConnector: [neo4j_connector] Received response. 
2024-11-17 19:29:54,811: neo4j_middleware.neo4jConnector: [neo4j_connector] Running query: MERGE(n22782:ts20201130T174446:SecondaryNode:IfcAxis2Placement3D {p21_id:22782, ...
2024-11-17 19:29:54,861: neo4j_middleware.neo4jConnector: [neo4j_connector] Query delta: <neo4j._sync.work.result.Result object at 0x0000029FD4CD6BB0>
2024-11-17 19:29:54,905: neo4j_middleware.neo4jConnector: [neo4j_connector] Received response. 
2024-11-17 19:29:54,961: neo4j_middleware.neo4jConnector: [neo4j_connector] Running query: MERGE(n22780:ts20201130T174446:SecondaryNode:IfcCartesianPoint {Coordinates:"(2....
2024-11-17 19:29:55,015: neo4j_middleware.neo4jConnector: [neo4j_connector] Query delta: <neo4j._sync.work.result.Result object at 0x0000029FD4CD6910>
2024-11-17 19:29:55,031: neo4j_middleware.neo4jConnector: [neo4j_connector] Received response. 
2024-11-17 19:29:55,111: neo4j_middleware.neo4jConnector: [neo4j_connector] Running query: MERGE(n22762:ts20201130T174446:SecondaryNode:IfcProductDefinitionShape {Name:"No...
2024-11-17 19:29:55,176: neo4j_middleware.neo4jConnector: [neo4j_connector] Query delta: <neo4j._sync.work.result.Result object at 0x0000029FD5258070>
2024-11-17 19:29:55,209: neo4j_middleware.neo4jConnector: [neo4j_connector] Received response. 
2024-11-17 19:29:55,261: neo4j_middleware.neo4jConnector: [neo4j_connector] Running query: MERGE(n22759:ts20201130T174446:SecondaryNode:IfcMappedItem {p21_id:22759, Entity...
2024-11-17 19:29:55,318: neo4j_middleware.neo4jConnector: [neo4j_connector] Query delta: <neo4j._sync.work.result.Result object at 0x0000029FCD9FA550>
2024-11-17 19:29:55,357: neo4j_middleware.neo4jConnector: [neo4j_connector] Received response. 
2024-11-17 19:29:55,410: neo4j_middleware.neo4jConnector: [neo4j_connector] Running query: MERGE(n22754:ts20201130T174446:SecondaryNode:IfcPropertySet {GlobalId:"3w21sw63X...
2024-11-17 19:29:55,473: neo4j_middleware.neo4jConnector: [neo4j_connector] Query delta: <neo4j._sync.work.result.Result object at 0x0000029FD5239D60>
2024-11-17 19:29:55,520: neo4j_middleware.neo4jConnector: [neo4j_connector] Received response. 
2024-11-17 19:29:55,567: neo4j_middleware.neo4jConnector: [neo4j_connector] Running query: MERGE(n22752:ts20201130T174446:SecondaryNode:IfcPropertySet {GlobalId:"29kGyYdTv...
2024-11-17 19:29:55,662: neo4j_middleware.neo4jConnector: [neo4j_connector] Query delta: <neo4j._sync.work.result.Result object at 0x0000029FD4CCEAF0>
2024-11-17 19:29:55,693: neo4j_middleware.neo4jConnector: [neo4j_connector] Received response. 
2024-11-17 19:29:55,771: neo4j_middleware.neo4jConnector: [neo4j_connector] Running query: MERGE(n22747:ts20201130T174446:SecondaryNode:IfcLocalPlacement {p21_id:22747, En...
2024-11-17 19:29:55,850: neo4j_middleware.neo4jConnector: [neo4j_connector] Query delta: <neo4j._sync.work.result.Result object at 0x0000029FD4CD9EE0>
2024-11-17 19:29:55,898: neo4j_middleware.neo4jConnector: [neo4j_connector] Received response. 
2024-11-17 19:29:55,963: neo4j_middleware.neo4jConnector: [neo4j_connector] Running query: MERGE(n22744:ts20201130T174446:SecondaryNode:IfcCartesianPoint {Coordinates:"(-1...
2024-11-17 19:29:56,020: neo4j_middleware.neo4jConnector: [neo4j_connector] Query delta: <neo4j._sync.work.result.Result object at 0x0000029FD4CCDD60>
2024-11-17 19:29:56,055: neo4j_middleware.neo4jConnector: [neo4j_connector] Received response. 
2024-11-17 19:29:56,120: neo4j_middleware.neo4jConnector: [neo4j_connector] Running query: MERGE(n22736:ts20201130T174446:SecondaryNode:IfcShapeRepresentation {Representat...
2024-11-17 19:29:56,177: neo4j_middleware.neo4jConnector: [neo4j_connector] Query delta: <neo4j._sync.work.result.Result object at 0x0000029FD4CD9FA0>
2024-11-17 19:29:56,197: neo4j_middleware.neo4jConnector: [neo4j_connector] Received response. 
2024-11-17 19:29:56,263: neo4j_middleware.neo4jConnector: [neo4j_connector] Running query: MERGE(n22732:ts20201130T174446:PrimaryNode:IfcPlateType {GlobalId:"18B5XxQm59XwA...
2024-11-17 19:29:56,323: neo4j_middleware.neo4jConnector: [neo4j_connector] Query delta: <neo4j._sync.work.result.Result object at 0x0000029FD52580D0>
2024-11-17 19:29:56,354: neo4j_middleware.neo4jConnector: [neo4j_connector] Received response. 
2024-11-17 19:29:56,402: neo4j_middleware.neo4jConnector: [neo4j_connector] Running query: MERGE(n22728:ts20201130T174446:SecondaryNode:IfcShapeRepresentation {Representat...
2024-11-17 19:29:56,463: neo4j_middleware.neo4jConnector: [neo4j_connector] Query delta: <neo4j._sync.work.result.Result object at 0x0000029FD5243FD0>
2024-11-17 19:29:56,487: neo4j_middleware.neo4jConnector: [neo4j_connector] Received response. 
2024-11-17 19:29:56,549: neo4j_middleware.neo4jConnector: [neo4j_connector] Running query: MERGE(n22724:ts20201130T174446:SecondaryNode:IfcExtrudedAreaSolid {Depth:0.93333...
2024-11-17 19:29:56,612: neo4j_middleware.neo4jConnector: [neo4j_connector] Query delta: <neo4j._sync.work.result.Result object at 0x0000029FCD9FA550>
2024-11-17 19:29:56,644: neo4j_middleware.neo4jConnector: [neo4j_connector] Received response. 
2024-11-17 19:29:56,691: neo4j_middleware.neo4jConnector: [neo4j_connector] Running query: MERGE(n22722:ts20201130T174446:SecondaryNode:IfcRectangleProfileDef {ProfileType...
2024-11-17 19:29:56,767: neo4j_middleware.neo4jConnector: [neo4j_connector] Query delta: <neo4j._sync.work.result.Result object at 0x0000029FD4C4DF10>
2024-11-17 19:29:56,800: neo4j_middleware.neo4jConnector: [neo4j_connector] Received response. 
2024-11-17 19:29:56,859: neo4j_middleware.neo4jConnector: [neo4j_connector] Running query: MERGE(n22721:ts20201130T174446:SecondaryNode:IfcAxis2Placement2D {p21_id:22721, ...
2024-11-17 19:29:56,913: neo4j_middleware.neo4jConnector: [neo4j_connector] Query delta: <neo4j._sync.work.result.Result object at 0x0000029FD5258910>
2024-11-17 19:29:56,947: neo4j_middleware.neo4jConnector: [neo4j_connector] Received response. 
2024-11-17 19:29:56,997: neo4j_middleware.neo4jConnector: [neo4j_connector] Running query: MERGE(n25104:ts20201130T174446:SecondaryNode:IfcLocalPlacement {p21_id:25104, En...
2024-11-17 19:29:57,065: neo4j_middleware.neo4jConnector: [neo4j_connector] Query delta: <neo4j._sync.work.result.Result object at 0x0000029FCE26ADF0>
2024-11-17 19:29:57,091: neo4j_middleware.neo4jConnector: [neo4j_connector] Received response. 
2024-11-17 19:29:57,154: neo4j_middleware.neo4jConnector: [neo4j_connector] Running query: MERGE(n22717:ts20201130T174446:SecondaryNode:IfcAxis2Placement3D {p21_id:22717, ...
2024-11-17 19:29:57,201: neo4j_middleware.neo4jConnector: [neo4j_connector] Query delta: <neo4j._sync.work.result.Result object at 0x0000029FD4CD9BE0>
2024-11-17 19:29:57,232: neo4j_middleware.neo4jConnector: [neo4j_connector] Received response. 
2024-11-17 19:29:57,296: neo4j_middleware.neo4jConnector: [neo4j_connector] Running query: MERGE(n22709:ts20201130T174446:SecondaryNode:IfcPropertySingleValue {Name:"Therm...
2024-11-17 19:29:57,358: neo4j_middleware.neo4jConnector: [neo4j_connector] Query delta: <neo4j._sync.work.result.Result object at 0x0000029FD52589D0>
2024-11-17 19:29:57,390: neo4j_middleware.neo4jConnector: [neo4j_connector] Received response. 
2024-11-17 19:29:57,452: neo4j_middleware.neo4jConnector: [neo4j_connector] Running query: MERGE(n22705:ts20201130T174446:PrimaryNode:IfcPlate {GlobalId:"1s5utE$rDDfRKgzV6...
2024-11-17 19:29:57,509: neo4j_middleware.neo4jConnector: [neo4j_connector] Query delta: <neo4j._sync.work.result.Result object at 0x0000029FD524DAF0>
2024-11-17 19:29:57,544: neo4j_middleware.neo4jConnector: [neo4j_connector] Received response. 
2024-11-17 19:29:57,610: neo4j_middleware.neo4jConnector: [neo4j_connector] Running query: MERGE(n22703:ts20201130T174446:SecondaryNode:IfcLocalPlacement {p21_id:22703, En...
2024-11-17 19:29:57,677: neo4j_middleware.neo4jConnector: [neo4j_connector] Query delta: <neo4j._sync.work.result.Result object at 0x0000029FD5239970>
2024-11-17 19:29:57,703: neo4j_middleware.neo4jConnector: [neo4j_connector] Received response. 
2024-11-17 19:29:57,766: neo4j_middleware.neo4jConnector: [neo4j_connector] Running query: MERGE(n22702:ts20201130T174446:SecondaryNode:IfcAxis2Placement3D {p21_id:22702, ...
2024-11-17 19:29:57,835: neo4j_middleware.neo4jConnector: [neo4j_connector] Query delta: <neo4j._sync.work.result.Result object at 0x0000029FD4CCEDF0>
2024-11-17 19:29:57,870: neo4j_middleware.neo4jConnector: [neo4j_connector] Received response. 
2024-11-17 19:29:57,935: neo4j_middleware.neo4jConnector: [neo4j_connector] Running query: MERGE(n22698:ts20201130T174446:SecondaryNode:IfcAxis2Placement3D {p21_id:22698, ...
2024-11-17 19:29:57,989: neo4j_middleware.neo4jConnector: [neo4j_connector] Query delta: <neo4j._sync.work.result.Result object at 0x0000029FD5258C40>
2024-11-17 19:29:58,022: neo4j_middleware.neo4jConnector: [neo4j_connector] Received response. 
2024-11-17 19:29:58,108: neo4j_middleware.neo4jConnector: [neo4j_connector] Running query: MERGE(n22694:ts20201130T174446:SecondaryNode:IfcProductDefinitionShape {Name:"No...
2024-11-17 19:29:58,167: neo4j_middleware.neo4jConnector: [neo4j_connector] Query delta: <neo4j._sync.work.result.Result object at 0x0000029FD4CD6E50>
2024-11-17 19:29:58,193: neo4j_middleware.neo4jConnector: [neo4j_connector] Received response. 
2024-11-17 19:29:58,255: neo4j_middleware.neo4jConnector: [neo4j_connector] Running query: MERGE(n22692:ts20201130T174446:SecondaryNode:IfcShapeRepresentation {Representat...
2024-11-17 19:29:58,318: neo4j_middleware.neo4jConnector: [neo4j_connector] Query delta: <neo4j._sync.work.result.Result object at 0x0000029FD52589D0>
2024-11-17 19:29:58,350: neo4j_middleware.neo4jConnector: [neo4j_connector] Received response. 
2024-11-17 19:29:58,418: neo4j_middleware.neo4jConnector: [neo4j_connector] Running query: MERGE(n22690:ts20201130T174446:SecondaryNode:IfcMappedItem {p21_id:22690, Entity...
2024-11-17 19:29:58,465: neo4j_middleware.neo4jConnector: [neo4j_connector] Query delta: <neo4j._sync.work.result.Result object at 0x0000029FD4CCE2B0>
2024-11-17 19:29:58,494: neo4j_middleware.neo4jConnector: [neo4j_connector] Received response. 
2024-11-17 19:29:58,559: neo4j_middleware.neo4jConnector: [neo4j_connector] Running query: MERGE(n22687:ts20201130T174446:SecondaryNode:IfcMaterialDefinitionRepresentation...
2024-11-17 19:29:58,621: neo4j_middleware.neo4jConnector: [neo4j_connector] Query delta: <neo4j._sync.work.result.Result object at 0x0000029FD524DCA0>
2024-11-17 19:29:58,647: neo4j_middleware.neo4jConnector: [neo4j_connector] Received response. 
2024-11-17 19:29:58,703: neo4j_middleware.neo4jConnector: [neo4j_connector] Running query: MERGE(n22683:ts20201130T174446:SecondaryNode:IfcStyledItem {Name:"None", p21_id:...
2024-11-17 19:29:58,757: neo4j_middleware.neo4jConnector: [neo4j_connector] Query delta: <neo4j._sync.work.result.Result object at 0x0000029FD5239970>
2024-11-17 19:29:58,781: neo4j_middleware.neo4jConnector: [neo4j_connector] Received response. 
2024-11-17 19:29:58,859: neo4j_middleware.neo4jConnector: [neo4j_connector] Running query: MERGE(n22677:ts20201130T174446:SecondaryNode:IfcRepresentationMap {p21_id:22677,...
2024-11-17 19:29:58,922: neo4j_middleware.neo4jConnector: [neo4j_connector] Query delta: <neo4j._sync.work.result.Result object at 0x0000029FD5243970>
2024-11-17 19:29:58,969: neo4j_middleware.neo4jConnector: [neo4j_connector] Received response. 
2024-11-17 19:29:59,016: neo4j_middleware.neo4jConnector: [neo4j_connector] Running query: MERGE(n22669:ts20201130T174446:SecondaryNode:IfcPresentationStyleAssignment {p21...
2024-11-17 19:29:59,085: neo4j_middleware.neo4jConnector: [neo4j_connector] Query delta: <neo4j._sync.work.result.Result object at 0x0000029FD523D190>
2024-11-17 19:29:59,116: neo4j_middleware.neo4jConnector: [neo4j_connector] Received response. 
2024-11-17 19:29:59,169: neo4j_middleware.neo4jConnector: [neo4j_connector] Running query: MERGE(n22665:ts20201130T174446:SecondaryNode:IfcColourRgb {Name:"None", Red:0.0,...
2024-11-17 19:29:59,226: neo4j_middleware.neo4jConnector: [neo4j_connector] Query delta: <neo4j._sync.work.result.Result object at 0x0000029FD4CD9E20>
2024-11-17 19:29:59,241: neo4j_middleware.neo4jConnector: [neo4j_connector] Received response. 
2024-11-17 19:29:59,305: neo4j_middleware.neo4jConnector: [neo4j_connector] Running query: MERGE(n22664:ts20201130T174446:SecondaryNode:IfcExtrudedAreaSolid {Depth:0.93333...
2024-11-17 19:29:59,369: neo4j_middleware.neo4jConnector: [neo4j_connector] Query delta: <neo4j._sync.work.result.Result object at 0x0000029FD5258CA0>
2024-11-17 19:29:59,399: neo4j_middleware.neo4jConnector: [neo4j_connector] Received response. 
2024-11-17 19:29:59,462: neo4j_middleware.neo4jConnector: [neo4j_connector] Running query: MERGE(n22662:ts20201130T174446:SecondaryNode:IfcRectangleProfileDef {ProfileType...
2024-11-17 19:29:59,525: neo4j_middleware.neo4jConnector: [neo4j_connector] Query delta: <neo4j._sync.work.result.Result object at 0x0000029FD4CCEFA0>
2024-11-17 19:29:59,556: neo4j_middleware.neo4jConnector: [neo4j_connector] Received response. 
2024-11-17 19:29:59,615: neo4j_middleware.neo4jConnector: [neo4j_connector] Running query: MERGE(n22657:ts20201130T174446:SecondaryNode:IfcAxis2Placement3D {p21_id:22657, ...
2024-11-17 19:29:59,677: neo4j_middleware.neo4jConnector: [neo4j_connector] Query delta: <neo4j._sync.work.result.Result object at 0x0000029FD4CEB340>
2024-11-17 19:29:59,708: neo4j_middleware.neo4jConnector: [neo4j_connector] Received response. 
2024-11-17 19:29:59,770: neo4j_middleware.neo4jConnector: [neo4j_connector] Running query: MERGE(n22654:ts20201130T174446:SecondaryNode:IfcLocalPlacement {p21_id:22654, En...
2024-11-17 19:29:59,817: neo4j_middleware.neo4jConnector: [neo4j_connector] Query delta: <neo4j._sync.work.result.Result object at 0x0000029FD5239C10>
2024-11-17 19:29:59,864: neo4j_middleware.neo4jConnector: [neo4j_connector] Received response. 
2024-11-17 19:29:59,927: neo4j_middleware.neo4jConnector: [neo4j_connector] Running query: MERGE(n22647:ts20201130T174446:SecondaryNode:IfcPropertySet {GlobalId:"3d_uE3gDP...
2024-11-17 19:29:59,974: neo4j_middleware.neo4jConnector: [neo4j_connector] Query delta: <neo4j._sync.work.result.Result object at 0x0000029FD5243DF0>
2024-11-17 19:30:00,021: neo4j_middleware.neo4jConnector: [neo4j_connector] Received response. 
2024-11-17 19:30:00,072: neo4j_middleware.neo4jConnector: [neo4j_connector] Running query: MERGE(n22645:ts20201130T174446:SecondaryNode:IfcPropertySet {GlobalId:"18LFFwKLr...
2024-11-17 19:30:00,137: neo4j_middleware.neo4jConnector: [neo4j_connector] Query delta: <neo4j._sync.work.result.Result object at 0x0000029FD4CCEDF0>
2024-11-17 19:30:00,155: neo4j_middleware.neo4jConnector: [neo4j_connector] Received response. 
2024-11-17 19:30:00,218: neo4j_middleware.neo4jConnector: [neo4j_connector] Running query: MERGE(n22639:ts20201130T174446:ConnectionNode:IfcRelDefinesByProperties {GlobalI...
2024-11-17 19:30:00,282: neo4j_middleware.neo4jConnector: [neo4j_connector] Query delta: <neo4j._sync.work.result.Result object at 0x0000029FD4CD9F40>
2024-11-17 19:30:00,313: neo4j_middleware.neo4jConnector: [neo4j_connector] Received response. 
2024-11-17 19:30:00,391: neo4j_middleware.neo4jConnector: [neo4j_connector] Running query: MERGE(n22632:ts20201130T174446:ConnectionNode:IfcRelDefinesByProperties {GlobalI...
2024-11-17 19:30:00,470: neo4j_middleware.neo4jConnector: [neo4j_connector] Query delta: <neo4j._sync.work.result.Result object at 0x0000029FD523D8E0>
2024-11-17 19:30:00,502: neo4j_middleware.neo4jConnector: [neo4j_connector] Received response. 
2024-11-17 19:30:00,564: neo4j_middleware.neo4jConnector: [neo4j_connector] Running query: MERGE(n22628:ts20201130T174446:SecondaryNode:IfcPropertySet {GlobalId:"1q_odae4P...
2024-11-17 19:30:00,643: neo4j_middleware.neo4jConnector: [neo4j_connector] Query delta: <neo4j._sync.work.result.Result object at 0x0000029FD4CCFB50>
2024-11-17 19:30:00,673: neo4j_middleware.neo4jConnector: [neo4j_connector] Received response. 
2024-11-17 19:30:00,731: neo4j_middleware.neo4jConnector: [neo4j_connector] Running query: MERGE(n22624:ts20201130T174446:SecondaryNode:IfcMaterialLayerSetUsage {LayerSetD...
2024-11-17 19:30:00,794: neo4j_middleware.neo4jConnector: [neo4j_connector] Query delta: <neo4j._sync.work.result.Result object at 0x0000029FD4CEB430>
2024-11-17 19:30:00,825: neo4j_middleware.neo4jConnector: [neo4j_connector] Received response. 
2024-11-17 19:30:00,888: neo4j_middleware.neo4jConnector: [neo4j_connector] Running query: MERGE(n22620:ts20201130T174446:PrimaryNode:IfcSlab {GlobalId:"1s5utE$rDDfRKgzV6j...
2024-11-17 19:30:00,951: neo4j_middleware.neo4jConnector: [neo4j_connector] Query delta: <neo4j._sync.work.result.Result object at 0x0000029FD524DDF0>
2024-11-17 19:30:00,988: neo4j_middleware.neo4jConnector: [neo4j_connector] Received response. 
2024-11-17 19:30:01,051: neo4j_middleware.neo4jConnector: [neo4j_connector] Running query: MERGE(n22613:ts20201130T174446:SecondaryNode:IfcStyledItem {Name:"None", p21_id:...
2024-11-17 19:30:01,098: neo4j_middleware.neo4jConnector: [neo4j_connector] Query delta: <neo4j._sync.work.result.Result object at 0x0000029FD4CD9BB0>
2024-11-17 19:30:01,130: neo4j_middleware.neo4jConnector: [neo4j_connector] Received response. 
2024-11-17 19:30:01,203: neo4j_middleware.neo4jConnector: [neo4j_connector] Running query: MERGE(n22609:ts20201130T174446:SecondaryNode:IfcCartesianPoint {Coordinates:"(-0...
2024-11-17 19:30:01,265: neo4j_middleware.neo4jConnector: [neo4j_connector] Query delta: <neo4j._sync.work.result.Result object at 0x0000029FD5258D90>
2024-11-17 19:30:01,297: neo4j_middleware.neo4jConnector: [neo4j_connector] Received response. 
2024-11-17 19:30:01,375: neo4j_middleware.neo4jConnector: [neo4j_connector] Running query: MERGE(n22607:ts20201130T174446:SecondaryNode:IfcAxis2Placement2D {p21_id:22607, ...
2024-11-17 19:30:01,426: neo4j_middleware.neo4jConnector: [neo4j_connector] Query delta: <neo4j._sync.work.result.Result object at 0x0000029FD4C5C1F0>
2024-11-17 19:30:01,458: neo4j_middleware.neo4jConnector: [neo4j_connector] Received response. 
2024-11-17 19:30:01,521: neo4j_middleware.neo4jConnector: [neo4j_connector] Running query: MERGE(n22605:ts20201130T174446:SecondaryNode:IfcCartesianPoint {Coordinates:"(0....
2024-11-17 19:30:01,576: neo4j_middleware.neo4jConnector: [neo4j_connector] Query delta: <neo4j._sync.work.result.Result object at 0x0000029FD5258A30>
2024-11-17 19:30:01,615: neo4j_middleware.neo4jConnector: [neo4j_connector] Received response. 
2024-11-17 19:30:01,677: neo4j_middleware.neo4jConnector: [neo4j_connector] Running query: MERGE(n22594:ts20201130T174446:SecondaryNode:IfcPropertySet {GlobalId:"0wQknZQiX...
2024-11-17 19:30:01,739: neo4j_middleware.neo4jConnector: [neo4j_connector] Query delta: <neo4j._sync.work.result.Result object at 0x0000029FD4CCFD30>
2024-11-17 19:30:01,771: neo4j_middleware.neo4jConnector: [neo4j_connector] Received response. 
2024-11-17 19:30:01,834: neo4j_middleware.neo4jConnector: [neo4j_connector] Running query: MERGE(n22592:ts20201130T174446:SecondaryNode:IfcPropertySet {GlobalId:"1lYfoOZAX...
2024-11-17 19:30:01,897: neo4j_middleware.neo4jConnector: [neo4j_connector] Query delta: <neo4j._sync.work.result.Result object at 0x0000029FD4CEB520>
2024-11-17 19:30:01,928: neo4j_middleware.neo4jConnector: [neo4j_connector] Received response. 
2024-11-17 19:30:02,022: neo4j_middleware.neo4jConnector: [neo4j_connector] Running query: MERGE(n22583:ts20201130T174446:ConnectionNode:IfcRelDefinesByProperties {GlobalI...
2024-11-17 19:30:02,078: neo4j_middleware.neo4jConnector: [neo4j_connector] Query delta: <neo4j._sync.work.result.Result object at 0x0000029FD52434F0>
2024-11-17 19:30:02,101: neo4j_middleware.neo4jConnector: [neo4j_connector] Received response. 
2024-11-17 19:30:02,163: neo4j_middleware.neo4jConnector: [neo4j_connector] Running query: MERGE(n22579:ts20201130T174446:ConnectionNode:IfcRelDefinesByProperties {GlobalI...
2024-11-17 19:30:02,226: neo4j_middleware.neo4jConnector: [neo4j_connector] Query delta: <neo4j._sync.work.result.Result object at 0x0000029FD524DE20>
2024-11-17 19:30:02,252: neo4j_middleware.neo4jConnector: [neo4j_connector] Received response. 
2024-11-17 19:30:02,330: neo4j_middleware.neo4jConnector: [neo4j_connector] Running query: MERGE(n22577:ts20201130T174446:SecondaryNode:IfcPropertySet {GlobalId:"1s5utE$rD...
2024-11-17 19:30:02,378: neo4j_middleware.neo4jConnector: [neo4j_connector] Query delta: <neo4j._sync.work.result.Result object at 0x0000029FD4CCFEE0>
2024-11-17 19:30:02,409: neo4j_middleware.neo4jConnector: [neo4j_connector] Received response. 
2024-11-17 19:30:02,479: neo4j_middleware.neo4jConnector: [neo4j_connector] Running query: MERGE(n22576:ts20201130T174446:SecondaryNode:IfcPropertySingleValue {Name:"Pitch...
2024-11-17 19:30:02,550: neo4j_middleware.neo4jConnector: [neo4j_connector] Query delta: <neo4j._sync.work.result.Result object at 0x0000029FCD9FA550>
2024-11-17 19:30:02,582: neo4j_middleware.neo4jConnector: [neo4j_connector] Received response. 
2024-11-17 19:30:02,642: neo4j_middleware.neo4jConnector: [neo4j_connector] Running query: MERGE(n22569:ts20201130T174446:SecondaryNode:IfcMaterialLayerSetUsage {LayerSetD...
2024-11-17 19:30:02,698: neo4j_middleware.neo4jConnector: [neo4j_connector] Query delta: <neo4j._sync.work.result.Result object at 0x0000029FD5258CA0>
2024-11-17 19:30:02,729: neo4j_middleware.neo4jConnector: [neo4j_connector] Received response. 
2024-11-17 19:30:02,802: neo4j_middleware.neo4jConnector: [neo4j_connector] Running query: MERGE(n22562:ts20201130T174446:SecondaryNode:IfcMaterialDefinitionRepresentation...
2024-11-17 19:30:02,865: neo4j_middleware.neo4jConnector: [neo4j_connector] Query delta: <neo4j._sync.work.result.Result object at 0x0000029FD4CD97F0>
2024-11-17 19:30:02,897: neo4j_middleware.neo4jConnector: [neo4j_connector] Received response. 
2024-11-17 19:30:02,959: neo4j_middleware.neo4jConnector: [neo4j_connector] Running query: MERGE(n22560:ts20201130T174446:SecondaryNode:IfcStyledRepresentation {Representa...
2024-11-17 19:30:03,038: neo4j_middleware.neo4jConnector: [neo4j_connector] Query delta: <neo4j._sync.work.result.Result object at 0x0000029FD524D6A0>
2024-11-17 19:30:03,069: neo4j_middleware.neo4jConnector: [neo4j_connector] Received response. 
2024-11-17 19:30:03,132: neo4j_middleware.neo4jConnector: [neo4j_connector] Running query: MERGE(n22554:ts20201130T174446:PrimaryNode:IfcSlabType {GlobalId:"0wQknZQiXEOBcv...
2024-11-17 19:30:03,210: neo4j_middleware.neo4jConnector: [neo4j_connector] Query delta: <neo4j._sync.work.result.Result object at 0x0000029FD4CCD9A0>
2024-11-17 19:30:03,245: neo4j_middleware.neo4jConnector: [neo4j_connector] Received response. 
2024-11-17 19:30:03,293: neo4j_middleware.neo4jConnector: [neo4j_connector] Running query: MERGE(n22549:ts20201130T174446:SecondaryNode:IfcProductDefinitionShape {Name:"No...
2024-11-17 19:30:03,353: neo4j_middleware.neo4jConnector: [neo4j_connector] Query delta: <neo4j._sync.work.result.Result object at 0x0000029FD4CEB8B0>
2024-11-17 19:30:03,384: neo4j_middleware.neo4jConnector: [neo4j_connector] Received response. 
2024-11-17 19:30:03,447: neo4j_middleware.neo4jConnector: [neo4j_connector] Running query: MERGE(n22547:ts20201130T174446:SecondaryNode:IfcShapeRepresentation {Representat...
2024-11-17 19:30:03,494: neo4j_middleware.neo4jConnector: [neo4j_connector] Query delta: <neo4j._sync.work.result.Result object at 0x0000029FD4CCF400>
2024-11-17 19:30:03,541: neo4j_middleware.neo4jConnector: [neo4j_connector] Received response. 
2024-11-17 19:30:03,604: neo4j_middleware.neo4jConnector: [neo4j_connector] Running query: MERGE(n22542:ts20201130T174446:SecondaryNode:IfcPresentationStyleAssignment {p21...
2024-11-17 19:30:03,651: neo4j_middleware.neo4jConnector: [neo4j_connector] Query delta: <neo4j._sync.work.result.Result object at 0x0000029FD4CCE070>
2024-11-17 19:30:03,699: neo4j_middleware.neo4jConnector: [neo4j_connector] Received response. 
2024-11-17 19:30:03,745: neo4j_middleware.neo4jConnector: [neo4j_connector] Running query: MERGE(n22539:ts20201130T174446:SecondaryNode:IfcSurfaceStyleRendering {Transpare...
2024-11-17 19:30:03,824: neo4j_middleware.neo4jConnector: [neo4j_connector] Query delta: <neo4j._sync.work.result.Result object at 0x0000029FD5258910>
2024-11-17 19:30:03,865: neo4j_middleware.neo4jConnector: [neo4j_connector] Received response. 
2024-11-17 19:30:03,928: neo4j_middleware.neo4jConnector: [neo4j_connector] Running query: MERGE(n22538:ts20201130T174446:SecondaryNode:IfcColourRgb {Name:"None", Red:0.83...
2024-11-17 19:30:03,991: neo4j_middleware.neo4jConnector: [neo4j_connector] Query delta: <neo4j._sync.work.result.Result object at 0x0000029FD4CD9A30>
2024-11-17 19:30:04,022: neo4j_middleware.neo4jConnector: [neo4j_connector] Received response. 
2024-11-17 19:30:04,085: neo4j_middleware.neo4jConnector: [neo4j_connector] Running query: MERGE(n22534:ts20201130T174446:SecondaryNode:IfcCartesianPoint {Coordinates:"(-0...
2024-11-17 19:30:04,151: neo4j_middleware.neo4jConnector: [neo4j_connector] Query delta: <neo4j._sync.work.result.Result object at 0x0000029FD524DAF0>
2024-11-17 19:30:04,186: neo4j_middleware.neo4jConnector: [neo4j_connector] Received response. 
2024-11-17 19:30:04,248: neo4j_middleware.neo4jConnector: [neo4j_connector] Running query: MERGE(n22532:ts20201130T174446:SecondaryNode:IfcAxis2Placement2D {p21_id:22532, ...
2024-11-17 19:30:04,302: neo4j_middleware.neo4jConnector: [neo4j_connector] Query delta: <neo4j._sync.work.result.Result object at 0x0000029FD4CCD2E0>
2024-11-17 19:30:04,328: neo4j_middleware.neo4jConnector: [neo4j_connector] Received response. 
2024-11-17 19:30:04,401: neo4j_middleware.neo4jConnector: [neo4j_connector] Running query: MERGE(n22530:ts20201130T174446:SecondaryNode:IfcCartesianPoint {Coordinates:"(0....
2024-11-17 19:30:04,448: neo4j_middleware.neo4jConnector: [neo4j_connector] Query delta: <neo4j._sync.work.result.Result object at 0x0000029FD524D6D0>
2024-11-17 19:30:04,482: neo4j_middleware.neo4jConnector: [neo4j_connector] Received response. 
2024-11-17 19:30:04,544: neo4j_middleware.neo4jConnector: [neo4j_connector] Running query: MERGE(n22528:ts20201130T174446:SecondaryNode:IfcAxis2Placement3D {p21_id:22528, ...
2024-11-17 19:30:04,607: neo4j_middleware.neo4jConnector: [neo4j_connector] Query delta: <neo4j._sync.work.result.Result object at 0x0000029FD4CD9550>
2024-11-17 19:30:04,638: neo4j_middleware.neo4jConnector: [neo4j_connector] Received response. 
2024-11-17 19:30:04,702: neo4j_middleware.neo4jConnector: [neo4j_connector] Running query: MERGE(n22520:ts20201130T174446:SecondaryNode:IfcPropertySet {GlobalId:"2x3Q2hpk5...
2024-11-17 19:30:04,764: neo4j_middleware.neo4jConnector: [neo4j_connector] Query delta: <neo4j._sync.work.result.Result object at 0x0000029FD5258820>
2024-11-17 19:30:04,795: neo4j_middleware.neo4jConnector: [neo4j_connector] Received response. 
